user_id,movie_id,rating,timestamp,user_idx,movie_idx
1,126,2,875071713,0,123
1,245,2,875071713,0,242
1,260,1,875071713,0,257
1,264,2,875071713,0,261
1,237,2,875071749,0,234
1,11,2,875072262,0,10
1,8,1,875072484,0,7
1,143,1,875072631,0,140
1,94,2,875072956,0,93
1,145,2,875073067,0,142
1,36,2,875073180,0,35
1,252,2,875240677,0,249
1,105,2,875240739,0,102
1,148,2,875240799,0,145
1,243,1,875241390,0,240
1,247,1,875241619,0,244
1,120,1,875241637,0,117
1,259,1,875692979,0,256
1,261,1,875692992,0,258
1,263,1,875693007,0,260
1,41,2,876892818,0,40
1,213,2,876892896,0,210
1,27,2,876892946,0,26
1,231,1,876893031,0,228
1,254,1,878541392,0,251
1,155,2,878542201,0,152
1,219,1,878542327,0,216
1,167,2,878542383,0,164
1,35,1,878542420,0,34
1,112,1,878542441,0,109
1,131,1,878542552,0,128
1,233,2,878542552,0,230
1,225,2,878542738,0,222
1,21,1,878542772,0,20
1,149,2,878542791,0,146
1,101,2,878542845,0,100
1,110,1,878542845,0,107
1,29,1,878542869,0,28
1,34,2,878542869,0,33
1,138,1,878543006,0,135
1,37,2,878543030,0,36
1,140,1,878543133,0,137
1,78,1,878543176,0,77
1,63,2,878543196,0,62
1,142,2,878543238,0,139
1,266,1,885345728,0,263
1,255,2,885345822,0,252
1,271,2,887431672,0,268
1,244,2,887431973,0,241
2,315,1,888550774,1,311
2,294,1,888551648,1,291
2,10,2,888551853,1,9
3,300,2,889236939,2,297
3,302,2,889236939,2,299
3,333,2,889236939,2,329
3,337,1,889236983,2,333
3,258,2,889237026,2,255
3,288,2,889237026,2,285
3,319,2,889237026,2,315
3,272,2,889237055,2,269
3,341,1,889237055,2,337
3,352,2,889237055,2,348
3,353,1,889237122,2,349
3,336,1,889237198,2,332
3,294,2,889237224,2,291
3,326,2,889237224,2,322
3,332,1,889237224,2,328
3,245,1,889237247,2,242
3,324,2,889237247,2,320
3,323,2,889237269,2,319
3,335,1,889237269,2,331
3,264,2,889237297,2,261
3,325,1,889237297,2,321
3,330,2,889237297,2,326
3,338,2,889237297,2,334
3,317,2,889237482,2,313
4,358,2,892004275,3,354
5,369,1,875635372,4,365
5,411,1,875635431,4,407
5,368,1,875635457,4,364
5,225,2,875635723,4,222
5,406,1,875635807,4,402
5,397,2,875635907,4,393
5,229,2,875635947,4,226
5,231,2,875635947,4,228
5,450,1,875635962,4,441
5,449,2,875636099,4,440
5,398,2,875636167,4,394
5,386,2,875636230,4,382
5,393,2,875636265,4,389
5,167,2,875636281,4,164
5,456,1,875636375,4,447
5,110,1,875636493,4,107
5,80,2,875636511,4,79
5,381,1,875636540,4,377
5,364,1,875636571,4,360
5,451,1,875636571,4,442
5,415,1,875636842,4,411
5,365,1,875637144,4,361
5,392,2,875637330,4,388
5,425,2,875637440,4,420
5,234,2,875720692,4,231
5,448,2,875720692,4,439
5,200,2,875720717,4,197
5,444,2,875720762,4,435
5,370,1,875720814,4,366
5,145,1,875720830,4,142
5,441,1,875720830,4,433
5,402,1,875720947,4,398
5,241,1,875720948,4,238
5,216,1,875720967,4,213
5,371,1,875720967,4,367
5,66,1,875721019,4,65
5,421,1,875721019,4,417
5,378,1,875721167,4,374
5,416,1,875721196,4,412
5,404,2,875721216,4,400
5,389,1,875721315,4,385
5,454,1,875721432,4,445
5,69,1,875721555,4,68
5,162,1,875721572,4,159
5,243,1,878844164,4,240
5,259,1,878844208,4,256
5,452,1,878844397,4,443
5,440,1,878844423,4,432
5,377,1,878844615,4,373
5,63,1,878844629,4,62
5,400,1,878844630,4,396
5,409,2,878844651,4,405
6,286,2,883268170,5,283
6,258,2,883268278,5,255
6,340,2,883268278,5,336
6,310,2,883268353,5,307
6,259,1,883268375,5,256
6,309,2,883268430,5,306
6,538,2,883268483,5,529
6,7,2,883599102,5,6
6,276,2,883599134,5,273
6,459,2,883599228,5,450
6,13,2,883599400,5,12
6,117,2,883599431,5,114
6,111,2,883599478,5,108
6,257,2,883599478,5,254
6,477,1,883599509,5,468
6,471,2,883599558,5,462
6,284,2,883599590,5,281
6,237,2,883599914,5,234
6,458,1,883599914,5,449
6,294,2,883599938,5,291
6,472,1,883600003,5,463
6,460,2,883600004,5,451
6,535,2,883600030,5,526
6,405,1,883600066,5,401
6,473,2,883600111,5,464
6,476,1,883600175,5,467
6,301,2,883600406,5,298
6,143,2,883601053,5,140
6,464,2,883601365,5,455
6,95,2,883602133,5,94
6,367,2,883602690,5,363
7,682,2,891350383,6,668
7,681,1,891350594,6,667
7,514,2,891351121,6,505
7,201,2,891351471,6,198
7,70,1,891352557,6,69
7,529,2,891352626,6,520
7,674,2,891352659,6,661
7,51,2,891352984,6,50
7,212,1,891353051,6,209
7,472,2,891353357,6,463
7,118,2,891353411,6,115
7,595,2,891353801,6,584
7,441,2,891354257,6,433
7,415,2,891354438,6,411
7,145,1,891354530,6,142
7,541,2,891354662,6,532
7,590,2,891354730,6,580
7,294,1,892130809,6,291
7,260,1,892130982,6,257
7,219,1,892131924,6,216
7,672,1,892131925,6,659
7,440,1,892131978,6,432
7,551,1,892131978,6,541
7,563,2,892131978,6,553
7,567,1,892132019,6,557
7,446,2,892132020,6,437
7,669,1,892132020,6,656
7,583,2,892132380,6,573
7,577,2,892133310,6,567
7,324,1,892135078,6,320
8,259,1,879361604,7,256
8,243,2,879361732,7,240
8,358,2,879361732,7,354
8,688,1,879361732,7,674
8,341,2,879361825,7,337
8,457,1,879361825,7,448
8,687,1,879361825,7,673
8,385,1,879362124,7,381
8,431,2,879362356,7,426
9,690,1,886959344,8,676
11,751,2,891902092,10,737
11,324,1,891902222,10,320
11,748,1,891902270,10,734
11,260,1,891902426,10,257
11,717,2,891902815,10,703
11,120,2,891903935,10,117
11,597,2,891904037,10,586
11,743,2,891904065,10,729
11,521,2,891904174,10,512
11,12,2,891904194,10,11
11,11,2,891904271,10,10
11,180,2,891904335,10,177
11,57,2,891904552,10,56
11,720,1,891904717,10,706
11,451,2,891905003,10,442
11,710,2,891905221,10,696
11,517,2,891905222,10,508
11,90,2,891905298,10,89
11,395,2,891905349,10,391
11,383,2,891905555,10,379
11,98,2,891905783,10,97
11,431,2,891905896,10,426
11,561,2,891905936,10,551
12,200,1,879959610,11,197
13,294,2,881514683,12,291
13,307,2,881514684,12,304
13,340,2,881514684,12,336
13,271,1,881514876,12,268
13,881,2,881514876,12,858
13,205,2,881515193,12,202
13,242,2,881515193,12,239
13,515,2,881515193,12,506
13,86,1,881515348,12,85
13,876,2,881515521,12,853
13,873,1,881515565,12,850
13,875,1,881515613,12,852
13,879,2,881515697,12,856
13,689,2,881515735,12,675
13,300,1,881515736,12,297
13,836,2,882139746,12,817
13,173,2,882139863,12,170
13,813,1,882139863,12,795
13,507,1,882140070,12,498
13,772,1,882140070,12,758
13,143,1,882140205,12,140
13,179,2,882140206,12,176
13,740,1,882140355,12,726
13,421,2,882140389,12,417
13,650,2,882140425,12,637
13,471,1,882140455,12,462
13,382,1,882140624,12,378
13,485,1,882140624,12,476
13,610,2,882140690,12,597
13,301,1,882140718,12,298
13,321,2,882140740,12,317
13,338,1,882140740,12,334
13,289,2,882140759,12,286
13,877,2,882140792,12,854
13,884,2,882140814,12,861
13,260,1,882140848,12,257
13,336,2,882140848,12,332
13,763,1,882141458,12,749
13,287,1,882141459,12,284
13,629,1,882141582,12,616
13,25,1,882141686,12,24
13,67,1,882141686,12,66
13,384,2,882141814,12,380
13,235,2,882141841,12,232
13,401,1,882141841,12,397
13,790,2,882141841,12,773
13,451,1,882141872,12,442
13,411,2,882141924,12,407
13,819,1,882141924,12,801
13,871,2,882141924,12,848
13,410,1,882141997,12,406
13,476,2,882141997,12,467
13,764,2,882141997,12,750
13,804,2,882141997,12,786
13,846,2,882141997,12,827
13,158,1,882142057,12,155
13,780,1,882142057,12,765
13,7,2,882396790,12,6
13,288,1,882396790,12,285
13,5,1,882396869,12,4
13,201,1,882396869,12,198
13,218,1,882396869,12,215
13,436,2,882396869,12,431
13,447,2,882396869,12,438
13,448,1,882396869,12,439
13,706,1,882396869,12,692
13,773,1,882396869,12,759
13,559,1,882396913,12,549
13,564,1,882396913,12,554
13,637,2,882396913,12,624
13,774,1,882396913,12,760
13,561,1,882396914,12,551
13,672,1,882396914,12,659
13,760,1,882396914,12,746
13,817,1,882396914,12,799
13,854,1,882396914,12,834
13,17,1,882396954,12,16
13,53,1,882396955,12,52
13,217,1,882396955,12,214
13,219,1,882396955,12,216
13,567,1,882396955,12,557
13,569,2,882396955,12,559
13,816,1,882396983,12,798
13,370,1,882396984,12,366
13,379,1,882396984,12,375
13,413,1,882396984,12,409
13,441,1,882396984,12,433
13,635,1,882396984,12,622
13,665,2,882396984,12,652
13,839,1,882396984,12,820
13,860,1,882396984,12,838
13,320,1,882397010,12,316
13,844,1,882397010,12,825
13,853,1,882397010,12,833
13,37,1,882397011,12,36
13,145,2,882397011,12,142
13,184,1,882397011,12,181
13,406,1,882397011,12,402
13,547,1,882397011,12,537
13,558,1,882397011,12,548
13,767,1,882397011,12,753
13,446,1,882397039,12,437
13,563,1,882397039,12,553
13,440,1,882397040,12,432
13,565,1,882397040,12,555
13,667,1,882397040,12,654
13,859,1,882397040,12,837
13,453,2,882397067,12,444
13,669,1,882397067,12,656
13,800,1,882397067,12,783
13,590,2,882397068,12,580
13,668,1,882397068,12,655
13,834,1,882397068,12,815
13,551,1,882397084,12,541
13,758,1,882397084,12,744
13,11,1,882397146,12,10
13,403,2,882397271,12,399
13,431,1,882397271,12,426
13,128,1,882397502,12,125
13,636,2,882397502,12,623
13,82,2,882397503,12,81
13,541,1,882397650,12,532
13,825,1,882397651,12,807
13,24,1,882397741,12,23
13,405,2,882397742,12,401
13,838,1,882397742,12,819
13,29,2,882397833,12,28
13,554,2,882397833,12,544
13,808,2,882397833,12,790
13,849,1,882397833,12,830
13,798,2,882397974,12,781
13,833,2,882397974,12,814
13,841,1,882398076,12,822
13,802,2,882398254,12,785
13,572,2,882398255,12,562
13,398,2,882398410,12,394
13,759,2,882398542,12,745
13,625,2,882398691,12,612
13,91,2,882398724,12,90
13,418,2,882398763,12,414
13,812,2,882398933,12,794
13,417,2,882398934,12,413
13,776,2,882398934,12,762
13,225,2,882399156,12,222
13,842,2,882399156,12,823
13,78,1,882399218,12,77
13,138,1,882399218,12,135
13,828,1,882399218,12,810
13,377,1,882399219,12,373
13,795,2,882399219,12,778
13,553,2,882399419,12,543
13,155,2,882399615,12,152
13,394,2,882399615,12,390
13,895,1,883670515,12,872
13,312,1,883670630,12,309
13,343,1,883670672,12,339
13,890,1,883670672,12,867
13,901,1,883670672,12,877
13,687,1,883670705,12,673
13,682,1,883670742,12,668
13,894,1,883670742,12,871
13,261,1,883670785,12,258
13,457,1,883670785,12,448
13,539,1,883670785,12,530
13,878,1,883670785,12,855
13,688,1,883670819,12,674
13,898,1,884538403,12,874
13,538,1,884538448,12,529
13,888,2,886261388,12,865
13,630,2,886302261,12,617
13,905,2,886302261,12,881
13,350,2,886302293,12,346
13,885,1,886302334,12,862
13,351,1,886302385,12,347
13,908,1,886302385,12,883
13,40,2,886302815,12,39
13,756,2,886302858,12,742
13,83,2,886303585,12,82
13,765,2,886303934,12,751
13,807,1,886304229,12,789
13,329,2,886952246,12,325
13,348,2,886952246,12,344
13,341,2,886952422,12,337
13,334,1,886952467,12,330
13,683,1,886952521,12,669
13,752,1,886952569,12,738
13,344,2,888073635,12,340
13,354,2,888779458,12,350
13,269,2,889292060,12,266
13,141,2,890705034,12,138
13,912,2,892014861,12,885
13,913,1,892014908,12,886
14,25,2,876965165,13,24
14,70,1,879119692,13,69
14,127,2,879644647,13,124
14,813,2,880929564,13,795
14,319,1,884482684,13,315
14,313,2,890880970,13,310
14,357,2,890881294,13,353
14,176,1,890881484,13,173
15,286,2,879455049,14,283
15,333,1,879455128,14,329
15,307,1,879455233,14,304
15,323,1,879455311,14,319
15,678,1,879455311,14,664
15,749,1,879455311,14,735
15,243,1,879455362,14,240
15,127,2,879455505,14,124
15,7,1,879455506,14,6
15,251,2,879455541,14,248
15,1,1,879455635,14,0
15,18,1,879455681,14,17
15,249,1,879455764,14,246
15,925,2,879455764,14,898
15,508,2,879455789,14,499
15,591,2,879455821,14,581
15,278,1,879455843,14,275
15,248,1,879455871,14,245
15,455,1,879455914,14,446
15,13,1,879455940,14,12
15,405,2,879455957,14,401
15,742,2,879456049,14,728
15,815,1,879456108,14,797
15,845,2,879456108,14,826
15,929,1,879456168,14,902
15,473,1,879456204,14,464
15,696,2,879456262,14,682
15,546,2,879456324,14,536
15,252,2,879456351,14,249
15,411,2,879456351,14,407
15,823,2,879456351,14,805
15,118,1,879456381,14,115
15,930,2,879456381,14,903
16,286,2,877716993,15,283
16,89,2,877717833,15,88
16,284,1,877719863,15,281
16,509,2,877720118,15,500
16,941,1,877720437,15,914
16,940,2,877721236,15,913
16,33,2,877722001,15,32
16,812,2,877723882,15,794
16,27,2,877726390,15,26
16,564,1,877726790,15,554
16,944,1,877727122,15,917
16,761,2,877727192,15,747
17,243,1,885166209,16,240
17,245,2,885166209,16,242
17,323,1,885166256,16,319
17,125,1,885272538,16,122
17,237,2,885272628,16,234
17,221,2,885272654,16,218
18,517,2,880129388,17,508
18,952,2,880130582,17,925
18,778,2,880131077,17,763
18,386,2,880131986,17,382
18,32,2,880132129,17,31
18,966,2,880132399,17,938
19,313,2,885411792,18,310
19,268,2,885412034,18,265
20,288,1,879667584,19,285
20,763,1,879668476,19,749
20,866,1,879668583,19,843
20,820,2,879668626,19,802
20,931,1,879668829,19,904
20,69,1,879668979,19,68
20,176,2,879669152,19,173
20,357,1,879669244,19,353
20,423,2,879669313,19,419
20,11,2,879669401,19,10
20,144,2,879669401,19,141
20,208,2,879669401,19,205
21,319,2,874950889,20,315
21,748,1,874950889,20,734
21,872,2,874950889,20,849
21,299,1,874950931,20,296
21,873,2,874950932,20,850
21,876,2,874950932,20,853
21,995,2,874950932,20,965
21,260,2,874950972,20,257
21,323,2,874950972,20,319
21,680,1,874950972,20,666
21,688,1,874950972,20,674
21,877,2,874950972,20,854
21,259,2,874951005,20,256
21,678,2,874951005,20,664
21,687,2,874951005,20,673
21,874,2,874951005,20,851
21,988,1,874951005,20,958
21,245,1,874951006,20,242
21,261,1,874951006,20,258
21,243,2,874951039,20,240
21,878,2,874951039,20,855
21,990,2,874951039,20,960
21,991,2,874951039,20,961
21,263,1,874951040,20,260
21,984,1,874951040,20,955
21,457,1,874951054,20,448
21,948,1,874951054,20,921
21,994,2,874951104,20,964
21,547,2,874951292,20,537
21,370,1,874951293,20,366
21,406,1,874951293,20,402
21,413,2,874951293,20,409
21,760,1,874951293,20,746
21,834,1,874951293,20,815
21,758,1,874951314,20,744
21,767,1,874951314,20,753
21,980,2,874951349,20,952
21,985,2,874951349,20,956
21,992,2,874951349,20,962
21,118,1,874951382,20,115
21,222,2,874951382,20,219
21,696,2,874951382,20,682
21,121,1,874951416,20,118
21,281,2,874951416,20,278
21,619,2,874951416,20,606
21,977,2,874951416,20,949
21,979,2,874951416,20,951
21,983,2,874951416,20,954
21,931,2,874951446,20,904
21,106,2,874951447,20,103
21,925,2,874951447,20,898
21,148,1,874951482,20,145
21,930,1,874951482,20,903
21,982,1,874951482,20,953
21,986,1,874951482,20,957
21,717,1,874951483,20,703
21,976,1,874951483,20,948
21,978,1,874951483,20,950
21,706,2,874951695,20,692
21,800,1,874951727,20,783
21,860,2,874951727,20,838
21,5,2,874951761,20,4
21,145,1,874951761,20,142
21,559,1,874951761,20,549
21,561,1,874951761,20,551
21,668,1,874951761,20,655
21,669,1,874951761,20,656
21,453,2,874951797,20,444
21,839,1,874951797,20,820
21,396,2,874951798,20,392
21,440,1,874951798,20,432
22,294,1,878886262,21,291
22,683,1,878886307,21,669
22,688,1,878886307,21,674
22,367,1,878886571,21,363
22,998,1,878886571,21,968
22,1001,1,878886647,21,971
22,163,1,878886845,21,160
22,862,1,878886845,21,839
22,926,1,878887062,21,899
22,377,1,878887116,21,373
22,988,1,878887116,21,958
22,110,1,878887157,21,107
22,996,1,878887158,21,966
22,1002,1,878887186,21,972
22,791,1,878887227,21,774
22,411,1,878887277,21,407
22,932,1,878887277,21,905
22,1003,1,878887277,21,973
22,105,1,878887347,21,102
22,780,1,878887377,21,765
22,997,1,878887377,21,967
22,456,1,878887413,21,447
22,687,1,878887476,21,673
22,948,1,878887553,21,921
22,878,1,878887598,21,855
22,2,2,878887925,21,1
22,229,2,878887925,21,226
22,231,2,878887983,21,228
22,554,1,878888066,21,544
22,405,1,878888067,21,401
22,449,1,878888145,21,440
22,665,1,878888145,21,652
23,323,2,874784266,22,319
23,235,1,874784712,22,232
23,472,2,874784972,22,463
23,234,2,874785624,22,231
23,70,2,874786513,22,69
23,196,2,874786926,22,193
23,161,2,874787017,22,158
23,449,2,874787083,22,440
23,215,2,874787116,22,212
23,217,2,874787144,22,214
23,451,2,874787256,22,442
23,90,2,874787370,22,89
23,739,2,874787861,22,725
23,219,1,874788187,22,216
23,780,1,874788388,22,765
23,294,1,876785901,22,291
24,367,2,875323241,23,363
25,432,2,885852443,24,427
26,328,2,891348011,25,324
26,748,1,891348192,25,734
26,678,2,891349122,25,664
26,323,2,891349184,25,319
26,116,2,891352941,25,113
26,815,2,891371597,25,797
26,471,2,891371676,25,462
26,546,2,891371676,25,536
26,235,2,891372429,25,232
26,410,2,891373086,25,406
26,405,2,891376986,25,401
26,249,2,891377609,25,246
26,1010,2,891377609,25,980
26,369,2,891379664,25,365
26,871,2,891379664,25,848
26,597,2,891379753,25,586
26,831,2,891379753,25,812
26,122,1,891380200,25,119
26,841,2,891380200,25,822
26,1013,1,891383836,25,983
26,760,1,891383899,25,746
26,864,2,891383899,25,841
26,1009,2,891384478,25,979
26,926,2,891385692,25,899
26,930,2,891385985,25,903
26,413,2,891386049,25,409
26,840,2,891386049,25,821
26,456,1,891386174,25,447
27,475,2,891542942,26,466
27,596,2,891542987,26,585
27,325,2,891543191,26,321
28,332,2,881954915,27,328
28,322,2,881955343,27,318
28,423,2,881956564,27,419
28,229,2,881961393,27,226
28,449,2,881961394,27,440
28,450,1,881961394,27,441
28,200,2,881961671,27,197
28,441,2,881961782,27,433
29,326,2,882820869,28,322
29,358,2,882821044,28,354
29,539,2,882821044,28,530
29,748,2,882821558,28,734
29,689,2,882821705,28,675
30,231,2,875061066,29,228
30,403,2,875061066,29,399
30,873,1,875061066,29,850
30,289,2,876847817,29,286
31,328,2,881547746,30,324
31,682,2,881547834,30,668
31,886,2,881547877,30,863
31,79,2,881548082,30,78
32,307,2,883709915,31,304
32,259,2,883709986,31,256
32,245,2,883710047,31,242
32,455,2,883717796,31,446
34,288,2,888601628,33,285
34,259,2,888602808,33,256
34,294,1,888602808,33,291
35,258,2,875458941,34,255
35,876,2,875458970,34,853
35,243,2,875459046,34,240
35,358,1,875459073,34,354
35,264,2,875459099,34,261
35,877,2,875459099,34,854
36,289,2,882157356,35,286
36,319,2,882157356,35,315
36,682,1,882157386,35,668
36,268,2,882157418,35,265
37,121,2,880915528,36,118
37,825,2,880915565,36,807
37,831,2,880915607,36,812
37,118,2,880915633,36,115
37,472,2,880915711,36,463
37,82,1,880915942,36,81
37,231,2,880916046,36,228
37,540,2,880916070,36,531
38,445,2,892429399,37,436
38,508,2,892429399,37,499
38,127,2,892429460,37,124
38,257,1,892429512,37,254
38,133,2,892429873,37,130
38,195,1,892429952,37,192
38,432,1,892430282,37,427
38,356,2,892430309,37,352
38,526,1,892430636,37,517
38,226,1,892431513,37,223
38,202,2,892431665,37,199
38,211,1,892431907,37,208
38,188,2,892431953,37,185
38,403,1,892432205,37,399
38,185,2,892432573,37,182
38,450,1,892432624,37,441
38,139,2,892432786,37,136
38,550,2,892432786,37,540
38,145,1,892433062,37,142
38,1034,1,892433062,37,1004
38,573,1,892433660,37,563
38,838,2,892433680,37,819
38,383,2,892433801,37,379
38,444,1,892433912,37,435
38,717,1,892433945,37,703
38,400,1,892434036,37,396
38,406,2,892434251,37,402
38,590,1,892434373,37,580
39,272,2,891400094,38,269
39,307,2,891400342,38,304
40,269,1,889041283,39,266
40,272,2,889041283,39,269
40,347,2,889041283,39,343
40,346,2,889041358,39,342
40,286,2,889041430,39,283
40,340,2,889041454,39,336
40,271,2,889041523,39,268
40,879,2,889041595,39,856
40,259,2,889041643,39,256
41,289,2,890686673,40,286
41,423,2,890687175,40,419
41,276,2,890687304,40,273
41,202,2,890687326,40,199
42,276,1,881105405,41,273
42,111,1,881105931,41,108
42,413,1,881106072,41,409
42,1048,1,881106220,41,1018
42,977,2,881106541,41,949
42,595,1,881106582,41,584
42,658,2,881107502,41,645
42,175,2,881107687,41,172
42,521,2,881107989,41,512
42,462,2,881108093,41,453
42,131,2,881108548,41,128
42,679,2,881108548,41,665
42,1043,2,881108633,41,1013
42,433,2,881108760,41,428
42,953,2,881108815,41,926
42,1045,2,881108873,41,1015
42,451,2,881108982,41,442
42,367,2,881109149,41,363
42,559,2,881109271,41,549
42,627,2,881109271,41,614
42,219,1,881109324,41,216
42,43,2,881109325,41,42
43,250,2,875975383,42,247
43,123,1,875975520,42,120
43,225,2,875975579,42,222
43,926,2,875975613,42,899
43,175,2,875981304,42,172
43,751,2,883954803,42,737
43,792,1,883954876,42,775
43,238,2,883955160,42,235
43,317,2,883955319,42,313
43,47,1,883955415,42,46
43,283,2,883955415,42,280
43,277,1,883955498,42,274
43,631,2,883955675,42,618
43,14,2,883955745,42,13
43,217,2,883955930,42,214
43,1055,2,883955969,42,1025
43,956,1,883956259,42,929
43,944,2,883956260,42,917
43,559,1,883956468,42,549
43,51,1,883956562,42,50
43,3,2,884029543,42,2
43,122,2,884029709,42,119
43,820,2,884029742,42,802
43,931,1,884029742,42,904
43,1057,2,884029777,42,1027
44,25,2,878346431,43,24
44,252,2,878346748,43,249
44,21,2,878346789,43,20
44,106,2,878347076,43,103
44,201,2,878347392,43,198
44,98,2,878347420,43,97
44,231,2,878347915,43,228
44,97,2,878348000,43,96
44,102,2,878348499,43,101
44,448,2,878348547,43,439
44,91,2,878348573,43,90
44,56,2,878348601,43,55
44,90,2,878348784,43,89
44,88,2,878348885,43,87
44,298,2,883612726,43,295
44,216,1,883613297,43,213
44,631,1,883613297,43,618
44,412,1,883613298,43,408
44,737,1,883613298,43,723
45,763,2,881013563,44,749
45,151,2,881013885,44,148
45,1059,2,881014417,44,1029
46,288,2,883611307,45,285
46,294,2,883611307,45,291
47,288,2,879439078,46,285
47,322,2,879439078,46,318
48,269,1,879434094,47,266
48,289,1,879434252,47,286
48,988,2,879434387,47,958
48,28,2,879434653,47,27
48,193,2,879434751,47,190
48,1065,2,879434792,47,1035
48,522,2,879434886,47,513
49,270,2,888065432,48,267
49,904,2,888065527,48,880
49,300,1,888065577,48,297
49,294,1,888065702,48,291
49,343,2,888065786,48,339
49,358,1,888065805,48,354
49,878,2,888065825,48,855
49,258,2,888065895,48,255
49,1075,2,888066424,48,1045
49,462,2,888066486,48,453
49,70,2,888066614,48,69
49,52,2,888066647,48,51
49,640,1,888066685,48,627
49,382,2,888066705,48,378
49,1018,2,888066755,48,988
49,698,2,888066776,48,684
49,737,1,888066828,48,723
49,95,2,888067031,48,94
49,542,2,888067096,48,533
49,627,2,888067096,48,614
49,946,2,888067096,48,919
49,102,2,888067164,48,101
49,820,1,888067164,48,802
49,1078,1,888067164,48,1047
49,1066,2,888067187,48,1036
49,219,1,888067405,48,216
49,559,2,888067405,48,549
49,406,2,888067428,48,402
49,145,1,888067460,48,142
49,413,1,888067460,48,409
49,561,2,888067460,48,551
49,774,2,888067528,48,760
49,590,1,888067579,48,580
49,758,1,888067596,48,744
49,50,1,888067691,48,49
49,172,1,888067691,48,169
49,174,1,888067691,48,171
49,423,2,888067727,48,419
49,477,2,888067727,48,468
49,82,1,888067765,48,81
49,181,1,888067765,48,178
49,401,2,888067975,48,397
49,129,2,888068079,48,126
49,121,1,888068100,48,118
49,39,2,888068194,48,38
49,123,1,888068195,48,120
49,148,1,888068195,48,145
49,159,2,888068245,48,156
49,54,2,888068265,48,53
49,38,1,888068289,48,37
49,77,1,888068289,48,76
49,931,2,888068336,48,904
49,1,2,888068651,48,0
49,17,2,888068651,48,16
49,218,2,888068651,48,215
49,225,2,888068651,48,222
49,299,2,888068651,48,296
49,328,2,888068651,48,324
49,717,2,888068651,48,703
49,928,2,888068651,48,901
49,1003,2,888068651,48,973
49,111,2,888068686,48,108
49,204,1,888068686,48,201
49,25,2,888068791,48,24
49,455,1,888068791,48,446
49,239,2,888068912,48,236
49,959,2,888068912,48,931
49,721,2,888068934,48,707
49,108,2,888068957,48,105
49,49,2,888068990,48,48
49,235,2,888068990,48,232
49,692,1,888069040,48,678
50,100,2,877052400,49,99
50,124,1,877052400,49,121
50,276,2,877052400,49,273
50,286,2,877052400,49,283
50,325,1,877052400,49,321
50,15,2,877052438,49,14
50,125,2,877052502,49,122
51,705,1,883498756,50,691
51,485,1,883498790,50,476
51,134,2,883498844,50,131
52,235,2,882922806,51,232
53,284,2,879442901,52,281
53,250,2,879442920,52,247
53,748,2,879443329,52,734
54,597,2,880934806,53,586
54,1012,2,880936669,53,982
54,151,2,880936670,53,148
54,24,1,880937311,53,23
54,829,2,880937311,53,811
54,930,1,880937813,53,903
54,823,2,880938088,53,805
54,406,2,880938490,53,402
55,1016,1,878176005,54,986
55,405,1,878176134,54,401
55,597,2,878176134,54,586
55,685,1,878176134,54,671
55,1089,1,878176134,54,1056
55,254,2,878176206,54,251
56,67,2,892677114,55,66
56,90,2,892677147,55,89
56,196,2,892678628,55,193
56,735,2,892678913,55,721
56,168,2,892679209,55,165
56,233,1,892679308,55,230
56,473,2,892683323,55,464
56,38,2,892683533,55,37
56,281,2,892683611,55,278
56,111,2,892683877,55,108
56,88,1,892683895,55,87
56,1091,2,892737210,55,1058
56,871,2,892910207,55,848
56,225,2,892910292,55,222
56,383,2,892910544,55,379
56,1036,2,892910544,55,1006
56,849,2,892910913,55,830
56,154,2,892911144,55,151
57,264,2,883696672,56,261
57,844,2,883697134,56,825
57,475,2,883697223,56,466
57,472,1,883697253,56,463
57,240,2,883697512,56,237
57,760,2,883697617,56,746
57,825,1,883697761,56,807
57,831,1,883697785,56,812
57,252,2,883697807,56,249
57,826,2,883697990,56,808
57,1094,2,883697990,56,1060
57,930,2,883698039,56,903
57,1001,1,883698039,56,971
57,1095,2,883698062,56,1061
58,20,1,884304538,57,19
58,283,1,884304592,57,280
58,1008,1,884304609,57,978
58,663,2,884304728,57,650
58,1063,1,884304728,57,1033
58,1006,2,884304865,57,976
58,185,2,884304896,57,182
58,1100,2,884304979,57,1065
58,497,2,884305123,57,488
58,692,2,884305123,57,678
58,501,2,884305220,57,492
58,214,2,884305296,57,211
58,1104,2,884305679,57,1069
58,69,1,884663351,57,68
58,1105,2,884794758,57,1070
58,496,2,891611593,57,487
58,950,1,892242020,57,923
58,405,2,892242047,57,401
58,741,2,892242159,57,727
58,546,2,892242190,57,536
58,1048,1,892242190,57,1018
58,121,2,892242300,57,118
58,823,1,892242419,57,805
59,929,2,888203018,58,902
59,1,2,888203053,58,0
59,273,2,888203129,58,270
59,220,2,888203175,58,217
59,1047,2,888203371,58,1017
59,274,1,888203449,58,271
59,284,2,888203449,58,281
59,240,2,888203579,58,237
59,597,2,888203610,58,586
59,931,2,888203610,58,904
59,235,1,888203658,58,232
59,756,2,888203658,58,742
59,760,2,888203659,58,746
59,926,1,888203708,58,899
59,476,2,888203814,58,467
59,871,2,888203865,58,848
59,1028,1,888203900,58,998
59,1120,1,888203900,58,1085
59,369,2,888203959,58,365
59,717,2,888203959,58,703
59,588,2,888204389,58,578
59,485,2,888204466,58,476
59,143,1,888204641,58,140
59,95,2,888204758,58,94
59,418,2,888205188,58,414
59,1050,2,888205188,58,1020
59,68,2,888205228,58,67
59,419,2,888205228,58,415
59,727,2,888205265,58,713
59,393,2,888205714,58,389
59,501,1,888205855,58,492
59,609,2,888205855,58,596
59,102,2,888205956,58,101
59,1118,2,888206048,58,1083
59,602,2,888206295,58,589
59,90,2,888206363,58,89
59,465,2,888206363,58,456
59,140,1,888206445,58,137
59,946,1,888206445,58,919
59,142,1,888206561,58,139
59,392,2,888206562,58,388
59,774,2,888206562,58,760
59,564,2,888206605,58,554
60,751,2,883325421,59,737
60,138,2,883327287,59,135
61,331,2,891206126,60,327
61,327,2,891206407,60,323
61,690,2,891206407,60,676
62,270,2,879371909,61,267
62,271,1,879371909,61,268
62,288,2,879371909,61,285
62,257,2,879372434,61,254
62,249,2,879372479,61,246
62,15,2,879372634,61,14
62,1,2,879372813,61,0
62,1128,2,879372831,61,1093
62,763,1,879372851,61,749
62,1134,2,879372936,61,1099
62,742,2,879372965,61,728
62,118,2,879373007,61,115
62,1060,1,879373007,61,1030
62,472,2,879373152,61,463
62,685,2,879373175,61,671
62,924,1,879373175,61,897
62,866,2,879373195,61,843
62,294,1,879373215,61,291
62,1028,1,879373215,61,998
62,245,2,879373232,61,242
62,597,2,879373254,61,586
62,1132,2,879373404,61,1097
62,827,2,879373421,61,809
62,931,1,879373522,61,904
62,462,2,879373737,61,453
62,97,2,879373795,61,96
62,86,2,879374640,61,85
62,33,1,879374785,61,32
62,128,2,879374866,61,125
62,68,1,879374969,61,67
62,431,2,879374969,61,426
62,921,2,879375287,61,894
62,673,2,879375323,61,660
62,739,2,879375454,61,725
62,704,2,879375477,61,690
62,241,1,879375562,61,238
62,554,1,879375562,61,544
62,230,2,879375738,61,227
62,723,2,879375738,61,709
62,227,1,879375843,61,224
62,448,2,879375883,61,439
62,715,2,879375912,61,701
62,702,2,879376079,61,688
62,365,2,879376096,61,361
62,387,2,879376115,61,383
62,569,1,879376158,61,559
62,1107,1,879376159,61,1072
62,1135,2,879376159,61,1100
62,53,2,879376270,61,52
63,289,2,875746985,62,286
63,328,2,875746985,62,324
63,322,2,875746986,62,318
63,323,1,875746986,62,319
63,294,2,875747047,62,291
63,325,2,875747047,62,321
63,678,2,875747047,62,664
63,225,2,875747439,62,222
63,596,2,875747470,62,585
63,473,2,875747635,62,464
63,993,2,875747635,62,963
63,282,1,875747657,62,279
63,1011,1,875747731,62,981
63,546,2,875747789,62,536
63,1138,2,875747789,62,1103
63,841,1,875747917,62,822
63,828,1,875747936,62,810
64,748,1,879365314,63,734
64,652,2,879365590,63,639
64,751,2,889737047,63,737
64,898,2,889737106,63,874
64,539,1,889737126,63,530
64,311,2,889737269,63,308
64,217,2,889737568,63,214
64,1065,1,889737968,63,1035
64,93,2,889739025,63,92
64,32,1,889739346,63,31
64,273,2,889739381,63,270
64,451,2,889739490,63,442
64,218,1,889739517,63,215
64,121,2,889739678,63,118
64,125,2,889739678,63,122
64,768,2,889739954,63,754
64,232,2,889740154,63,229
64,101,2,889740225,63,100
64,1139,1,889740260,63,1104
64,433,2,889740286,63,428
64,476,1,889740286,63,467
64,419,2,889740310,63,415
64,384,2,889740367,63,380
64,240,1,889740462,63,237
64,62,2,889740654,63,61
64,1140,1,889740676,63,1105
65,70,1,879216529,64,69
65,47,2,879216672,64,46
65,7,1,879217290,64,6
65,63,2,879217913,64,62
66,286,1,883601089,65,283
66,877,1,883601089,65,854
66,475,2,883601156,65,466
66,21,1,883601939,65,20
67,412,1,875379540,66,408
68,763,1,876973917,67,749
68,596,2,876974023,67,585
68,458,1,876974048,67,449
68,713,2,876974073,67,699
68,125,1,876974096,67,122
68,121,1,876974176,67,118
69,307,2,882027204,68,304
69,294,2,882027233,68,291
69,245,1,882027284,68,242
69,879,1,882027284,68,856
69,748,2,882027304,68,734
70,450,1,884064269,69,441
70,260,2,884065247,69,257
70,449,2,884065247,69,440
70,338,2,884065248,69,334
70,542,2,884065248,69,533
70,576,2,884065248,69,566
70,546,2,884066211,69,536
70,538,2,884066399,69,529
70,398,2,884067339,69,394
71,289,2,877319117,70,286
71,151,1,877319446,70,148
71,174,2,877319610,70,171
72,222,1,880036346,71,219
72,271,1,880036346,71,268
72,7,1,880036347,71,6
72,647,1,880036550,71,634
72,380,1,880036854,71,376
72,50,2,880037119,71,49
72,172,1,880037119,71,169
72,679,2,880037164,71,665
72,176,2,880037203,71,173
72,181,1,880037203,71,178
72,228,1,880037204,71,225
72,230,1,880037277,71,227
72,229,1,880037307,71,226
73,894,1,888625592,72,871
73,82,2,888625754,72,81
73,94,1,888625754,72,93
73,588,2,888625754,72,578
73,48,2,888625785,72,47
73,1,2,888626065,72,0
73,96,2,888626523,72,95
73,202,2,888626577,72,199
74,358,2,888333372,73,354
75,289,1,884049789,74,286
75,322,1,884049789,74,318
75,323,2,884049789,74,319
75,988,2,884049820,74,958
75,237,2,884050309,74,234
75,756,2,884050309,74,742
75,284,2,884050393,74,281
75,476,1,884050393,74,467
75,825,1,884050393,74,807
75,291,1,884050502,74,288
75,1152,1,884050502,74,1115
75,1001,1,884050531,74,971
75,742,1,884050590,74,728
75,240,1,884050661,74,237
75,220,1,884050705,74,217
75,866,2,884050733,74,843
75,1059,1,884050760,74,1029
75,225,2,884050940,74,222
75,413,2,884050979,74,409
75,824,1,884051056,74,806
75,833,2,884051113,74,814
75,304,2,884051610,74,301
76,288,2,878101114,75,285
76,325,2,878101114,75,321
76,358,2,878101114,75,354
77,15,2,884732873,76,14
77,127,2,884732927,76,124
77,276,2,884732991,76,273
77,25,2,884733055,76,24
77,121,2,884733261,76,118
77,833,1,884733284,76,814
77,252,1,884733379,76,249
77,1028,1,884733400,76,998
77,215,2,884752757,76,212
77,133,2,884752997,76,130
77,636,2,884753061,76,623
77,511,2,884753152,76,502
78,327,1,879633495,77,323
78,323,1,879633567,77,319
78,813,2,879633745,77,795
78,1047,1,879634199,77,1017
79,313,2,891271086,78,310
79,333,2,891271086,78,329
79,937,2,891271180,78,910
79,93,2,891271676,78,92
79,1161,2,891271697,78,1123
80,260,1,883605215,79,257
80,199,2,887401353,79,196
81,456,1,876533504,80,447
81,222,2,876533619,80,219
81,118,2,876533764,80,115
81,742,2,876533764,80,728
81,717,2,876533824,80,703
81,151,2,876533946,80,148
81,756,1,876534097,80,742
81,476,2,876534124,80,467
81,411,2,876534244,80,407
81,1028,1,876534277,80,998
81,412,1,876534408,80,408
82,235,1,876311517,81,232
82,151,2,876311547,81,148
82,1028,2,876311577,81,998
82,112,1,877452357,81,109
82,25,2,878768435,81,24
82,13,2,878768615,81,12
82,756,1,878768741,81,742
82,3,2,878768765,81,2
82,473,2,878768765,81,464
82,220,2,878768840,81,217
82,1001,1,878769138,81,971
82,822,2,878769262,81,804
82,671,1,878769478,81,658
82,946,2,878769748,81,919
82,127,2,878769777,81,124
82,230,2,878769815,81,227
82,231,2,878769815,81,228
83,411,2,880307259,82,407
83,1101,2,880308256,82,1066
83,640,2,880308550,82,627
83,391,2,880308783,82,387
83,78,2,880309089,82,77
83,254,2,880327839,82,251
83,4,2,880336655,82,3
83,820,2,881971231,82,802
83,25,2,883867729,82,24
83,235,1,883867920,82,232
83,412,1,883868208,82,408
83,993,2,883868978,82,963
83,259,2,883869199,82,256
83,240,1,883870084,82,237
83,319,1,886532955,82,315
83,35,1,886534501,82,34
83,56,1,886534501,82,55
83,122,1,886534501,82,119
83,364,1,886534501,82,360
83,748,2,886534501,82,734
83,631,2,887664566,82,618
83,249,2,887664680,82,246
83,543,2,887665445,82,534
84,1,2,883452108,83,0
84,411,2,883452516,83,407
84,1047,2,883452694,83,1017
85,325,2,879452386,84,321
85,221,2,879452693,84,218
85,25,2,879452769,84,24
85,222,2,879452831,84,219
85,277,2,879452938,84,274
85,1010,2,879452971,84,980
85,405,2,879453018,84,401
85,508,2,879453040,84,499
85,1009,2,879453093,84,979
85,924,1,879453114,84,897
85,121,2,879453167,84,118
85,238,2,879453965,84,235
85,162,2,879454235,84,159
85,51,2,879454782,84,50
85,188,2,879454782,84,185
85,212,2,879454859,84,209
85,1113,2,879454981,84,1078
85,702,2,879828054,84,688
85,710,2,879828912,84,696
85,97,2,879829667,84,96
85,782,2,879829757,84,767
85,108,2,880838201,84,105
85,259,2,881705026,84,256
85,231,2,882995615,84,228
85,984,2,884906441,84,955
85,333,1,886282927,84,329
86,328,2,879569555,85,324
86,879,2,879570149,85,856
86,881,2,879570218,85,858
86,338,1,879570277,85,334
87,1187,2,879875893,86,1145
87,1188,2,879876110,86,1146
87,201,2,879876673,86,198
87,321,2,879876813,86,317
87,401,2,879876813,86,397
87,775,2,879876848,86,761
87,386,2,879877006,86,382
87,90,2,879877127,86,89
87,120,2,879877173,86,117
87,1079,2,879877240,86,1048
87,476,2,879877241,86,467
87,396,1,879877280,86,392
87,791,2,879877280,86,774
87,1177,1,879877280,86,1136
88,750,2,891037276,87,736
88,321,1,891037708,87,317
89,93,2,879441307,88,92
89,137,1,879441335,88,134
89,845,2,879441335,88,826
89,952,2,879441400,88,925
89,13,2,879441672,88,12
89,221,1,879441687,88,218
89,737,1,879460376,88,723
89,739,2,879460376,88,725
90,906,2,891382240,89,882
90,259,2,891382392,89,256
90,875,1,891382612,89,852
90,454,2,891383423,89,445
90,69,1,891383424,89,68
90,1005,2,891383912,89,975
90,1206,2,891383912,89,1164
90,676,2,891384066,89,663
90,171,2,891384476,89,168
90,1137,2,891384516,89,1102
90,126,2,891384611,89,123
90,962,2,891384721,89,934
90,553,2,891384959,89,543
90,151,2,891385190,89,148
90,215,2,891385335,89,212
90,148,2,891385787,89,145
90,518,2,891385787,89,509
90,1045,2,891385843,89,1015
91,682,2,891438184,90,668
91,748,2,891438314,90,734
91,323,2,891438397,90,319
91,988,2,891438583,90,958
91,568,2,891439018,90,558
91,56,1,891439057,90,55
91,389,2,891439130,90,385
91,501,2,891439130,90,492
91,211,2,891439208,90,208
91,1126,1,891439301,90,1091
91,99,2,891439386,90,98
91,131,2,891439471,90,128
91,418,2,891439503,90,414
92,934,2,875639642,91,907
92,240,2,875640189,91,237
92,123,2,875640251,91,120
92,257,2,875640273,91,254
92,118,2,875640512,91,115
92,546,2,875640512,91,536
92,147,2,875640542,91,144
92,1016,2,875640582,91,986
92,412,2,875640609,91,408
92,678,2,875641428,91,664
92,120,2,875642089,91,117
92,243,1,875644795,91,240
92,405,2,875644795,91,401
92,220,1,875644796,91,217
92,370,1,875644796,91,366
92,758,1,875644796,91,744
92,820,1,875644796,91,802
92,922,1,875644796,91,895
92,931,1,875644796,91,904
92,1047,1,875644796,91,1017
92,318,2,875653307,91,314
92,501,2,875653665,91,492
92,161,2,875654125,91,158
92,709,2,875654590,91,695
92,82,2,875654846,91,81
92,227,1,875654846,91,224
92,155,2,875654888,91,152
92,145,2,875654929,91,142
92,101,2,875656624,91,100
92,1209,1,875660468,91,1167
92,1157,2,875812435,91,1119
92,576,2,875813171,91,566
92,540,2,875813197,91,531
92,102,2,875813376,91,101
92,452,2,875906828,91,443
92,453,1,875906882,91,444
92,551,2,875906882,91,541
92,834,1,875906882,91,815
92,450,2,875907134,91,441
92,761,2,875907134,91,747
92,802,2,875907134,91,785
92,1210,1,875907179,91,1168
92,554,2,875907180,91,544
92,771,1,875907180,91,757
92,80,2,875907504,91,79
92,998,2,875907649,91,968
92,1037,2,875907702,91,1007
92,575,2,875907763,91,565
92,1214,2,876174925,91,1171
92,383,1,876175191,91,379
92,739,2,876175582,91,725
92,284,2,876175733,91,281
92,1028,2,876769174,91,998
92,455,2,876769302,91,446
92,148,2,877383934,91,145
92,271,2,880149111,91,268
92,406,2,881008058,91,402
92,295,2,886442386,91,292
92,596,2,886443161,91,585
92,597,2,886443328,91,586
92,108,2,886443416,91,105
92,977,2,886443494,91,949
92,826,2,886443534,91,808
92,930,2,886443582,91,903
92,476,2,886443602,91,467
92,974,2,886443626,91,946
92,368,1,886443672,91,364
92,831,2,886443708,91,812
92,1095,2,886443728,91,1061
92,456,2,888469668,91,447
92,984,2,888469687,91,955
93,276,2,888705257,92,273
93,151,1,888705360,92,148
93,125,1,888705416,92,122
94,477,2,885870323,93,468
94,202,2,885873423,93,199
94,184,2,891720862,93,181
94,101,2,891720996,93,100
94,721,2,891721078,93,707
94,226,2,891721238,93,223
94,17,2,891721494,93,16
94,121,2,891721815,93,118
94,566,2,891721815,93,556
94,125,1,891721851,93,122
94,66,2,891721889,93,65
94,385,2,891721975,93,381
94,38,2,891722482,93,37
94,569,1,891722980,93,559
94,550,1,891723033,93,540
94,597,2,891723078,93,586
94,230,2,891723124,93,227
94,809,2,891723155,93,791
94,739,2,891723156,93,725
94,820,1,891723186,93,802
94,1046,2,891723262,93,1016
94,1140,2,891723328,93,1105
94,1028,2,891723395,93,998
94,864,2,891723397,93,841
94,700,2,891723427,93,686
94,1074,2,891723427,93,1044
94,369,1,891723459,93,365
94,624,2,891723459,93,611
94,1209,2,891723459,93,1167
94,722,2,891723494,93,708
94,783,2,891723495,93,768
94,80,2,891723525,93,79
94,34,1,891723558,93,33
94,738,2,891723558,93,724
94,576,2,891723593,93,566
94,720,1,891723593,93,706
94,944,1,891723619,93,917
94,860,2,891723706,93,838
94,586,1,891723707,93,576
94,728,2,891723748,93,714
94,155,2,891723807,93,152
94,1032,2,891723807,93,1002
94,797,2,891723848,93,780
94,29,2,891723883,93,28
94,94,2,891723883,93,93
94,808,2,891723931,93,790
94,412,2,891724485,93,408
94,932,2,891724691,93,905
94,930,2,891724747,93,903
94,829,2,891724800,93,811
94,245,1,891724828,93,242
94,1089,2,891724829,93,1056
94,368,2,891724846,93,364
94,260,2,891725049,93,257
94,355,2,891725090,93,351
95,289,2,879191590,94,286
95,237,2,879192708,94,234
95,596,2,879193651,94,585
95,3,1,879193881,94,2
95,976,2,879195703,94,948
95,403,1,879196457,94,399
95,679,2,879196513,94,665
95,720,2,879196513,94,706
95,391,2,879196566,94,387
95,546,2,879196566,94,536
95,636,1,879196566,94,623
95,566,2,879196594,94,556
95,665,2,879196666,94,652
95,234,2,879197886,94,231
95,1101,2,879197970,94,1066
95,67,2,879198109,94,66
95,182,2,879198210,94,179
95,101,1,879198800,94,100
95,1229,2,879198800,94,1186
95,72,2,880571389,94,71
95,708,2,880571951,94,694
95,715,1,880572060,94,701
95,674,2,880572104,94,661
95,90,2,880572166,94,89
95,447,2,880572166,94,438
95,560,1,880572166,94,550
95,110,2,880572323,94,107
95,43,2,880572356,94,42
95,227,2,880572356,94,224
95,386,2,880572356,94,382
95,781,2,880572495,94,766
95,1227,2,880572581,94,1184
95,1222,2,880572602,94,1179
95,450,2,880572787,94,441
95,1188,2,880572787,94,1146
95,1231,1,880572787,94,1187
95,878,1,881599623,94,855
95,586,2,881599672,94,576
95,699,2,882804187,94,685
95,294,2,884266083,94,291
95,862,1,884266100,94,839
95,542,2,888954039,94,533
95,514,2,888954076,94,505
95,960,2,888954129,94,932
95,675,2,888954310,94,662
95,200,2,888954552,94,197
95,32,1,888954726,94,31
95,573,1,888954808,94,563
95,787,2,888954930,94,771
95,2,2,888955909,94,1
95,371,2,888955909,94,367
96,525,2,884402860,95,516
96,478,2,884403123,95,469
96,42,1,884403214,95,41
96,194,2,884403392,95,191
97,496,2,884238693,96,487
97,100,2,884238778,96,99
97,192,1,884238778,96,189
97,83,1,884238817,96,82
97,205,2,884238817,96,202
97,133,1,884239655,96,130
98,988,1,880498668,97,958
98,168,2,880498834,97,165
98,173,1,880498935,97,170
98,209,2,880498935,97,206
98,502,2,880499053,97,493
99,342,1,885678348,98,338
99,682,2,885678371,98,668
99,873,1,885678436,98,850
99,678,2,885678479,98,664
99,358,2,885678520,98,354
99,312,2,885678576,98,309
99,111,1,885678886,98,108
99,124,2,885678886,98,121
99,276,2,885678973,98,273
99,274,1,885679157,98,271
99,118,2,885679237,98,115
99,815,2,885679237,98,797
99,105,2,885679353,98,102
99,409,2,885679411,98,405
99,762,2,885679411,98,748
99,871,2,885679411,98,848
99,120,2,885679472,98,117
99,1052,1,885679533,98,1022
99,694,1,885680616,98,680
100,288,2,891374603,99,285
100,874,1,891374868,99,851
100,887,2,891374868,99,864
100,908,1,891375068,99,883
100,1234,1,891375068,99,1190
100,1238,2,891375068,99,1193
100,321,1,891375112,99,317
100,292,2,891375146,99,289
100,881,1,891375186,99,858
100,895,2,891375212,99,872
100,354,2,891375260,99,350
100,880,1,891375260,99,857
100,885,2,891375359,99,862
100,266,2,891375484,99,263
100,892,2,891375484,99,869
101,123,2,877136186,100,120
101,928,2,877136302,100,901
101,109,2,877136360,100,106
101,1093,1,877136360,100,1059
101,595,2,877136391,100,584
101,819,1,877136424,100,801
101,1047,2,877136424,100,1017
101,1009,2,877136598,100,979
101,975,2,877136659,100,947
101,111,2,877136686,100,108
101,1034,2,877136686,100,1004
101,370,2,877136711,100,366
101,979,2,877136711,100,951
101,278,2,877136737,100,275
101,841,2,877136763,100,822
101,1057,2,877136789,100,1027
101,281,2,877136842,100,278
101,412,2,877136842,100,408
101,411,2,877136891,100,407
101,1051,2,877136891,100,1021
101,122,1,877136928,100,119
101,369,2,877136928,100,365
102,260,2,883277645,101,257
102,264,2,883277645,101,261
102,294,2,883277645,101,291
102,328,2,883277645,101,324
102,892,2,883278138,101,869
102,1025,2,883278200,101,995
102,596,2,883748352,101,585
102,993,2,883748352,101,963
102,501,2,883748418,101,492
102,768,2,883748450,101,754
102,1240,2,883748450,101,1195
102,99,2,883748488,101,98
102,327,2,884870872,101,323
102,548,2,885126313,101,538
102,288,2,887051621,101,285
102,338,2,887051723,101,334
102,334,2,888295889,101,330
102,271,2,888781860,101,268
102,230,2,888801232,101,227
102,568,2,888801232,101,558
102,79,2,888801316,101,78
102,127,2,888801316,101,124
102,515,1,888801316,101,506
102,82,2,888801360,101,81
102,181,2,888801406,101,178
102,7,2,888801407,101,6
102,184,2,888801465,101,181
102,2,2,888801522,101,1
102,4,2,888801522,101,3
102,53,2,888801577,101,52
102,554,2,888801577,101,544
102,38,2,888801622,101,37
102,363,2,888801622,101,359
102,68,2,888801673,101,67
102,226,2,888801673,101,223
102,541,2,888801673,101,532
102,188,2,888801812,101,185
102,405,2,888801812,101,401
102,550,2,888801812,101,540
102,720,2,888801812,101,706
102,161,2,888801876,101,158
102,566,2,888801876,101,556
102,578,2,888801876,101,568
102,684,2,888802176,101,670
102,231,2,888802319,101,228
102,665,1,888802319,101,652
102,841,2,888802319,101,822
102,986,1,888802319,101,957
102,1239,2,888802319,101,1194
102,373,2,888802508,101,369
102,771,2,888802508,101,757
102,810,2,888802508,101,792
102,831,2,888802508,101,812
102,840,2,888802508,101,821
102,1228,1,888802508,101,1185
102,29,1,888802677,101,28
102,930,2,888802677,101,903
102,399,2,888802722,101,395
102,576,2,888802722,101,566
102,797,2,888802722,101,780
102,827,2,888802722,101,809
102,391,2,888802767,101,387
102,450,1,888802768,101,441
102,201,2,888803051,101,198
102,436,2,888803051,101,431
102,445,2,888803148,101,436
102,635,2,888803148,101,622
102,672,1,888803148,101,659
102,217,2,888803149,101,214
102,219,2,888803149,101,216
102,444,1,888803245,101,435
102,760,1,888803245,101,746
102,565,2,888803395,101,555
103,252,2,880420020,102,249
103,1089,1,880420178,102,1056
104,311,1,888442112,103,308
104,288,2,888442140,103,285
104,347,2,888442140,103,343
104,327,2,888442202,103,323
104,307,2,888442249,103,304
104,301,2,888442275,103,298
104,310,2,888442275,103,307
104,286,1,888442304,103,283
104,332,2,888442305,103,328
104,333,2,888442305,103,329
104,271,1,888442370,103,268
104,245,2,888442404,103,242
104,324,1,888442404,103,320
104,678,2,888442404,103,664
104,748,2,888442461,103,734
104,895,2,888442507,103,872
104,330,1,888442530,103,326
104,325,1,888442552,103,321
104,984,1,888442575,103,955
104,9,2,888465201,103,8
104,508,2,888465201,103,499
104,124,2,888465226,103,121
104,847,2,888465263,103,828
104,287,2,888465347,103,284
104,1241,1,888465379,103,1196
104,10,2,888465413,103,9
104,744,1,888465413,103,730
104,546,1,888465491,103,536
104,130,1,888465554,103,127
104,534,2,888465554,103,525
104,823,1,888465554,103,805
104,1010,1,888465554,103,980
104,248,2,888465604,103,245
104,255,1,888465604,103,252
104,1017,1,888465634,103,987
104,111,1,888465675,103,108
104,235,2,888465675,103,232
104,411,1,888465739,103,407
104,756,2,888465739,103,742
105,271,2,889214245,104,268
106,280,2,883876680,105,277
106,828,2,883876872,105,810
107,286,2,891264266,106,283
107,313,2,891264266,106,310
107,271,2,891264432,106,268
107,300,1,891264432,106,297
107,321,2,891264432,106,317
108,222,2,879879720,107,219
109,322,2,880562908,108,318
109,358,2,880562908,108,354
109,127,2,880563471,108,124
109,250,2,880563471,108,247
109,475,1,880563641,108,466
109,248,2,880564415,108,245
109,410,1,880564534,108,406
109,628,2,880564640,108,615
109,472,2,880571715,108,463
109,597,2,880571715,108,586
109,763,2,880571715,108,749
109,1245,2,880571872,108,1200
109,281,2,880571919,108,278
109,409,2,880571920,108,405
109,831,2,880572296,108,812
109,871,2,880572350,108,848
109,1023,2,880572350,108,993
109,986,2,880572382,108,957
109,931,2,880572407,108,904
109,357,2,880572528,108,353
109,64,2,880572560,108,63
109,4,2,880572756,108,3
109,42,1,880572756,108,41
109,55,2,880572756,108,54
109,209,1,880572756,108,206
109,317,2,880573085,108,313
109,214,1,880577604,108,211
109,175,1,880577734,108,172
109,200,2,880577734,108,197
109,154,2,880578121,108,151
109,101,1,880578186,108,100
109,162,2,880578358,108,159
109,1039,2,880579418,108,1009
109,131,1,880579757,108,128
109,1035,2,880579787,108,1005
109,158,1,880579916,108,155
109,386,1,880579916,108,382
109,81,2,880580030,108,80
109,238,2,880580637,108,235
109,790,2,880580662,108,773
109,391,2,880581127,108,387
109,584,2,880581127,108,574
109,672,2,880582045,108,659
109,425,2,880582317,108,420
109,849,2,880582384,108,830
109,552,2,880582414,108,542
109,441,2,880582633,108,433
110,895,2,886987354,109,872
110,301,2,886987505,109,298
110,873,2,886987505,109,850
110,338,1,886987540,109,334
110,688,1,886987605,109,674
110,212,1,886988100,109,209
110,1055,2,886988134,109,1025
110,808,2,886988250,109,790
110,56,1,886988449,109,55
110,195,2,886988480,109,192
110,576,2,886988574,109,566
110,68,2,886988631,109,67
110,184,1,886988631,109,181
110,231,1,886988664,109,228
110,1231,2,886988664,109,1187
110,173,1,886988909,109,170
110,202,2,886988909,109,199
110,642,2,886989126,109,629
110,1090,2,886989191,109,1057
110,1222,2,886989191,109,1179
110,376,2,886989340,109,372
112,327,1,884992535,111,323
112,325,1,884992714,111,321
112,347,1,891302716,111,343
113,242,2,875075887,112,239
113,289,2,875075887,112,286
113,319,2,875075887,112,315
113,262,2,875075983,112,259
113,678,2,875076044,112,664
113,324,2,875076180,112,320
114,679,2,881259741,113,665
114,640,2,881260303,113,627
114,615,2,881260441,113,602
114,157,2,881260611,113,154
115,596,1,881170663,114,585
115,763,2,881170725,114,749
115,471,2,881170791,114,462
115,284,2,881170902,114,281
115,237,2,881171075,114,234
115,496,1,881171203,114,487
115,265,2,881171488,114,262
115,77,2,881171623,114,76
115,470,2,881171694,114,461
115,69,1,881171825,114,68
116,333,2,876452054,115,329
116,358,2,876452094,115,354
116,879,2,876452094,115,856
116,324,2,876452133,115,320
116,322,2,876452186,115,318
116,748,2,876452186,115,734
116,532,2,876452651,115,523
116,249,2,876452705,115,246
116,650,2,876452806,115,637
116,145,2,876452980,115,142
116,758,1,876452980,115,744
116,1244,2,876453191,115,1199
116,252,2,876453376,115,249
116,294,2,876453376,115,291
116,304,2,876453376,115,301
116,326,2,876453376,115,322
116,993,2,876453376,115,963
116,1016,2,876453376,115,986
116,1089,2,876453376,115,1056
116,1258,2,876453376,115,1207
116,1255,2,876453377,115,1206
116,275,2,876453519,115,272
116,531,2,876453519,115,522
116,1220,2,876453865,115,1177
116,7,2,876453915,115,6
116,607,2,876453961,115,594
116,65,2,876454052,115,64
116,1226,2,876454090,115,1183
116,1253,2,876454109,115,1205
116,137,2,876454308,115,134
116,343,2,881246552,115,339
116,347,2,886309481,115,343
116,539,2,886309573,115,530
116,895,2,886309812,115,872
116,840,1,886309958,115,821
116,888,2,886309958,115,865
116,349,2,886977905,115,345
117,1047,2,881009697,116,1017
117,743,1,881010401,116,729
117,1057,2,881010401,116,1027
117,758,2,881011217,116,744
117,143,1,881012472,116,140
118,5,2,875385256,117,4
118,564,1,875385335,117,554
119,276,2,874775262,118,273
119,250,2,874775731,118,247
119,105,2,874775849,118,102
119,831,2,874775980,118,812
119,254,2,874781037,118,251
119,82,2,874781352,118,81
119,755,1,886176678,118,741
119,544,2,886177206,118,535
119,616,2,886177206,118,603
119,526,2,886177762,118,517
119,931,1,886178294,118,904
119,258,2,887037225,118,255
119,410,1,890627339,118,406
121,11,2,891387992,120,10
121,121,2,891388501,120,118
121,117,1,891388600,120,114
121,125,2,891388600,120,122
121,250,2,891388676,120,247
121,298,2,891388676,120,295
121,249,1,891388708,120,246
121,458,1,891388847,120,449
121,282,1,891389037,120,279
121,582,2,891390034,120,572
122,11,1,879270424,121,10
122,69,2,879270511,121,68
122,57,2,879270644,121,56
122,214,2,879270676,121,211
122,1268,2,879270711,121,1216
123,289,1,879809220,122,286
123,294,1,879809529,122,291
123,1269,2,879872867,122,1217
123,735,2,879872868,122,721
124,496,1,890286933,123,487
124,173,2,890287687,123,170
125,269,1,879454002,124,266
125,475,1,879454244,124,466
125,56,1,879454345,124,55
125,153,2,879454419,124,150
125,236,1,879454891,124,233
125,150,1,879454892,124,147
125,152,1,879454892,124,149
125,372,1,879454892,124,368
125,25,1,879454987,124,24
125,175,2,879455184,124,172
125,813,1,879455184,124,795
125,914,1,892835594,124,887
125,340,1,892835659,124,336
125,346,1,892835800,124,342
125,243,2,892836123,124,240
125,482,1,892836309,124,473
125,382,1,892836623,124,378
125,508,1,892838351,124,499
125,41,2,892838510,124,40
125,235,2,892838559,124,232
125,1170,1,892838591,124,1129
125,940,2,892838827,124,913
126,332,2,887853735,125,328
126,326,2,887853919,125,322
126,333,2,887853919,125,329
126,310,2,887854652,125,307
126,350,2,887854892,125,346
126,682,1,887855034,125,668
126,260,1,887855173,125,257
126,905,2,887855283,125,881
126,319,2,887938081,125,315
127,690,1,884363851,126,676
127,750,1,884363851,126,736
127,268,1,884363990,126,265
127,286,1,884364525,126,283
128,258,2,879966299,127,255
128,328,2,879966406,127,324
128,322,2,879966447,127,318
128,245,2,879966524,127,242
128,873,1,879966524,127,850
128,371,1,879966954,127,367
128,1063,2,879967047,127,1033
128,1192,2,879967576,127,1150
128,229,2,879968071,127,226
128,432,2,879968125,127,427
128,468,1,879968243,127,459
128,785,2,879968243,127,769
128,220,1,879968352,127,217
128,54,2,879968415,127,53
128,660,2,879968415,127,647
128,729,2,879968447,127,715
128,202,2,879968579,127,199
128,280,1,879968579,127,277
128,387,2,879968774,127,383
128,1048,2,879968858,127,1018
128,227,2,879968946,127,224
128,402,1,879969136,127,398
129,310,2,883244011,128,307
130,243,2,874953526,129,240
130,245,1,874953526,129,242
130,864,2,874953595,129,841
130,284,2,874953728,129,281
130,471,2,874953928,129,462
130,470,2,875217096,129,461
130,88,2,875217265,129,87
130,4,2,875801778,129,3
130,1089,2,876250718,129,1056
130,1088,2,876250805,129,1055
130,1034,2,876250833,129,1004
130,254,2,876251160,129,251
130,407,2,876251388,129,403
130,1215,2,876251389,129,1172
130,58,2,876251619,129,57
130,567,2,876252225,129,557
130,450,2,878537602,129,441
130,771,2,878537631,129,757
130,798,1,878537631,129,781
130,743,2,878537778,129,729
130,689,2,880396150,129,675
130,1273,2,880396792,129,1219
130,982,1,880396831,129,953
130,1210,2,880396831,129,1168
130,1207,1,880396861,129,1165
130,931,2,880396881,129,904
130,901,1,884624044,129,877
130,353,1,888211764,129,349
131,275,2,883681384,130,272
131,137,1,883681466,130,134
133,286,2,890588524,132,283
133,539,1,890588720,132,530
134,302,2,891732150,133,299
134,301,2,891732296,133,298
134,259,2,891732393,133,256
134,339,2,891732507,133,335
134,892,2,891732532,133,869
135,229,2,879857843,134,226
135,452,2,879857843,134,443
135,431,2,879857868,134,426
136,313,2,882693234,135,310
137,690,2,881432482,136,676
137,1117,2,881433435,136,1082
137,476,1,881433524,136,467
137,51,1,881433605,136,50
138,116,2,879022956,137,113
139,740,2,879538254,138,726
140,334,2,879013684,139,330
140,873,2,879013719,139,850
141,1142,1,884584688,140,1107
141,127,2,884584735,140,124
141,293,2,884584735,140,290
141,276,1,884584817,140,273
141,279,1,884584817,140,276
141,290,1,884584817,140,287
141,1059,1,884584886,140,1029
141,292,1,884584906,140,289
141,151,2,884585039,140,148
141,249,2,884585386,140,246
141,235,1,884585437,140,232
141,826,2,884585437,140,808
141,831,2,884585470,140,812
141,1013,1,884585470,140,983
141,407,2,884585523,140,403
141,750,1,886447564,140,736
141,346,1,886447613,140,342
141,872,1,886447698,140,849
141,330,1,886447735,140,326
141,335,1,886447735,140,331
141,880,1,886447847,140,857
142,322,2,888640054,141,318
142,358,2,888640178,141,354
142,243,1,888640199,141,240
142,338,2,888640199,141,334
142,147,1,888640356,141,144
142,55,2,888640489,141,54
143,286,2,888407586,142,283
143,690,2,888407622,142,676
144,307,1,888103407,143,304
144,288,2,888103509,143,285
144,271,2,888103632,143,268
144,343,2,888103725,143,339
144,93,1,888104032,143,92
144,475,1,888104032,143,466
144,7,2,888104087,143,6
144,760,2,888104283,143,746
144,1013,1,888104446,143,983
144,280,1,888104625,143,277
144,476,2,888104625,143,467
144,815,1,888104659,143,797
144,235,1,888104715,143,232
144,105,2,888104767,143,102
144,204,2,888105116,143,201
144,209,2,888105116,143,206
144,516,2,888105197,143,507
144,54,2,888105473,143,53
144,68,2,888105665,143,67
144,960,2,888105784,143,932
144,466,2,888105823,143,457
144,62,2,888105902,143,61
144,470,2,888105993,143,461
144,91,2,888106106,143,90
145,933,1,875270276,144,906
145,9,2,875270394,144,8
145,934,1,875270394,144,907
145,121,2,875270507,144,118
145,924,2,875270508,144,897
145,15,2,875270655,144,14
145,25,2,875270655,144,24
145,1009,2,875270764,144,979
145,1033,1,875270903,144,1003
145,1279,1,875270903,144,1224
145,1283,1,875270903,144,1228
145,628,2,875270932,144,615
145,460,1,875271312,144,451
145,826,2,875271312,144,808
145,1057,1,875271312,144,1027
145,1087,1,875271357,144,1054
145,105,2,875271442,144,102
145,411,2,875271522,144,407
145,1289,1,875271660,144,1233
145,226,1,875272196,144,223
145,1212,2,875272196,144,1170
145,53,2,875272245,144,52
145,770,1,875272245,144,756
145,800,2,875272349,144,783
145,1217,2,875272349,144,1174
145,727,2,875272652,144,713
145,212,2,875272786,144,209
145,740,2,875272786,144,726
145,737,2,875272833,144,723
145,155,2,875272871,144,152
145,739,2,875272927,144,725
145,728,2,875272988,144,714
145,558,2,877343121,144,548
145,559,2,877343156,144,549
145,769,2,877343280,144,755
145,678,2,879161675,144,664
145,983,1,879161805,144,954
145,767,2,879161882,144,753
145,687,2,882181335,144,673
145,59,1,882181695,144,58
145,276,1,882182634,144,273
145,974,1,882182634,144,946
145,590,1,882182802,144,580
145,894,1,883840965,144,871
145,898,1,885555980,144,874
145,901,1,885556116,144,877
145,275,2,885557505,144,272
145,304,2,885557505,144,301
145,308,2,885557505,144,305
145,692,2,885557505,144,678
145,890,2,885557505,144,867
145,892,2,885557505,144,869
145,756,2,885557506,144,742
145,877,2,885557506,144,854
145,1023,1,885557545,144,993
145,298,1,885557579,144,295
145,333,2,885557626,144,329
145,62,2,885557699,144,61
145,454,1,885557699,144,445
145,820,2,885557732,144,802
145,896,2,888396828,144,873
145,236,1,888397981,144,233
145,477,2,888398069,144,468
145,929,2,888398069,144,902
145,1051,2,888398087,144,1021
145,760,2,888398123,144,746
145,1102,1,888398162,144,1067
145,827,2,888398238,144,809
145,1216,2,888398238,144,1173
145,764,2,888398257,144,750
145,122,1,888398307,144,119
145,831,1,888398329,144,812
145,407,2,888398400,144,403
145,1002,1,888398400,144,972
145,1215,2,888398400,144,1172
145,1040,1,888398492,144,1010
145,743,1,888398516,144,729
145,120,2,888398563,144,117
145,1054,1,888398563,144,1024
146,294,1,891457668,145,291
146,688,1,891457749,145,674
146,301,2,891457905,145,298
146,342,1,891457978,145,338
147,751,2,885593965,146,737
148,1039,2,877015784,147,1009
148,140,1,877019882,147,137
148,177,2,877020715,147,174
148,191,1,877020715,147,188
148,185,1,877398385,147,182
148,190,2,877398586,147,187
148,521,1,877398836,147,512
148,78,1,877399018,147,77
148,127,1,877399351,147,124
149,333,1,883512591,148,329
149,262,1,883512623,148,259
149,308,2,883512658,148,305
149,319,2,883512658,148,315
149,310,2,883512689,148,307
149,327,2,883512689,148,323
149,328,2,883512689,148,324
150,124,2,878746442,149,121
150,100,2,878746636,149,99
150,278,2,878746889,149,275
151,748,2,879523925,150,734
151,260,1,879523998,150,257
151,176,2,879524293,150,173
151,675,2,879524368,150,662
151,741,2,879524394,150,727
151,962,1,879524394,150,934
151,1044,2,879524900,150,1014
151,147,2,879524947,150,144
151,1006,1,879524974,150,976
151,393,2,879528692,150,389
151,716,2,879528778,150,702
151,448,2,879528779,150,439
151,356,2,879528852,150,352
151,469,1,879528852,150,460
151,1098,1,879528890,150,1063
151,517,2,879542588,150,508
151,91,2,879542796,150,90
151,627,2,879542796,150,614
151,1297,1,879542847,150,1239
151,1017,2,879542939,150,987
151,1047,2,879543036,150,1017
151,559,2,879543075,150,549
151,826,1,879543212,150,808
151,1074,2,879543342,150,1044
151,231,1,879543366,150,228
151,775,2,879543366,150,761
152,596,2,880148941,151,585
152,1014,2,880149224,151,984
152,412,2,880149328,151,408
152,1054,1,880149643,151,1024
152,120,2,880149686,151,117
152,98,2,882473974,151,97
152,559,1,882475972,151,549
153,294,2,881370859,152,291
153,323,2,881370900,152,319
153,325,2,881370935,152,321
153,678,2,881370935,152,664
153,216,2,881371032,152,213
153,22,2,881371140,152,21
153,50,1,881371140,152,49
153,172,1,881371140,152,169
153,174,1,881371140,152,171
153,181,1,881371140,152,178
153,187,2,881371198,152,184
154,324,2,879138287,153,320
154,289,2,879138345,153,286
154,222,2,879138910,153,219
155,328,2,879370860,154,324
156,11,2,888185906,155,10
156,77,2,888185906,155,76
157,740,2,886889876,156,726
157,748,2,886890015,156,734
157,250,1,886890296,156,247
157,118,2,886890439,156,115
158,294,1,880132193,157,291
158,221,2,880132421,157,218
158,544,2,880132638,157,535
158,866,2,880132701,157,843
158,235,1,880132794,157,232
158,823,2,880132941,157,805
158,120,1,880134014,157,117
158,128,2,880134296,157,125
158,230,2,880134445,157,227
158,161,2,880134477,157,158
158,227,2,880134499,157,224
158,231,2,880134532,157,228
158,665,2,880134532,157,652
158,53,1,880134781,157,52
158,373,2,880134781,157,369
158,449,2,880134815,157,440
158,731,2,880135118,157,717
159,286,1,880485233,158,283
159,872,1,880485262,158,849
159,319,1,880485290,158,315
159,301,2,880485344,158,298
159,948,2,880485344,158,921
159,289,2,880485415,158,286
159,845,1,880557130,158,826
159,742,2,880557192,158,728
159,130,1,880557322,158,127
159,831,2,880557604,158,812
159,1023,2,880557741,158,993
159,1258,1,884026823,158,1207
159,67,1,884026964,158,66
159,364,1,884026964,158,360
159,588,2,884027316,158,578
159,1037,2,884360502,158,1007
160,825,2,876767299,159,807
160,15,2,876768609,159,14
160,926,2,876769148,159,899
160,21,1,876769480,159,20
160,832,1,876770673,159,813
160,864,1,876770673,159,841
160,109,2,876857844,159,106
160,230,2,876860808,159,227
160,460,2,876861185,159,451
160,969,1,876861185,159,941
160,228,2,876862243,159,225
161,286,2,891169991,160,283
161,309,2,891170018,160,306
161,135,2,891170656,160,132
161,48,1,891170745,160,47
161,1266,2,891170745,160,1214
161,174,2,891170800,160,171
161,582,1,891170800,160,572
161,215,2,891170866,160,212
161,204,2,891170947,160,201
161,50,2,891170972,160,49
161,133,2,891171023,160,130
161,435,2,891171104,160,430
161,168,1,891171174,160,165
161,22,2,891171282,160,21
161,162,2,891171413,160,159
162,122,2,877636300,161,119
162,105,2,877636458,161,102
163,879,2,891219643,162,856
163,305,2,891219977,162,302
163,433,1,891220137,162,428
164,342,2,889401691,163,338
164,237,2,889401816,163,234
164,926,2,889402091,163,899
165,288,2,879525673,164,285
166,286,1,886397562,165,283
166,346,1,886397596,165,342
166,748,2,886397751,165,734
166,687,1,886397777,165,673
167,240,1,892737972,166,237
167,554,1,892738237,166,544
167,48,1,892738277,166,47
167,675,1,892738277,166,662
167,184,1,892738278,166,181
167,392,1,892738307,166,388
167,232,1,892738341,166,229
167,719,1,892738341,166,705
167,949,1,892738341,166,922
167,674,2,892738384,166,661
167,726,1,892738385,166,712
167,1305,1,892738418,166,1247
167,169,1,892738419,166,166
167,73,2,892738452,166,72
167,733,2,892738453,166,719
168,748,2,884287031,167,734
168,259,2,884287073,167,256
168,325,1,884287073,167,321
168,678,1,884287109,167,664
168,988,2,884287145,167,958
168,9,1,884287394,167,8
168,7,1,884287559,167,6
168,255,1,884287560,167,252
168,924,2,884287614,167,897
168,276,1,884287642,167,273
168,1028,2,884287846,167,998
168,288,1,884287927,167,285
168,281,2,884288033,167,278
168,763,2,884288033,167,749
168,458,1,884288058,167,449
168,1047,2,884288080,167,1017
168,284,2,884288112,167,281
168,473,2,884288178,167,464
168,411,1,884288222,167,407
169,260,1,891269104,168,257
171,288,2,891034606,170,285
171,305,2,891034606,170,302
171,326,2,891034801,170,322
172,425,1,875536591,171,420
172,1134,2,875536721,171,1099
172,772,1,875537099,171,758
173,687,1,877557132,172,673
174,412,1,886433919,173,408
174,871,1,886434166,173,848
174,118,2,886434186,173,115
174,1017,2,886434187,173,987
174,240,1,886434241,173,237
174,323,1,886434241,173,319
174,763,1,886434260,173,749
174,368,1,886434402,173,364
174,122,1,886434421,173,119
174,168,1,886434621,173,165
174,132,2,886439516,173,129
174,423,2,886514276,173,419
174,29,2,886514469,173,28
174,1139,2,886514651,173,1104
174,721,2,886514889,173,707
174,158,2,886514921,173,155
174,780,1,886515030,173,765
174,1001,1,886515030,173,971
174,94,2,886515062,173,93
174,41,1,886515063,173,40
174,401,1,886515063,173,397
174,396,1,886515104,173,392
174,384,1,886515121,173,380
174,67,1,886515130,173,66
174,386,1,886515130,173,382
174,395,1,886515154,173,391
174,383,1,886515171,173,379
174,862,1,886515172,173,839
174,21,1,886515209,173,20
174,80,1,886515210,173,79
174,575,1,886515239,173,565
174,364,1,886515240,173,360
174,456,1,886515240,173,447
174,369,1,886515272,173,365
174,407,1,886515295,173,403
174,571,1,886515295,173,561
174,577,1,886515295,173,567
174,388,1,886515335,173,384
174,988,1,886515335,173,958
174,82,1,886515472,173,81
174,843,2,886515551,173,824
174,951,1,886515551,173,924
174,768,1,886515569,173,754
174,1033,1,886515591,173,1003
175,273,2,877107640,174,270
175,100,2,877107712,174,99
175,508,1,877107712,174,499
175,56,2,877107790,174,55
175,669,1,877107790,174,656
176,286,2,886046979,175,283
176,751,1,886046979,175,737
176,294,2,886047220,175,291
176,343,2,886047595,175,339
176,257,1,886048188,175,254
176,952,2,886048230,175,925
176,405,2,886048262,175,401
177,300,2,880130434,176,297
177,270,1,880130452,176,267
177,321,2,880130481,176,317
177,336,2,880130500,176,332
177,260,2,880130534,176,257
177,289,2,880130534,176,286
177,322,2,880130534,176,318
177,69,1,880131088,176,68
177,121,2,880131123,176,118
178,294,2,882823301,177,291
178,340,1,882823353,177,336
178,259,1,882823437,177,256
178,984,2,882823530,177,955
178,1038,2,882823566,177,1008
178,9,2,882823758,177,8
178,298,2,882823905,177,295
178,1047,2,882824326,177,1017
178,235,1,882824467,177,232
178,823,2,882824592,177,805
178,819,2,882824670,177,801
178,460,2,882824869,177,451
178,1033,2,882824869,177,1003
178,106,2,882824983,177,103
178,978,2,882824983,177,950
178,156,2,882826395,177,153
178,197,2,882826720,177,194
178,135,2,882826915,177,132
178,39,2,882827645,177,38
178,214,1,882827985,177,211
178,179,2,882828320,177,176
178,319,1,884836946,177,315
178,1048,2,884837073,177,1018
178,244,1,884837126,177,241
178,876,2,886678484,177,853
178,881,2,886678484,177,858
178,260,1,886678700,177,257
178,358,1,888512993,177,354
178,877,2,888513069,177,854
178,864,2,888514648,177,841
179,902,1,892151064,178,878
179,362,1,892151231,178,358
179,303,1,892151270,178,300
179,353,1,892151270,178,349
179,750,1,892151270,178,736
179,1127,1,892151270,178,1092
179,321,1,892151331,178,317
179,331,2,892151331,178,327
179,339,1,892151366,178,335
179,1234,1,892151459,178,1190
179,690,1,892151489,178,676
180,181,2,877125956,179,178
180,153,1,877126182,179,150
180,201,2,877127189,179,198
180,367,1,877127486,179,363
180,790,1,877127572,179,773
180,67,1,877127591,179,66
180,716,1,877128119,179,702
180,778,2,877128388,179,763
180,12,2,877355568,179,11
180,1046,2,877442125,179,1016
181,286,1,878961173,180,283
181,294,2,878961173,180,291
181,332,2,878961173,180,328
181,301,2,878961303,180,298
181,323,2,878961304,180,319
181,748,1,878961368,180,734
181,245,2,878961369,180,242
181,678,2,878961369,180,664
181,457,1,878961474,180,448
181,681,1,878961474,180,667
181,948,1,878961474,180,921
181,269,1,878961511,180,266
181,302,2,878961511,180,299
181,331,1,878961511,180,327
181,305,2,878961542,180,302
181,873,1,878961542,180,850
181,879,2,878961542,180,856
181,995,1,878961585,180,965
181,304,1,878961586,180,301
181,749,1,878961586,180,735
181,938,1,878961586,180,911
181,260,1,878961623,180,257
181,321,2,878961623,180,317
181,886,1,878961623,180,863
181,264,2,878961624,180,261
181,259,1,878961668,180,256
181,330,1,878961668,180,326
181,359,1,878961668,180,355
181,688,1,878961668,180,674
181,877,2,878961668,180,854
181,880,1,878961668,180,857
181,1025,1,878961668,180,995
181,1265,1,878961668,180,1213
181,1280,1,878961668,180,1225
181,263,1,878961709,180,260
181,266,1,878961709,180,263
181,326,1,878961709,180,322
181,336,2,878961709,180,332
181,337,1,878961709,180,333
181,358,2,878961709,180,354
181,680,1,878961709,180,666
181,878,1,878961709,180,855
181,335,1,878961748,180,331
181,262,2,878961749,180,259
181,268,1,878961749,180,265
181,299,1,878961749,180,296
181,303,1,878961749,180,300
181,334,1,878961749,180,330
181,874,1,878961749,180,851
181,1392,1,878961749,180,1292
181,989,1,878961780,180,959
181,292,1,878961781,180,289
181,329,1,878961781,180,325
181,876,1,878961781,180,853
181,881,1,878961781,180,858
181,984,1,878961781,180,955
181,1026,1,878961781,180,996
181,1295,1,878961781,180,1237
181,242,1,878961814,180,239
181,243,1,878961814,180,240
181,261,1,878961814,180,258
181,322,1,878961814,180,318
181,324,1,878961814,180,320
181,325,2,878961814,180,321
181,687,1,878961814,180,673
181,872,1,878961814,180,849
181,990,1,878961814,180,960
181,991,1,878961814,180,961
181,308,1,878961847,180,305
181,883,1,878961847,180,860
181,884,1,878961847,180,861
181,988,2,878961847,180,958
181,1394,1,878961847,180,1293
181,1395,1,878961847,180,1294
181,360,1,878962005,180,356
181,887,1,878962005,180,864
181,1038,1,878962005,180,1008
181,306,1,878962006,180,303
181,307,1,878962006,180,304
181,683,1,878962006,180,669
181,882,1,878962006,180,859
181,885,1,878962006,180,862
181,1022,1,878962006,180,992
181,1296,1,878962006,180,1238
181,1385,1,878962051,180,1287
181,251,1,878962052,180,248
181,1068,1,878962052,180,1038
181,1173,1,878962052,180,1132
181,1331,1,878962052,180,1261
181,1347,1,878962052,180,1268
181,256,1,878962086,180,253
181,1255,1,878962086,180,1206
181,1302,1,878962086,180,1244
181,1317,1,878962086,180,1254
181,1346,1,878962086,180,1267
181,1367,2,878962086,180,1275
181,1380,1,878962086,180,1284
181,1383,1,878962086,180,1286
181,1161,1,878962119,180,1123
181,1323,1,878962119,180,1256
181,1386,1,878962119,180,1288
181,1389,1,878962119,180,1290
181,1333,1,878962120,180,1262
181,1358,1,878962120,180,1273
181,1252,1,878962168,180,1204
181,1342,1,878962168,180,1265
181,1379,1,878962168,180,1283
181,1388,1,878962168,180,1289
181,1391,1,878962168,180,1291
181,1369,1,878962199,180,1277
181,1174,1,878962200,180,1133
181,1321,1,878962200,180,1255
181,1353,1,878962200,180,1269
181,1368,1,878962200,180,1276
181,1328,1,878962240,180,1260
181,1338,1,878962240,180,1264
181,1344,1,878962240,180,1266
181,1357,1,878962240,180,1272
181,129,2,878962279,180,126
181,813,2,878962279,180,795
181,1120,1,878962279,180,1085
181,1128,1,878962279,180,1093
181,1372,1,878962279,180,1279
181,459,1,878962349,180,450
181,593,1,878962349,180,583
181,1242,1,878962349,180,1197
181,1288,1,878962349,180,1232
181,1312,1,878962349,180,1250
181,1381,2,878962349,180,1285
181,236,1,878962350,180,233
181,1093,1,878962391,180,1059
181,14,1,878962392,180,13
181,19,1,878962392,180,18
181,1137,1,878962392,180,1102
181,1086,1,878962464,180,1053
181,1324,1,878962464,180,1257
181,13,2,878962465,180,12
181,137,2,878962465,180,134
181,150,1,878962465,180,147
181,221,1,878962465,180,218
181,477,1,878962465,180,468
181,985,1,878962465,180,956
181,920,1,878962496,180,893
181,980,1,878962496,180,952
181,1017,1,878962496,180,987
181,1087,1,878962496,180,1054
181,1152,2,878962496,180,1115
181,1282,1,878962496,180,1227
181,1377,1,878962496,180,1282
181,116,1,878962550,180,113
181,124,1,878962550,180,121
181,408,1,878962550,180,404
181,847,1,878962550,180,828
181,919,1,878962550,180,892
181,1067,1,878962550,180,1037
181,1084,2,878962550,180,1051
181,1245,1,878962550,180,1200
181,1370,1,878962550,180,1278
181,126,2,878962585,180,123
181,1117,2,878962585,180,1082
181,1198,1,878962585,180,1156
181,456,1,878962586,180,447
181,1034,1,878962586,180,1004
181,1051,2,878962586,180,1021
181,1276,1,878962586,180,1221
181,1375,1,878962586,180,1280
181,18,1,878962623,180,17
181,224,1,878962623,180,221
181,455,1,878962623,180,446
181,870,2,878962623,180,847
181,1081,1,878962623,180,1050
181,1085,1,878962623,180,1052
181,718,1,878962675,180,704
181,766,1,878962675,180,752
181,829,1,878962675,180,811
181,927,1,878962675,180,900
181,933,1,878962675,180,906
181,1060,1,878962675,180,1030
181,1129,1,878962675,180,1094
181,1199,1,878962675,180,1157
181,149,1,878962719,180,146
181,475,2,878962720,180,466
181,547,1,878962720,180,537
181,744,2,878962720,180,730
181,952,1,878962720,180,925
181,1097,1,878962720,180,1062
181,1202,1,878962720,180,1160
181,93,1,878962773,180,92
181,1171,1,878962773,180,1130
181,1284,1,878962773,180,1229
181,273,1,878962774,180,270
181,713,2,878962774,180,699
181,864,2,878962774,180,841
181,1010,1,878962774,180,980
181,1115,1,878962774,180,1080
181,1197,1,878962774,180,1155
181,276,2,878962816,180,273
181,285,2,878962816,180,282
181,844,1,878962816,180,825
181,1187,1,878962816,180,1145
181,6,1,878962866,180,5
181,24,1,878962866,180,23
181,151,2,878962866,180,148
181,756,2,878962866,180,742
181,764,1,878962866,180,750
181,926,1,878962866,180,899
181,1047,2,878962866,180,1017
181,1289,1,878962866,180,1233
181,117,2,878962918,180,114
181,595,2,878962918,180,584
181,741,1,878962918,180,727
181,20,1,878962919,180,19
181,471,2,878962919,180,462
181,473,2,878962919,180,464
181,544,1,878962919,180,535
181,546,2,878962919,180,536
181,10,2,878962955,180,9
181,109,1,878962955,180,106
181,112,1,878962955,180,109
181,118,2,878962955,180,115
181,146,1,878962955,180,143
181,279,1,878962955,180,276
181,406,1,878962955,180,402
181,410,1,878962955,180,406
181,763,1,878962955,180,749
181,1095,1,878962955,180,1061
181,16,1,878962996,180,15
181,284,2,878962996,180,281
181,696,2,878962997,180,682
181,977,1,878962997,180,949
181,1028,2,878962997,180,998
181,1040,1,878962997,180,1010
181,866,1,878963037,180,843
182,283,2,885613153,181,280
183,449,2,891463592,182,440
183,181,2,891463937,182,178
183,250,2,891464352,182,247
183,257,2,891464558,182,254
183,265,2,891466350,182,262
183,375,2,891467545,182,371
183,431,2,891467545,182,426
183,50,2,891467546,182,49
183,54,2,891467546,182,53
183,225,1,891467546,182,222
183,1090,2,891467546,182,1057
183,1215,1,891467546,182,1172
183,62,2,891479217,182,61
184,1014,2,889907468,183,984
184,252,2,889907528,183,249
184,254,2,889907569,183,251
184,1117,2,889907771,183,1082
184,235,2,889907862,183,232
184,117,2,889907995,183,114
184,121,2,889908026,183,118
184,405,2,889908050,183,401
184,368,1,889908104,183,364
184,476,2,889908207,183,467
184,118,2,889908344,183,115
184,97,2,889908539,183,96
184,568,2,889909474,183,558
184,161,2,889909640,183,158
184,665,2,889910098,183,652
184,1297,2,889910257,183,1239
184,412,2,889912691,183,408
184,34,2,889913568,183,33
185,160,1,883524281,184,157
186,288,1,879022858,185,285
186,121,2,879023074,185,118
186,106,2,879023242,185,103
186,118,2,879023242,185,115
186,406,1,879023272,185,402
186,295,2,879023390,185,292
186,12,1,879023460,185,11
186,250,1,879023607,185,247
186,554,1,879023751,185,544
186,770,2,879023819,185,756
186,53,1,879023882,185,52
186,237,2,879023934,185,234
186,1385,2,879023968,185,1287
186,243,2,879024099,185,240
186,820,2,879024345,185,802
186,258,1,879720880,185,255
186,269,1,889818094,185,266
186,754,2,891717690,185,740
186,1399,2,891718530,185,1298
187,175,2,879465241,186,172
187,204,2,879465370,186,201
187,582,1,879465683,186,572
188,294,2,875071249,187,291
188,877,2,875071361,187,854
188,864,2,875072148,187,841
188,511,2,875072211,187,502
188,240,1,875072799,187,237
188,209,2,875073246,187,206
188,202,2,875073712,187,199
188,635,2,875074667,187,622
188,769,2,875074720,187,755
188,554,2,875074891,187,544
188,792,2,875075062,187,775
189,313,2,893263960,188,310
189,15,2,893264335,188,14
189,405,2,893264487,188,401
189,21,2,893264619,188,20
189,934,2,893264678,188,907
189,118,1,893264735,188,115
189,281,2,893264766,188,278
189,820,1,893264782,188,802
189,121,2,893264816,188,118
189,105,2,893264865,188,102
189,120,1,893264954,188,117
189,914,2,893265046,188,887
189,618,2,893265160,188,605
189,516,1,893265568,188,507
189,209,1,893265826,188,206
189,186,2,893266027,188,183
189,214,1,893266326,188,211
189,732,2,893277248,188,718
189,255,2,893277551,188,252
190,340,1,891033153,189,336
190,327,2,891033349,189,323
190,898,2,891033349,189,874
190,539,2,891033370,189,530
190,1313,2,891033445,189,1251
190,9,1,891033725,189,8
192,255,2,881367505,191,252
192,276,2,881367505,191,273
192,118,2,881367932,191,115
193,333,1,889123039,192,329
193,259,2,889123351,192,256
193,682,1,889123377,192,668
193,260,1,889123777,192,257
193,288,1,889123777,192,285
193,294,1,889123777,192,291
193,327,1,889123777,192,323
193,343,1,889123777,192,339
193,352,1,889123777,192,348
193,895,1,889123777,192,872
193,96,1,889124507,192,95
193,195,1,889124507,192,192
193,1090,2,889124778,192,1057
193,56,1,889125572,192,55
193,24,2,889125880,192,23
193,82,2,889125880,192,81
193,541,1,889125976,192,532
193,826,2,889126146,192,808
193,111,1,889126375,192,108
193,928,2,889126609,192,901
193,72,2,889127301,192,71
193,122,1,889127698,192,119
193,476,2,889127698,192,467
193,368,1,889127860,192,364
193,689,2,890834966,192,675
193,827,2,890859916,192,809
193,147,2,890860290,192,144
194,259,2,879520306,193,256
194,286,1,879520306,193,283
194,991,2,879520306,193,961
194,419,2,879521088,193,415
194,134,2,879521719,193,131
194,559,2,879521937,193,549
194,425,2,879522240,193,420
194,654,2,879522445,193,641
194,568,2,879522819,193,558
194,679,2,879523104,193,665
194,213,2,879523575,193,210
194,81,2,879523576,193,80
194,504,2,879523785,193,495
194,393,2,879524007,193,389
194,562,2,879524007,193,552
194,705,2,879524007,193,691
194,692,2,879524215,193,678
194,82,2,879524216,193,81
194,212,1,879524216,193,209
194,62,2,879524504,193,61
194,1044,2,879524579,193,1014
194,385,2,879524643,193,381
194,1045,2,879524644,193,1015
194,356,2,879524892,193,352
194,417,2,879525695,193,413
194,624,2,879525695,193,611
194,366,2,879525761,193,362
194,451,2,879527145,193,442
194,387,2,879527146,193,383
194,642,2,879527514,193,629
194,241,2,879527725,193,238
194,403,2,879527725,193,399
194,219,2,879527865,193,216
194,780,2,879527865,193,765
194,783,2,879527865,193,768
194,808,2,879527999,193,790
194,29,2,879528342,193,28
194,399,2,879528454,193,395
194,576,2,879528568,193,566
194,376,2,879528752,193,372
194,227,1,879535548,193,224
194,228,1,879535548,193,225
194,229,1,879535548,193,226
194,230,1,879535548,193,227
194,289,1,879535548,193,286
194,640,1,879535548,193,627
194,78,1,879535549,193,77
194,380,1,879535549,193,376
194,582,1,879535549,193,572
194,790,1,879535549,193,773
194,222,1,879538960,193,219
194,405,2,879539305,193,401
194,864,2,879539305,193,841
194,121,2,879539794,193,118
194,274,2,879539794,193,271
194,281,2,879540567,193,278
194,25,2,879540807,193,24
194,1028,2,879541148,193,998
194,235,2,879541343,193,232
194,820,1,879541742,193,802
194,456,1,879544303,193,447
194,631,2,879546551,193,618
194,125,2,879548026,193,122
194,736,2,879548122,193,722
195,67,2,874825826,194,66
195,384,2,874825826,194,380
195,386,2,874825826,194,382
195,771,2,874825826,194,757
195,779,2,874825826,194,764
195,1415,1,874825827,194,1310
195,748,2,876632518,194,734
195,1228,1,876632600,194,1185
195,1052,1,877835102,194,1022
195,1413,2,877835268,194,1309
195,407,2,877835302,194,403
195,982,2,877835350,194,953
195,1030,2,877835451,194,1000
195,325,2,880268330,194,321
195,358,2,883463275,194,354
195,636,2,884504132,194,623
195,831,2,884504132,194,812
195,477,2,885110922,194,468
196,257,2,881251577,195,254
196,173,2,881251820,195,170
196,13,2,881251955,195,12
196,580,2,881252056,195,570
197,333,2,891409111,196,329
197,306,2,891409160,196,303
197,340,2,891409199,196,336
197,354,2,891409199,196,350
197,286,1,891409255,196,283
197,332,2,891409290,196,328
197,271,2,891409352,196,268
197,259,1,891409422,196,256
197,688,1,891409564,196,674
197,678,2,891409593,196,664
197,56,1,891409799,196,55
197,11,1,891409893,196,10
197,385,2,891409893,196,381
197,679,1,891409935,196,665
197,33,2,891409981,196,32
197,184,1,891409981,196,181
197,39,2,891409982,196,38
197,518,1,891409982,196,509
197,62,2,891410039,196,61
197,720,2,891410039,196,706
197,68,2,891410082,196,67
197,92,1,891410082,196,91
197,399,2,891410082,196,395
197,947,2,891410083,196,920
197,373,1,891410124,196,369
197,1419,2,891410124,196,1312
198,300,2,884204427,197,297
198,748,2,884204577,197,734
198,323,2,884204637,197,319
198,298,1,884204993,197,295
198,25,2,884205114,197,24
198,117,1,884205114,197,114
198,291,2,884205219,197,288
198,249,2,884205277,197,246
198,871,1,884205277,197,848
198,24,2,884205385,197,23
198,410,1,884205385,197,406
198,237,2,884206191,197,234
198,6,2,884206270,197,5
198,1014,2,884206330,197,984
198,405,2,884206428,197,401
198,118,2,884206513,197,115
198,823,2,884206587,197,805
198,411,1,884206659,197,407
198,1244,2,884206659,197,1199
198,820,1,884206773,197,802
198,369,1,884206806,197,365
198,122,1,884206807,197,119
198,1094,1,884206807,197,1060
198,824,2,884206847,197,806
198,707,2,884207009,197,693
198,100,1,884207325,197,99
198,65,2,884208241,197,64
198,433,2,884208326,197,428
198,692,2,884208377,197,678
198,27,2,884208595,197,26
199,892,1,883782485,198,869
199,324,1,883782509,198,320
199,539,1,883782509,198,530
199,989,1,883782509,198,959
199,259,1,883782583,198,256
199,243,1,883782636,198,240
199,294,1,883782636,198,291
199,322,2,883782636,198,318
199,678,1,883782636,198,664
199,687,1,883782655,198,673
199,948,1,883782655,198,921
199,988,1,883782655,198,958
199,1,1,883782854,198,0
200,24,2,884127370,199,23
200,652,2,884127370,199,639
200,934,2,884127370,199,907
200,409,2,884127431,199,405
200,235,2,884128065,199,232
200,1028,2,884128176,199,998
200,48,2,884129029,199,47
200,401,2,884130085,199,397
200,580,2,884130114,199,570
201,258,2,884110667,200,255
201,303,2,884110667,200,300
201,286,2,884110702,200,283
201,332,2,884110887,200,328
201,333,2,884110927,200,329
201,886,1,884110927,200,863
201,304,2,884110967,200,301
201,319,2,884110967,200,315
201,289,2,884111064,200,286
201,326,2,884111095,200,322
201,358,1,884111095,200,354
201,210,2,884111270,200,207
201,1069,2,884111312,200,1039
201,128,2,884111546,200,125
201,847,2,884111546,200,828
201,521,2,884111637,200,512
201,1355,1,884111637,200,1270
201,421,2,884111708,200,417
201,454,2,884111830,200,445
201,1073,2,884111899,200,1043
201,45,2,884111958,200,44
201,61,2,884111986,200,60
201,702,1,884111986,200,688
201,206,2,884112029,200,203
201,737,2,884112077,200,723
201,960,2,884112077,200,932
201,1006,2,884112136,200,976
201,22,2,884112201,200,21
201,181,2,884112245,200,178
201,232,2,884112282,200,229
201,273,2,884112352,200,270
201,281,2,884112352,200,278
201,431,1,884112352,200,426
201,583,1,884112352,200,573
201,686,2,884112352,200,672
201,39,1,884112427,200,38
201,385,2,884112427,200,381
201,825,1,884112427,200,807
201,2,2,884112487,200,1
201,68,2,884112487,200,67
201,117,2,884112487,200,114
201,241,2,884112487,200,238
201,441,1,884112537,200,433
201,558,2,884112537,200,548
201,844,2,884112537,200,825
201,559,2,884112627,200,549
201,672,2,884112673,200,659
201,1098,2,884112747,200,1063
201,116,1,884112800,200,113
201,69,2,884112901,200,68
201,1056,2,884113592,200,1026
201,747,2,884113635,200,733
201,531,2,884113949,200,522
201,1427,2,884113975,200,1316
201,1426,2,884114015,200,1315
201,31,1,884114232,200,30
201,123,2,884114233,200,120
201,979,2,884114233,200,951
201,121,2,884114275,200,118
201,406,1,884114505,200,402
201,370,1,884114506,200,366
201,37,2,884114635,200,36
201,667,2,884114682,200,654
201,774,1,884114713,200,760
201,800,2,884114713,200,783
201,440,2,884114770,200,432
201,452,1,884114770,200,443
201,551,1,884114770,200,541
201,665,2,884114770,200,652
201,563,1,884114813,200,553
201,590,1,884114813,200,580
201,467,2,884139983,200,458
201,175,2,884140022,200,172
201,97,2,884140115,200,96
201,695,1,884140115,200,681
201,20,2,884140275,200,19
201,239,1,884140275,200,236
201,544,2,884140307,200,535
201,215,2,884140382,200,212
201,1163,1,884140382,200,1124
201,282,2,884140428,200,279
201,81,1,884140488,200,80
201,464,1,884140522,200,455
201,146,1,884140579,200,143
201,471,2,884140637,200,462
201,1136,1,884140637,200,1101
201,1401,2,884140670,200,1300
201,125,2,884140709,200,122
201,1153,2,884140709,200,1116
201,631,2,884140750,200,618
201,51,2,884140751,200,50
201,148,1,884140751,200,145
201,1227,1,884140787,200,1184
201,77,2,884140788,200,76
201,1045,2,884140788,200,1015
201,380,1,884140825,200,376
201,387,2,884140825,200,383
201,546,2,884140891,200,536
201,1224,2,884140891,200,1181
201,36,1,884140927,200,35
201,676,2,884140927,200,663
201,402,2,884140975,200,398
201,729,2,884140975,200,715
201,1220,2,884140975,200,1177
201,366,2,884141015,200,362
201,462,1,884141208,200,453
202,286,1,879726342,201,283
202,481,1,879726642,201,472
202,515,1,879726778,201,506
202,173,2,879726914,201,170
203,294,2,880433398,202,291
203,748,2,880433474,202,734
203,890,2,880433499,202,867
203,100,1,880434411,202,99
203,1049,2,880434463,202,1019
203,744,2,880434495,202,730
204,321,1,892388900,203,317
204,258,2,892388976,203,255
204,880,2,892388976,203,857
204,310,1,892389073,203,307
204,259,2,892389195,203,256
204,333,1,892391748,203,329
204,336,1,892391854,203,332
204,748,1,892392030,203,734
205,286,2,888284245,204,283
205,1025,1,888284495,204,995
205,875,2,888284532,204,852
205,268,2,888284618,204,265
205,678,1,888284618,204,664
205,984,1,888284710,204,955
206,300,1,888179565,205,297
206,309,2,888179647,205,306
206,294,2,888179694,205,291
206,690,2,888179694,205,676
206,326,1,888179713,205,322
206,245,1,888179772,205,242
206,343,1,888179788,205,339
206,323,1,888179833,205,319
206,678,1,888179833,205,664
206,990,1,888179913,205,960
206,336,1,888179928,205,332
206,359,1,888179980,205,355
206,683,1,888179980,205,669
206,749,2,888179980,205,735
206,900,1,888179980,205,876
206,1022,1,888179980,205,992
206,1313,1,888179981,205,1251
206,1394,1,888179981,205,1293
206,362,1,888180018,205,358
206,903,2,888180018,205,879
206,1233,1,888180018,205,1189
206,1429,1,888180018,205,1318
206,1431,1,888180018,205,1319
207,100,2,875503786,206,99
207,475,2,875503932,206,466
207,286,2,875504669,206,283
207,276,2,875504835,206,273
207,1170,2,875506807,206,1129
207,997,1,875508693,206,967
207,92,2,875509346,206,91
207,562,2,875509507,206,552
207,183,2,875509832,206,180
207,875,2,875718889,206,852
207,414,2,876078916,206,410
207,792,2,876079016,206,775
207,238,2,876079087,206,235
207,68,2,877125350,206,67
207,226,2,877125390,206,223
207,33,2,877125422,206,32
207,810,2,877125506,206,792
207,826,2,877751143,206,808
207,1435,2,877821612,206,1321
207,135,2,877822350,206,132
207,554,2,877822854,206,544
207,175,1,877845982,206,172
207,3,2,877846284,206,2
207,631,2,877847187,206,618
207,18,2,877878739,206,17
207,756,2,877878923,206,742
207,154,2,878088217,206,151
207,156,2,878104438,206,153
207,293,2,878104486,206,290
207,88,2,878104627,206,87
207,290,2,878104627,206,287
207,160,2,878191632,206,157
207,1115,2,879664906,206,1080
207,538,2,880853139,206,529
207,53,1,881681725,206,52
207,1226,2,882081278,206,1183
207,328,2,884386312,206,324
207,476,2,884386343,206,467
208,302,1,883108157,207,299
208,367,2,883108324,207,363
208,56,2,883108360,207,55
209,286,2,883417458,208,283
209,249,2,883417640,208,246
209,129,2,883417667,208,126
209,276,2,883417796,208,273
209,304,2,883460468,208,301
210,662,2,887730221,209,649
210,763,2,887730750,209,749
210,926,2,887730909,209,899
210,243,2,887734998,209,240
211,687,2,879437184,210,673
211,275,2,879460096,210,272
211,443,1,879460096,210,434
211,357,2,879460172,210,353
211,300,2,879461395,210,297
211,876,2,879461395,210,853
211,890,2,879461395,210,867
211,1127,1,879461395,210,1092
211,181,1,879461498,210,178
212,127,2,879303571,211,124
212,863,2,879303863,211,840
212,180,1,879303974,211,177
212,179,1,879304010,211,176
213,1,2,878870719,212,0
213,1215,1,878871089,212,1172
213,235,1,878955115,212,232
213,756,2,878955319,212,742
213,474,2,878955635,212,465
214,268,2,891542445,213,265
214,872,2,891542492,213,849
214,752,2,891542578,213,738
214,246,2,891542968,213,243
214,250,2,891543036,213,247
214,960,2,891544152,213,932
214,69,2,891544445,213,68
215,288,2,891434563,214,285
215,238,2,891435526,214,235
215,212,2,891435680,214,209
215,11,2,891436024,214,10
215,8,2,891436177,214,7
215,450,2,891436470,214,441
216,280,2,880233043,215,277
216,764,2,880233153,215,750
216,412,2,880233197,215,408
216,546,2,880233197,215,536
216,833,2,880233233,215,814
216,368,2,880233298,215,364
216,231,2,880245109,215,228
216,1035,1,880245238,215,1005
216,66,2,881428365,215,65
216,143,2,881428956,215,140
216,402,2,881432430,215,398
216,577,1,881432453,215,567
216,364,2,881721863,215,360
216,72,2,881721890,215,71
217,258,1,889069536,216,255
217,50,1,889069684,216,49
217,172,1,889069684,216,169
217,385,2,889069808,216,381
217,808,2,889069808,216,790
217,281,2,889069842,216,278
217,550,1,889069842,216,540
217,181,1,889069878,216,178
217,226,1,889069878,216,223
217,636,2,889069878,216,623
217,121,1,889069944,216,118
217,1303,2,889069944,216,1245
217,53,1,889069974,216,52
217,27,1,889070011,216,26
217,29,2,889070011,216,28
217,363,1,889070011,216,359
217,62,2,889070050,216,61
217,398,1,889070050,216,394
217,586,2,889070050,216,576
217,1222,1,889070050,216,1179
217,1228,2,889070050,216,1185
217,540,1,889070087,216,531
217,576,1,889070087,216,566
217,840,1,889070087,216,821
218,288,2,877487931,217,285
218,39,2,881288265,217,38
219,347,1,889386819,218,343
219,13,1,889452455,218,12
219,38,1,889452455,218,37
219,71,1,889452455,218,70
219,82,1,889452455,218,81
219,568,1,889452455,218,558
221,109,2,875244369,220,106
221,476,2,875244673,220,467
221,121,2,875244813,220,118
221,118,1,875244940,220,115
221,407,2,875245100,220,403
221,423,2,875245167,220,419
221,485,2,875245265,220,476
221,59,2,875245514,220,58
221,151,1,875246008,220,148
221,38,2,875246506,220,37
221,258,1,875247297,220,255
221,402,2,875393426,220,398
222,358,2,877562839,221,354
222,410,2,877563326,221,406
222,225,1,877563353,221,222
222,819,2,877563353,221,801
222,473,1,877563622,221,464
222,1089,1,877563659,221,1056
222,240,2,877563716,221,237
222,717,1,877563716,221,703
222,815,2,877563716,221,797
222,934,2,877563758,221,907
222,250,2,877563801,221,247
222,363,2,877563852,221,359
222,278,2,877563913,221,275
222,833,2,877563913,221,814
222,252,2,877563934,221,249
222,472,2,877563998,221,463
222,1291,2,877564031,221,1234
222,412,1,877564050,221,408
222,597,1,877564076,221,586
222,270,2,878181181,221,267
222,261,1,878181251,221,258
222,457,1,878181287,221,448
222,426,1,878181351,221,421
222,234,2,878181387,221,231
222,367,2,878181563,221,363
222,90,2,878181647,221,89
222,145,2,878181804,221,142
222,132,2,878181829,221,129
222,191,2,878181906,221,188
222,772,2,878181906,221,758
222,747,2,878181976,221,733
222,231,2,878182005,221,228
222,160,1,878182154,221,157
222,946,2,878182237,221,919
222,419,2,878182279,221,415
222,8,1,878182307,221,7
222,133,1,878182338,221,130
222,375,1,878182880,221,371
222,418,2,878182959,221,414
222,102,2,878183043,221,101
222,17,2,878183079,221,16
222,1218,1,878183218,221,1175
222,506,2,878183264,221,497
222,396,1,878183381,221,392
222,1078,2,878183449,221,1047
222,716,2,878183481,221,702
222,81,1,878183565,221,80
222,422,2,878183657,221,418
222,637,2,878183713,221,624
222,91,2,878183777,221,90
222,672,1,878183777,221,659
222,542,2,878183837,221,533
222,465,2,878183898,221,456
222,715,2,878183924,221,701
222,142,2,878183984,221,139
222,1079,1,878183984,221,1048
222,623,2,878183985,221,610
222,35,1,878184007,221,34
222,1060,2,878184055,221,1030
222,162,2,878184087,221,159
222,379,1,878184290,221,375
222,1178,2,878184392,221,1137
222,401,2,878184422,221,397
222,810,2,878184446,221,792
222,452,1,878184514,221,443
222,552,2,878184596,221,542
222,665,1,878184719,221,652
222,388,2,878184765,221,384
222,569,2,878184866,221,559
222,78,1,878184899,221,77
222,783,2,878184899,221,768
222,1206,2,878184899,221,1164
222,395,1,878184924,221,391
222,1419,1,878184947,221,1312
222,541,2,878184973,221,532
222,768,2,878185014,221,754
222,790,1,878185068,221,773
222,38,2,878185102,221,37
222,1087,1,878185102,221,1054
222,364,1,878185137,221,360
222,577,1,878185137,221,567
222,247,1,878714998,221,244
222,338,1,881058145,221,334
222,812,2,881059117,221,794
222,529,2,881059537,221,520
222,679,2,881059678,221,665
222,972,2,881059758,221,944
222,441,2,881059920,221,433
222,378,1,881059993,221,374
222,1035,2,881060015,221,1005
222,140,1,881060062,221,137
222,80,2,881060155,221,79
222,233,2,881060205,221,230
222,377,1,881060205,221,373
222,386,2,881060205,221,382
222,501,2,881060331,221,492
222,468,2,881060412,221,459
222,816,1,881060412,221,798
222,554,2,881060435,221,544
222,1066,1,881060435,221,1036
222,40,1,881060550,221,39
222,1179,1,881060550,221,1138
222,719,1,881060578,221,705
222,769,2,881060608,221,755
222,1029,1,881060608,221,999
222,1207,2,881060659,221,1165
222,734,2,881060735,221,720
222,1239,2,881060762,221,1194
222,571,2,881060823,221,561
222,148,2,881061164,221,145
222,929,1,881061213,221,902
222,120,2,881061304,221,117
222,368,1,881061326,221,364
222,931,1,881061396,221,904
223,286,1,891548562,222,283
223,258,1,891548802,222,255
223,908,1,891548802,222,883
223,321,1,891548920,222,317
223,289,1,891549017,222,286
223,323,2,891549017,222,319
223,329,2,891549079,222,325
223,25,1,891549382,222,24
223,1009,1,891549475,222,979
223,619,2,891549570,222,606
223,248,1,891549683,222,245
223,284,2,891549683,222,281
223,1150,2,891549841,222,1114
223,249,2,891549876,222,246
223,118,2,891549945,222,115
223,924,1,891549975,222,897
223,405,1,891550005,222,401
223,411,1,891550005,222,407
223,975,1,891550094,222,947
223,846,2,891550193,222,827
223,369,1,891550253,222,365
223,620,2,891550253,222,607
223,977,2,891550295,222,949
223,1284,1,891550295,222,1229
223,252,1,891550326,222,249
223,930,2,891550326,222,903
223,826,1,891550404,222,808
223,1052,1,891550404,222,1022
223,717,1,891550470,222,703
223,1300,1,891550470,222,1242
223,120,2,891550504,222,117
223,974,2,891550504,222,946
223,8,2,891550684,222,7
223,185,2,891550684,222,182
224,322,2,888082013,223,318
224,325,1,888082045,223,321
224,321,2,888082134,223,317
224,687,2,888082135,223,673
224,873,2,888082187,223,850
224,243,2,888082277,223,240
224,991,1,888082277,223,961
224,962,2,888082584,223,934
224,1045,2,888082766,223,1015
224,744,1,888103646,223,730
224,135,1,888103671,223,132
224,583,1,888103729,223,573
224,70,2,888103812,223,69
224,92,1,888103812,223,91
224,221,2,888103812,223,218
224,544,1,888103812,223,535
224,658,1,888103840,223,645
224,632,2,888103872,223,619
224,518,1,888103906,223,509
224,556,1,888103942,223,546
224,149,1,888103999,223,146
224,778,1,888104057,223,763
224,708,2,888104153,223,694
224,1163,2,888104154,223,1124
224,212,1,888104188,223,209
224,469,1,888104219,223,460
224,581,1,888104219,223,571
224,977,2,888104281,223,949
224,723,2,888104313,223,709
224,980,1,888104353,223,952
224,1085,1,888104393,223,1052
224,1212,2,888104457,223,1170
224,20,1,888104487,223,19
224,715,1,888104487,223,701
225,245,2,879539315,224,242
225,143,2,879540748,224,140
226,92,2,883889102,225,91
226,507,2,883889146,225,498
226,182,1,883889322,225,179
226,283,2,883889811,225,280
227,288,2,879035072,226,285
227,748,1,879035387,226,734
227,117,2,879035493,226,114
227,823,2,879035599,226,805
227,250,2,879035637,226,247
227,249,2,879035775,226,246
227,1028,2,879035803,226,998
227,1047,2,879035834,226,1017
227,934,2,879035874,226,907
227,121,2,879035934,226,118
227,240,1,879035934,226,237
227,405,2,879035934,226,401
227,460,2,879035963,226,451
228,886,1,889387173,227,863
228,938,1,889387173,227,911
228,327,1,889387216,227,323
229,313,2,891631948,228,310
229,750,2,891631948,228,736
229,258,2,891632040,228,255
229,303,1,891632073,228,300
229,347,1,891632073,228,343
229,300,2,891632142,228,297
229,328,1,891632142,228,324
229,886,1,891632164,228,863
229,316,1,891632347,228,312
229,937,2,891632347,228,910
229,875,1,891632402,228,852
229,260,1,891632437,228,257
229,358,1,891632437,228,354
229,315,1,891632945,228,311
230,240,1,880484320,229,237
230,182,2,880484370,229,179
230,96,2,880484683,229,95
230,238,1,880484778,229,235
230,203,2,880484890,229,200
230,135,2,880485216,229,132
230,228,2,880485216,229,225
230,385,1,880485235,229,381
230,209,1,880485283,229,206
230,621,2,880485380,229,608
230,233,1,880485513,229,230
230,447,1,880485513,229,438
230,693,2,880485594,229,679
230,284,1,880485634,229,281
230,511,2,880485656,229,502
231,151,1,879966209,230,148
232,294,2,880062259,231,291
232,515,2,880062413,231,506
232,508,1,880062447,231,499
232,275,2,885939945,231,272
232,8,2,888549757,231,7
232,1128,2,888549907,231,1093
233,640,2,875508639,232,627
233,12,2,880610333,232,11
234,268,2,891033261,233,265
234,321,2,891033393,233,317
234,751,2,891033394,233,737
234,307,2,891033427,233,304
234,258,2,891033627,233,255
234,872,2,891033627,233,849
234,259,2,891033686,233,256
234,328,2,891033772,233,324
234,329,2,891033922,233,325
234,984,2,891033966,233,955
234,989,2,891033966,233,959
234,322,2,891034007,233,318
234,358,1,891034007,233,354
234,243,1,891034107,233,240
234,874,1,891227463,233,851
234,16,2,891227771,233,15
234,7,2,891227813,233,6
234,221,2,891227814,233,218
234,546,1,891227851,233,536
234,619,2,891227851,233,606
234,980,2,891227851,233,952
234,596,2,891227979,233,585
234,472,2,891228099,233,463
234,929,1,891228099,233,902
234,844,2,892078521,233,825
234,207,2,892078605,233,204
234,156,2,892078936,233,153
234,195,2,892078936,233,192
234,175,2,892079076,233,172
234,11,2,892079140,233,10
234,1184,2,892079237,233,1142
234,188,2,892079288,233,185
234,116,2,892079434,233,113
234,632,2,892079538,233,619
234,950,2,892079538,233,923
234,204,2,892079617,233,201
234,1015,2,892079617,233,985
234,433,2,892079910,233,428
234,623,2,892318107,233,610
234,571,2,892318158,233,561
234,503,2,892333653,233,494
234,86,2,892333765,233,85
234,939,2,892333798,233,912
234,12,1,892333830,233,11
234,693,2,892333980,233,679
234,48,2,892334107,233,47
234,96,2,892334141,233,95
234,630,2,892334141,233,617
234,317,2,892334189,233,313
234,959,2,892334189,233,931
234,97,2,892334267,233,96
234,1003,2,892334267,233,973
234,73,2,892334368,233,72
234,157,2,892334400,233,154
234,843,2,892334400,233,824
234,47,2,892334543,233,46
234,445,2,892334713,233,436
234,732,2,892334713,233,718
234,140,2,892334766,233,137
234,806,2,892334766,233,788
234,951,1,892334766,233,924
234,465,2,892334803,233,456
234,85,2,892334852,233,84
234,142,2,892334852,233,139
234,421,1,892334852,233,417
234,212,2,892334883,233,209
234,550,2,892334883,233,540
234,117,2,892334976,233,114
234,616,2,892334976,233,603
234,925,2,892334976,233,898
234,241,2,892335042,233,238
234,393,2,892335108,233,389
234,477,1,892335108,233,468
234,566,2,892335108,233,556
234,1168,2,892335108,233,1127
234,2,2,892335142,233,1
234,746,2,892335213,233,732
234,385,2,892335309,233,381
234,622,2,892335415,233,609
234,1010,2,892335415,233,980
234,1100,2,892335500,233,1065
234,832,2,892335501,233,813
234,1205,1,892335501,233,1163
234,218,2,892335541,233,215
234,76,2,892335564,233,75
234,102,2,892335616,233,101
234,226,2,892335673,233,223
234,403,1,892335674,233,399
234,702,2,892335707,233,688
234,808,2,892335707,233,790
234,781,2,892335764,233,766
234,470,2,892335797,233,461
234,40,2,892335894,233,39
234,557,1,892335989,233,547
234,233,2,892335990,233,230
234,768,2,892335990,233,754
234,850,2,892336047,233,831
234,712,2,892336077,233,698
234,1170,1,892336077,233,1129
234,160,2,892336119,233,157
234,130,1,892336194,233,127
234,731,2,892336194,233,717
234,1044,2,892336194,233,1014
234,54,2,892336257,233,53
234,219,2,892336287,233,216
234,928,2,892336287,233,901
234,401,2,892336322,233,397
234,412,2,892336322,233,408
234,552,2,892336322,233,542
234,1051,2,892336322,233,1021
234,1078,2,892336322,233,1047
234,635,2,892336358,233,622
235,1105,2,889654460,234,1070
235,338,1,889654821,234,334
235,66,2,889655266,234,65
235,82,2,889655403,234,81
235,431,2,889655490,234,426
235,747,2,889655550,234,733
235,65,2,889655723,234,64
236,176,2,890115933,235,173
236,196,1,890115966,235,193
236,1039,2,890115996,235,1009
236,135,2,890116033,235,132
236,265,2,890116191,235,262
236,523,2,890116221,235,514
236,273,1,890116670,235,270
236,88,2,890116709,235,87
236,294,2,890116895,235,291
236,532,2,890116915,235,523
236,151,2,890116964,235,148
236,274,1,890117073,235,271
236,864,2,890117073,235,841
236,411,1,890117095,235,407
236,696,2,890117223,235,682
236,685,2,890117308,235,671
236,756,1,890117353,235,742
236,1013,2,890117465,235,983
236,153,2,890118075,235,150
236,210,2,890118153,235,207
236,183,2,890118206,235,180
237,499,2,879376487,236,490
238,151,2,883576398,237,148
238,815,2,883576398,237,797
239,268,2,889178512,238,265
239,286,1,889178512,238,283
239,288,2,889178513,238,285
239,300,1,889178513,238,297
239,690,1,889178513,238,676
239,514,1,889178562,238,505
239,64,1,889178616,238,63
239,190,1,889178616,238,187
239,318,1,889178798,238,314
239,186,1,889179253,238,183
239,203,1,889179291,238,200
239,69,1,889179544,238,68
239,47,2,889180169,238,46
239,228,2,889180651,238,225
239,1115,2,889180651,238,1080
239,1192,1,889180949,238,1150
241,690,2,887249482,240,676
241,682,2,887249745,240,668
243,237,2,879987148,242,234
243,280,1,879987148,242,277
243,93,2,879987173,242,92
243,129,2,879987526,242,126
243,1368,2,879987909,242,1276
244,301,2,880601905,243,298
244,144,1,880602264,243,141
244,226,1,880602264,243,223
244,550,1,880602264,243,540
244,367,1,880603442,243,363
244,255,2,880604077,243,252
244,732,1,880604148,243,718
244,222,2,880604379,243,219
244,291,2,880604379,243,288
244,455,2,880604503,243,446
244,121,1,880604583,243,118
244,685,2,880604642,243,671
244,1012,2,880604670,243,982
244,117,2,880604698,243,114
244,235,1,880604910,243,232
244,118,2,880604981,243,115
244,818,2,880605010,243,800
244,148,2,880605071,243,145
244,756,2,880605157,243,742
244,220,2,880605264,243,217
244,1047,2,880605264,243,1017
244,105,2,880605333,243,102
244,1079,2,880605333,243,1048
244,1095,2,880605333,243,1061
244,32,2,880605514,243,31
244,97,2,880605514,243,96
244,950,1,880606274,243,923
244,1225,2,880606818,243,1182
244,471,1,880606874,243,462
244,51,2,880606923,243,50
244,468,1,880606947,243,459
244,1053,2,880606993,243,1023
244,17,2,880607205,243,16
244,62,2,880607269,243,61
244,54,2,880607335,243,53
244,40,2,880608016,243,39
244,365,2,880608599,243,361
244,1107,2,880608699,243,1072
245,133,2,888513058,244,130
245,94,2,888513081,244,93
245,473,2,888513344,244,464
246,56,1,884920948,245,55
246,215,2,884921058,245,212
246,92,1,884921661,245,91
246,77,2,884921839,245,76
246,597,2,884921965,245,586
246,82,2,884921986,245,81
246,385,1,884922272,245,381
246,284,1,884922475,245,281
246,628,1,884922554,245,615
246,1135,1,884922605,245,1100
246,17,2,884922658,245,16
246,289,2,884922658,245,286
246,739,2,884922678,245,725
246,29,1,884922740,245,28
246,101,2,884922740,245,100
246,1044,1,884922869,245,1014
246,231,1,884922898,245,228
246,679,2,884922917,245,665
246,451,2,884923003,245,442
246,356,2,884923047,245,352
246,38,2,884923175,245,37
246,118,1,884923175,245,115
246,410,1,884923175,245,406
246,412,1,884923305,245,408
246,578,2,884923306,245,568
246,80,2,884923329,245,79
246,226,2,884923329,245,223
246,409,2,884923372,245,405
246,3,2,884923390,245,2
246,1232,1,884923425,245,1188
246,561,1,884923445,245,551
246,802,1,884923471,245,785
246,94,2,884923505,245,93
246,941,1,884923547,245,914
246,570,1,884923592,245,560
246,720,1,884923592,245,706
246,384,2,884923632,245,380
246,155,1,884923687,245,152
246,849,1,884923687,245,830
246,138,1,884923715,245,135
246,401,1,884923750,245,397
246,809,2,884923767,245,791
246,41,2,884923811,245,40
246,585,1,884923811,245,575
246,1139,2,884923811,245,1104
246,728,1,884923829,245,714
246,827,1,884923829,245,809
246,841,1,884923829,245,822
246,576,1,884923864,245,566
246,932,1,884923864,245,905
246,67,2,884923893,245,66
246,145,1,884923922,245,142
246,158,1,884923955,245,155
246,1228,1,884923971,245,1185
246,798,2,884924001,245,781
246,831,1,884924025,245,812
246,765,2,884924026,245,751
246,1411,2,884924026,245,1308
246,748,1,884924441,245,734
246,294,2,884924460,245,291
246,252,1,884924473,245,249
246,254,1,884924710,245,251
246,1052,1,884924710,245,1022
246,1089,1,884924710,245,1056
246,930,2,884924764,245,903
246,743,1,884924780,245,729
246,368,1,884924813,245,364
246,758,1,884924813,245,744
247,271,2,893081411,246,268
247,300,2,893081411,246,297
248,323,1,884534472,247,319
248,474,2,884534672,247,465
248,69,1,884534695,247,68
248,22,2,884534752,247,21
248,7,2,884534968,247,6
248,196,2,884535013,247,193
248,484,2,884535013,247,475
248,283,1,884535157,247,280
249,252,2,879571998,248,249
249,245,2,879571999,248,242
249,597,2,879640436,248,586
249,826,1,879640481,248,808
249,290,2,879640521,248,287
249,930,2,879640585,248,903
250,294,1,878089033,249,291
250,324,2,878089033,249,320
250,748,2,878089033,249,734
250,323,2,878089100,249,319
250,678,2,878089182,249,664
250,688,2,878089182,249,674
250,991,2,878089202,249,961
250,9,2,878089547,249,8
250,237,2,878089753,249,234
250,235,2,878089786,249,232
250,153,2,878090066,249,150
250,96,2,878090254,249,95
250,204,2,878091682,249,201
250,184,1,878091683,249,181
250,195,2,878091736,249,192
250,751,2,883262694,249,737
250,259,1,883262792,249,256
250,687,1,883263007,249,673
251,468,2,886271641,250,459
251,748,2,886272175,250,734
251,476,2,886272407,250,467
251,866,2,886272514,250,843
251,148,2,886272547,250,145
254,259,2,886470859,253,256
254,343,2,886470904,253,339
254,457,2,886470931,253,448
254,163,2,886472023,253,160
254,610,2,886472291,253,597
254,629,2,886472337,253,616
254,168,1,886472400,253,165
254,679,2,886472434,253,665
254,214,1,886472608,253,211
254,432,2,886473158,253,427
254,624,2,886473254,253,611
254,112,2,886473631,253,109
254,616,1,886473736,253,603
254,138,1,886474122,253,135
254,436,2,886474216,253,431
254,151,2,886474396,253,148
254,451,2,886474426,253,442
254,1263,1,886474426,253,1211
254,649,1,886474619,253,636
254,1028,2,886474619,253,998
254,379,1,886474650,253,375
254,1470,2,886474650,253,1346
254,843,2,886474807,253,824
254,29,2,886474847,253,28
254,75,1,886475004,253,74
254,665,2,886475234,253,652
254,548,2,886475319,253,538
254,90,1,886475406,253,89
254,573,2,886475476,253,563
254,386,2,886475616,253,382
254,871,2,886475682,253,848
254,35,2,886475755,253,34
254,384,1,886475790,253,380
254,219,1,886475980,253,216
254,577,1,886476092,253,567
254,240,1,886476165,253,237
254,286,1,887346861,253,283
254,269,2,887346935,253,266
255,294,2,883215406,254,291
255,332,2,883215586,254,328
255,328,2,883215630,254,324
255,748,1,883215630,254,734
255,245,1,883215723,254,242
255,322,2,883215723,254,318
255,323,2,883215723,254,319
255,325,1,883215723,254,321
255,678,2,883215795,254,664
255,264,2,883215829,254,261
255,343,2,883215867,254,339
255,984,1,883215902,254,955
255,760,1,883216185,254,746
255,895,2,883216185,254,872
255,7,2,883216358,254,6
255,406,1,883216358,254,402
255,413,2,883216358,254,409
255,441,2,883216544,254,433
255,443,1,883216544,254,434
255,672,2,883216544,254,659
255,5,2,883216599,254,4
255,217,2,883216600,254,214
255,564,1,883216600,254,554
255,551,1,883216672,254,541
255,569,1,883216672,254,559
255,565,1,883216748,254,555
255,860,2,883216748,254,838
255,117,2,883216845,254,114
255,273,2,883216845,254,270
255,455,2,883216845,254,446
255,121,2,883216902,254,118
255,281,1,883216902,254,278
255,841,1,883216902,254,822
256,319,2,882150053,255,315
256,123,2,882150508,255,120
256,120,1,882163754,255,117
256,368,1,882163778,255,364
256,1057,2,882163805,255,1027
256,841,2,882163857,255,822
256,92,1,882164603,255,91
256,849,2,882164603,255,830
256,1228,1,882164643,255,1185
256,771,2,882164999,255,757
256,1090,2,882164999,255,1057
256,662,2,882165032,255,649
257,1022,2,879547764,256,992
257,1260,2,880496892,256,1208
257,1472,2,880496943,256,1348
257,237,2,882050168,256,234
257,130,2,882050236,256,127
258,258,2,885700811,257,255
258,333,2,885700811,257,329
258,288,1,885700919,257,285
258,289,2,885701004,257,286
259,235,2,883372151,258,232
259,762,2,883372151,258,748
260,319,2,890618198,259,315
260,538,1,890618403,259,529
261,596,2,890456142,260,585
262,235,2,879790783,261,232
262,931,2,879790874,261,904
262,293,2,879790906,261,290
262,762,2,879790974,261,748
262,546,2,879791049,261,536
262,411,2,879791130,261,407
262,369,2,879791160,261,365
262,473,2,879791216,261,464
262,815,2,879791216,261,797
262,1048,2,879791335,261,1018
262,1013,2,879791471,261,983
262,1054,2,879791536,261,1024
262,122,2,879791537,261,119
262,1095,2,879791537,261,1061
262,195,2,879791755,261,192
262,172,2,879791875,261,169
262,955,2,879792604,261,928
262,393,2,879794140,261,389
262,44,2,879794446,261,43
262,47,2,879794599,261,46
262,140,2,879794635,261,137
262,959,2,879794739,261,931
262,77,2,879794829,261,76
262,68,2,879794887,261,67
262,385,2,879795030,261,381
262,145,1,879795155,261,142
262,417,2,879795319,261,413
262,567,1,879795430,261,557
262,50,2,879962366,261,49
262,294,2,879962366,261,291
262,628,2,879962366,261,615
262,405,2,879962367,261,401
263,333,2,891296842,262,329
263,271,1,891297276,262,268
263,294,2,891297330,262,291
263,879,2,891297416,262,856
263,886,2,891297484,262,863
263,323,1,891297485,262,319
263,260,2,891297677,262,257
263,678,2,891297766,262,664
263,432,2,891299448,262,427
264,286,2,886121691,263,283
264,683,2,886121811,263,669
264,448,2,886122031,263,439
264,774,2,886122446,263,760
264,203,2,886122508,263,200
264,156,2,886122577,263,153
264,742,2,886122578,263,728
264,1475,2,886123596,263,1351
264,1474,2,886123728,263,1350
264,844,1,886124097,263,825
265,688,2,875320084,264,674
265,181,2,875320180,264,178
265,111,2,875320371,264,108
265,50,2,875320398,264,49
265,107,1,875320398,264,104
265,279,2,875320462,264,276
265,676,2,875320487,264,663
265,1197,2,875320542,264,1155
265,151,2,875320661,264,148
265,7,2,875320689,264,6
266,319,2,892256765,265,315
266,874,2,892257101,265,851
266,325,1,892257419,265,321
266,245,1,892257446,265,242
267,926,2,878970785,266,899
267,380,2,878973426,266,376
267,1185,2,878973995,266,1143
267,450,2,878974128,266,441
267,364,2,878974460,266,360
267,1471,2,878974509,266,1347
268,423,2,875309859,267,419
268,143,2,875310116,267,140
268,727,2,875310116,267,713
268,941,2,875310463,267,914
268,550,2,875310524,267,540
268,715,1,875310603,267,701
268,47,1,875310645,267,46
268,380,2,875310704,267,376
268,665,2,875310745,267,652
268,229,2,875310784,267,226
268,101,2,875542174,267,100
268,540,1,875542174,267,531
268,1035,2,875542174,267,1005
268,240,2,875742341,267,237
268,129,2,875742437,267,126
268,405,2,875742822,267,401
268,823,2,875742942,267,805
268,930,2,875742942,267,903
268,456,2,875743012,267,447
268,926,2,875743012,267,899
268,826,1,875743065,267,808
268,121,2,875743141,267,118
268,3,1,875743161,267,2
268,762,2,875743216,267,748
268,1002,1,875743216,267,972
268,120,2,875743282,267,117
268,122,2,875743310,267,119
268,597,2,875743310,267,586
268,472,1,875743335,267,463
268,743,1,875743335,267,729
268,1178,1,875743534,267,1137
268,94,2,875743630,267,93
268,163,2,875743656,267,160
268,158,2,875743678,267,155
268,1041,1,875743735,267,1011
268,88,2,875743760,267,87
268,63,1,875743792,267,62
268,1249,2,875743793,267,1202
268,940,2,875743888,267,913
268,949,2,875743909,267,922
268,998,1,875743929,267,968
268,386,2,875743978,267,382
268,388,1,875743979,267,384
268,765,2,875743979,267,751
268,369,1,875744021,267,365
268,395,2,875744021,267,391
268,579,1,875744021,267,569
268,719,1,875744021,267,705
268,738,2,875744021,267,724
268,728,2,875744051,267,714
268,1054,1,875744051,267,1024
268,761,1,875744136,267,747
268,2,2,875744173,267,1
268,1222,2,875744174,267,1179
268,38,1,875744228,267,37
268,363,1,875744228,267,359
268,1231,2,875744228,267,1187
268,1303,1,875744228,267,1245
268,576,1,875744289,267,566
268,397,2,875744321,267,393
268,29,1,875744356,267,28
268,449,2,875744357,267,440
268,840,2,875744357,267,821
268,1228,1,875744357,267,1185
268,578,2,875744388,267,568
268,810,2,875744388,267,792
268,1413,2,875744388,267,1309
268,218,2,875744469,267,215
268,145,1,875744501,267,142
268,217,2,875744501,267,214
268,672,2,875744501,267,659
268,800,1,875744501,267,783
268,860,1,875744501,267,838
268,164,2,875744556,267,161
268,559,2,875744556,267,549
268,379,1,875744582,267,375
268,453,1,875744611,267,444
268,139,2,875744744,267,136
268,374,2,875744895,267,370
268,1091,2,875744895,267,1058
268,402,1,875745231,267,398
268,1037,2,875745255,267,1007
268,159,2,875745350,267,156
268,1208,2,875745398,267,1166
268,1157,1,875745428,267,1119
268,77,2,875745453,267,76
268,1273,2,875745476,267,1219
268,450,1,875745536,267,441
268,928,1,875745536,267,901
268,1090,2,875745536,267,1057
268,370,2,875745579,267,366
268,574,2,875745579,267,564
268,328,1,876513643,267,324
268,258,2,876513675,267,255
268,717,1,876513785,267,703
268,790,2,876513785,267,773
268,105,2,876513927,267,102
268,978,2,876513927,267,950
268,1095,2,876513927,267,1061
268,24,2,876514002,267,23
268,407,1,876514002,267,403
268,452,1,876514002,267,443
269,346,2,891445757,268,342
269,15,2,891446348,268,14
269,237,2,891446368,268,234
269,148,1,891446443,268,145
269,762,1,891446662,268,748
269,111,1,891446703,268,108
269,255,1,891446703,268,252
269,476,1,891446703,268,467
269,1028,2,891446838,268,998
269,122,1,891446873,268,119
269,120,1,891446926,268,117
269,170,2,891447216,268,167
269,70,1,891447280,268,69
269,58,2,891447842,268,57
269,69,1,891448048,268,68
269,22,1,891448072,268,21
269,735,2,891448120,268,721
269,1427,2,891448141,268,1316
269,939,2,891448177,268,912
269,160,2,891448220,268,157
269,649,2,891448220,268,636
269,660,1,891448220,268,647
269,196,1,891448283,268,193
269,239,2,891448386,268,236
269,1168,2,891448386,268,1127
269,1135,2,891448456,268,1100
269,658,2,891448497,268,645
269,403,1,891448522,268,399
269,729,2,891448569,268,715
269,723,1,891448643,268,709
269,1267,1,891448643,268,1215
269,1478,1,891448643,268,1352
269,402,2,891448697,268,398
269,1074,1,891448697,268,1044
269,365,2,891448738,268,361
269,89,2,891448800,268,88
269,705,2,891448850,268,691
269,181,2,891448871,268,178
269,176,2,891448980,268,173
269,174,1,891449124,268,171
269,208,2,891449304,268,205
269,707,2,891449304,268,693
269,234,1,891449406,268,231
269,173,1,891449429,268,170
269,210,1,891449608,268,207
269,17,2,891449670,268,16
269,186,2,891449670,268,183
269,216,1,891449691,268,213
269,163,2,891449751,268,160
269,1071,2,891449801,268,1041
269,204,2,891449842,268,201
269,710,1,891449843,268,696
269,679,1,891449962,268,665
269,8,2,891449985,268,7
269,1110,2,891450385,268,1075
269,202,2,891450405,268,199
269,241,1,891450405,268,238
269,88,1,891450427,268,87
269,821,1,891450427,268,803
269,218,2,891450509,268,215
269,763,1,891450555,268,749
269,448,2,891450623,268,439
269,805,2,891450623,268,787
269,188,2,891450675,268,185
269,568,2,891450719,268,558
269,96,1,891450755,268,95
269,5,2,891450780,268,4
269,82,2,891450780,268,81
269,232,1,891450817,268,229
269,63,1,891450857,268,62
269,441,1,891450857,268,433
269,451,1,891450880,268,442
269,274,1,891450901,268,271
269,405,1,891450902,268,401
269,597,1,891450978,268,586
269,121,1,891451013,268,118
269,231,1,891451013,268,228
269,411,1,891451013,268,407
269,161,1,891451036,268,158
269,393,1,891451036,268,389
269,66,1,891451063,268,65
269,627,1,891451063,268,614
269,51,2,891451111,268,50
269,53,1,891451111,268,52
269,1479,2,891451111,268,1353
269,417,2,891451303,268,413
269,77,1,891451374,268,76
269,761,2,891451374,268,747
269,1133,1,891451374,268,1098
269,629,2,891451396,268,616
269,739,1,891451431,268,725
269,809,1,891451451,268,791
269,72,2,891451470,268,71
269,139,1,891451492,268,136
269,142,1,891451570,268,139
269,775,1,891451571,268,761
269,281,1,891451590,268,278
269,217,2,891451610,268,214
269,831,2,891451611,268,812
269,167,1,891451648,268,164
269,1091,2,891451705,268,1058
269,1480,1,891451725,268,1354
269,674,2,891451754,268,661
269,771,1,891451754,268,757
269,928,1,891451754,268,901
269,931,1,891451754,268,904
269,665,1,891451810,268,652
269,1188,1,891451857,268,1146
269,783,1,891451889,268,768
269,940,1,891451908,268,913
269,106,1,891451947,268,103
269,756,1,891451947,268,742
269,1444,1,891451947,268,1327
269,825,1,891456033,268,807
269,845,1,891456255,268,826
269,252,1,891456350,268,249
269,1040,1,891456425,268,1010
269,717,1,891456493,268,703
269,254,1,891456565,268,251
270,250,2,876954223,269,247
270,742,2,876954248,269,728
270,237,1,876954484,269,234
270,324,2,876954733,269,320
270,869,1,876955633,269,846
270,553,1,876955689,269,543
270,77,2,876956038,269,76
270,17,2,876956064,269,16
270,554,1,876956264,269,544
271,300,2,885844583,270,297
271,294,2,885844698,270,291
271,328,2,885844746,270,324
271,539,1,885847170,270,530
271,338,1,885847194,270,334
271,312,2,885847280,270,309
271,116,2,885847636,270,113
271,282,2,885847666,270,279
271,1282,2,885847666,270,1227
271,845,1,885847800,270,826
271,1120,2,885847800,270,1085
271,411,1,885848062,270,407
271,476,1,885848062,270,467
271,546,2,885848102,270,536
271,1028,2,885848102,270,998
271,121,2,885848132,270,118
271,107,1,885848179,270,104
271,405,2,885848179,270,401
271,130,1,885848218,270,127
271,756,2,885848218,270,742
271,410,2,885848238,270,406
271,168,2,885848343,270,165
271,73,2,885848707,270,72
271,507,2,885848707,270,498
271,630,2,885848943,270,617
271,1266,2,885848943,270,1214
271,188,2,885849087,270,185
271,425,2,885849275,270,420
271,2,1,885849386,270,1
271,62,2,885849386,270,61
271,580,2,885849386,270,570
271,161,2,885849470,270,158
271,40,1,885849558,270,39
271,624,2,885849558,270,611
271,951,2,885849606,270,924
271,38,2,885849648,270,37
271,1411,2,885849895,270,1308
272,133,1,879455143,271,130
272,772,2,879455220,271,758
273,307,2,891292761,272,304
274,243,2,878944437,273,240
274,255,2,878945579,273,252
274,148,2,878946133,273,145
274,280,1,878946162,273,277
274,1163,2,878946162,273,1124
274,846,2,878946204,273,827
275,420,2,875154535,274,416
275,1091,2,875154535,274,1058
275,625,2,875154655,274,612
275,154,2,875154878,274,151
275,405,2,876197645,274,401
275,825,2,876197904,274,807
275,826,2,876197904,274,808
275,252,2,876197944,274,249
275,1219,2,880313679,274,1176
275,969,2,880314412,274,941
276,696,2,874786632,275,682
276,406,2,874786831,275,402
276,974,2,874786945,275,946
276,977,2,874787090,275,949
276,120,2,874787172,275,117
276,930,2,874787172,275,903
276,595,2,874787195,275,584
276,456,2,874787237,275,447
276,1079,2,874787300,275,1048
276,697,2,874791316,275,683
276,375,1,874791339,275,371
276,43,1,874791383,275,42
276,720,2,874791464,275,706
276,1140,2,874791894,275,1105
276,796,1,874791932,275,779
276,388,2,874792094,275,384
276,571,2,874792118,275,561
276,783,1,874792143,275,768
276,728,2,874792277,275,714
276,407,2,874792310,275,403
276,575,2,874792310,275,565
276,540,1,874792519,275,531
276,449,2,874792520,275,440
276,62,2,874792574,275,61
276,397,1,874792601,275,393
276,399,2,874792634,275,395
276,450,1,874792634,275,441
276,743,1,874792634,275,729
276,561,2,874792745,275,551
276,669,1,874792767,275,656
276,816,2,874792793,275,798
276,624,2,874792969,275,611
276,1031,2,874793035,275,1001
276,794,2,874793198,275,777
276,739,2,874795538,275,725
276,807,2,874795574,275,789
276,1253,1,874795729,275,1205
276,1157,2,874795772,275,1119
276,771,2,874795795,275,757
276,1090,1,874795795,275,1057
276,554,2,874795823,275,544
276,1042,1,874795823,275,1012
276,1273,2,874795823,275,1219
276,254,2,874796373,275,251
276,759,1,874796412,275,745
276,871,2,874836608,275,848
276,931,2,874836682,275,904
276,1145,2,874977115,275,1110
276,809,2,874977245,275,791
276,590,2,874977334,275,580
276,769,1,874977334,275,755
276,1228,1,874977422,275,1185
276,391,2,874977442,275,387
276,1239,1,874977512,275,1194
276,373,2,874977513,275,369
276,779,2,874977513,275,764
276,1413,1,874977513,275,1309
276,84,2,877934232,275,83
276,34,2,877934264,275,33
276,1481,2,877934446,275,1355
276,774,2,877934722,275,760
276,383,2,877934828,275,379
276,1471,2,877934947,275,1347
276,1210,2,877934988,275,1168
276,1095,1,877935135,275,1061
276,734,1,877935262,275,720
276,1000,2,877935262,275,970
276,1180,2,877935306,275,1139
276,577,2,877935336,275,567
276,395,2,877935377,275,391
276,725,2,877935392,275,711
276,453,1,880913767,275,444
276,1089,2,882659211,275,1056
276,94,2,882659602,275,93
276,1036,2,889174870,275,1006
276,1052,2,889174870,275,1022
276,289,2,890979634,275,286
277,7,2,879543377,276,6
277,1283,2,879543592,276,1228
277,278,1,879543879,276,275
277,473,2,879543879,276,464
277,121,2,879544058,276,118
277,472,1,879544058,276,463
278,301,2,891294980,277,298
279,294,2,875249117,278,291
279,990,1,875249134,278,960
279,547,1,875295812,278,537
279,222,1,875295943,278,219
279,671,2,875296238,278,658
279,22,1,875296374,278,21
279,28,2,875296461,278,27
279,146,1,875297281,278,143
279,591,2,875297381,278,581
279,122,1,875297433,278,119
279,532,1,875298597,278,523
279,12,2,875306515,278,11
279,644,1,875306552,278,631
279,87,1,875306613,278,86
279,854,1,875306613,278,834
279,65,1,875306767,278,64
279,428,1,875307379,278,423
279,193,2,875307407,278,190
279,753,2,875307443,278,739
279,64,1,875308510,278,63
279,180,2,875308670,278,177
279,1266,1,875308843,278,1214
279,70,1,875309141,278,69
279,662,2,875310631,278,649
279,203,2,875310676,278,200
279,1195,1,875312339,278,1153
279,44,1,875313514,278,43
279,41,2,875313646,278,40
279,393,1,875314093,278,389
279,554,1,875314231,278,544
279,234,2,875654542,278,231
279,219,2,875736276,278,216
279,30,2,877756984,278,29
279,172,2,878082751,278,169
279,534,1,878971577,278,525
279,29,2,879573041,278,28
279,231,2,879573060,278,228
279,403,1,879573060,278,399
279,739,1,879573060,278,725
279,1025,2,880825843,278,995
279,273,2,880869018,278,270
279,66,2,882146492,278,65
279,88,1,882146554,278,87
279,1215,2,884556545,278,1172
279,375,1,884556678,278,371
279,1239,1,884982882,278,1194
279,129,1,884986081,278,126
279,1048,1,886015533,278,1018
279,284,1,886015853,278,281
279,368,1,886016352,278,364
279,1095,1,886016480,278,1061
279,131,1,886020902,278,128
279,827,1,888426577,278,809
279,845,1,888426577,278,826
279,120,1,888427451,278,117
279,489,2,888430298,278,480
279,1402,1,888462243,278,1301
279,451,1,888465592,278,442
279,1242,1,888797284,278,1197
279,116,1,888799670,278,113
279,1185,1,888805868,278,1143
279,1037,1,888806543,278,1007
279,374,1,888806649,278,370
279,577,1,889151559,278,567
279,978,1,889231898,278,950
279,1501,1,889231898,278,1370
279,810,2,889984640,278,792
279,666,2,890451373,278,653
279,544,1,890451433,278,535
279,853,1,890451433,278,833
279,1497,2,890780576,278,1366
279,1142,1,890780603,278,1107
279,1180,2,890781034,278,1139
279,1170,1,891209102,278,1129
279,1087,2,891209189,278,1054
279,1133,2,892173598,278,1098
279,1108,1,892174273,278,1073
279,1240,1,892174404,278,1195
279,869,1,892176473,278,846
280,690,2,891699964,279,676
280,294,2,891700021,279,291
280,748,2,891700080,279,734
280,323,2,891700106,279,319
280,678,2,891700124,279,664
280,380,2,891700226,279,376
280,736,2,891700341,279,722
280,210,2,891700385,279,207
280,99,2,891700475,279,98
280,735,2,891700475,279,721
280,1181,2,891700496,279,1140
280,144,2,891700514,279,141
280,76,2,891700699,279,75
280,197,2,891700836,279,194
280,82,2,891700925,279,81
280,241,2,891700945,279,238
280,715,2,891700945,279,701
280,405,2,891700963,279,401
280,729,2,891700963,279,715
280,118,2,891701027,279,115
280,568,2,891701047,279,558
280,125,2,891701148,279,122
280,755,2,891701278,279,741
280,54,2,891701747,279,53
280,158,2,891701764,279,155
280,550,2,891701764,279,540
280,554,1,891701998,279,544
280,94,2,891702028,279,93
280,472,2,891702086,279,463
280,219,2,891702199,279,216
280,934,2,891702291,279,907
280,452,2,891702387,279,443
280,3,2,891702406,279,2
280,575,2,891702422,279,565
280,670,2,891702485,279,657
280,388,2,891702486,279,384
280,1049,2,891702486,279,1019
281,308,1,881200297,280,305
281,258,2,881200457,280,255
281,338,2,881200457,280,334
281,326,1,881200491,280,322
283,288,2,879297867,282,285
283,291,2,879297867,282,288
284,877,2,885329395,283,854
284,259,2,885329593,283,256
285,258,2,890595408,284,255
285,628,2,890595636,284,615
286,237,2,875806800,285,234
286,107,1,875807043,285,104
286,952,2,875807043,285,925
286,993,2,875807043,285,963
286,117,2,876521650,285,114
286,763,2,876521809,285,749
286,546,1,876521835,285,536
286,274,2,876521917,285,271
286,13,2,876521933,285,12
286,762,2,876522008,285,748
286,1047,1,876522026,285,1017
286,411,2,876522133,285,407
286,824,1,876522200,285,806
286,930,2,876522240,285,903
286,3,2,876522316,285,2
286,818,2,877531281,285,800
286,56,2,877531469,285,55
286,212,1,877531830,285,209
286,704,2,877531941,285,690
286,425,2,877532013,285,420
286,461,2,877532930,285,452
286,512,2,877533101,285,503
286,161,2,877533419,285,158
286,53,2,877533506,285,52
286,29,2,877533586,285,28
286,856,2,877533698,285,836
286,734,2,877534618,285,720
286,771,2,877535119,285,757
286,790,1,877535208,285,773
286,41,2,877535323,285,40
286,1411,2,877535425,285,1308
286,401,1,877535446,285,397
286,577,2,877535500,285,567
286,285,1,879781450,285,282
286,325,1,889651253,285,321
286,214,1,889651605,285,211
286,703,2,889651672,285,689
286,421,1,889651848,285,417
287,1067,2,875334036,286,1037
287,476,1,875334340,286,467
287,252,1,875334361,286,249
287,240,2,875334454,286,237
287,895,2,888177213,286,872
288,294,2,886372841,287,291
288,327,1,886373007,287,323
288,688,1,886373007,287,674
288,880,1,886373007,287,857
288,1039,2,886373565,287,1009
288,134,2,886374129,287,131
288,190,1,886374286,287,187
288,214,2,886374316,287,211
288,175,1,886629664,287,172
288,230,2,886629664,287,227
288,593,2,886892127,287,583
288,121,2,886893063,287,118
289,125,2,876789373,288,122
289,222,2,876789463,288,219
290,683,2,880473415,289,669
290,227,2,880473557,289,224
290,449,1,880473557,289,440
290,450,2,880473557,289,441
290,62,2,880473583,289,61
290,91,2,880474451,289,90
290,239,2,880474451,289,236
290,151,2,880474835,289,148
290,180,1,880474913,289,177
290,742,2,880475310,289,728
290,139,2,880475420,289,136
290,473,1,880475420,289,464
290,436,2,880475469,289,431
290,218,2,880475542,289,215
290,403,2,880475542,289,399
290,546,2,880475564,289,536
290,650,2,880475625,289,637
290,1091,2,880475735,289,1058
290,167,2,880475807,289,164
291,324,1,874805453,290,320
291,245,2,874805577,290,242
291,235,2,874805860,290,232
291,244,2,874805927,290,241
291,121,2,874805984,290,118
291,118,2,874833878,290,115
291,974,1,874833962,290,946
291,760,2,874834037,290,746
291,977,2,874834071,290,949
291,975,2,874834146,290,947
291,1047,2,874834165,290,1017
291,1215,1,874834184,290,1172
291,829,2,874834308,290,811
291,21,2,874834389,290,20
291,928,2,874834389,290,901
291,800,2,874834944,290,783
291,391,1,874835242,290,387
291,1239,2,874835279,290,1194
291,551,2,874867824,290,541
291,565,2,874867852,290,555
291,175,2,874867966,290,172
291,1229,2,874868027,290,1186
291,555,1,874868629,290,545
291,375,1,874868791,290,371
291,1478,2,874871585,290,1352
291,85,2,874877699,290,84
291,158,2,875086208,290,155
291,1209,1,875086308,290,1167
291,94,2,875086354,290,93
291,571,2,875086608,290,561
291,1079,2,875086608,290,1048
291,577,1,875086669,290,567
291,383,2,875086699,290,379
291,575,2,875086699,290,565
291,998,1,875086728,290,968
291,755,2,875086958,290,741
291,783,2,875087432,290,768
291,1090,2,875087634,290,1057
291,1273,2,875087634,290,1219
291,574,1,875087656,290,564
292,343,2,881103478,291,339
292,125,2,881104401,291,122
292,20,2,881104760,291,19
293,300,2,888904004,292,297
293,877,2,888904265,292,854
293,328,2,888904285,292,324
293,748,2,888904327,292,734
293,325,2,888904353,292,321
293,347,2,888904353,292,343
293,294,2,888904410,292,291
293,678,2,888904439,292,664
293,322,2,888904456,292,318
293,257,2,888904696,292,254
293,924,2,888904814,292,897
293,845,2,888904838,292,826
293,1,2,888904861,292,0
293,283,2,888904884,292,280
293,546,1,888904927,292,536
293,742,2,888904927,292,728
293,410,2,888905034,292,406
293,111,2,888905062,292,108
293,1161,2,888905062,292,1123
293,125,2,888905086,292,122
293,240,2,888905086,292,237
293,252,2,888905086,292,249
293,1016,2,888905086,292,986
293,284,2,888905122,292,281
293,815,2,888905122,292,797
293,282,2,888905170,292,279
293,411,2,888905170,292,407
293,280,2,888905198,292,277
293,290,2,888905198,292,287
293,405,1,888905198,292,401
293,147,2,888905229,292,144
293,455,2,888905229,292,446
293,619,1,888905229,292,606
293,696,2,888905229,292,682
293,1057,2,888905229,292,1027
293,931,1,888905252,292,904
293,820,2,888905306,292,802
293,291,2,888905377,292,288
293,412,1,888905377,292,408
293,3,2,888905399,292,2
293,933,2,888905399,292,906
293,461,2,888905519,292,452
293,1098,2,888905519,292,1063
293,747,2,888905819,292,733
293,186,2,888906045,292,183
293,789,2,888906071,292,772
293,218,2,888906168,292,215
293,559,2,888906168,292,549
293,31,2,888906244,292,30
293,175,2,888906244,292,172
293,367,2,888906288,292,363
293,627,2,888906338,292,614
293,955,2,888906464,292,928
293,939,2,888906516,292,912
293,943,2,888906576,292,916
293,1119,1,888906655,292,1084
293,679,2,888906699,292,665
293,66,2,888906781,292,65
293,550,1,888906781,292,540
293,739,2,888906804,292,725
293,73,2,888906869,292,72
293,468,2,888906869,292,459
293,226,1,888906906,292,223
293,371,2,888906906,292,367
293,227,2,888906990,292,224
293,148,1,888907015,292,145
293,1046,1,888907061,292,1016
293,161,2,888907081,292,158
293,729,2,888907145,292,715
293,77,2,888907210,292,76
293,1229,1,888907210,292,1186
293,233,2,888907266,292,230
293,426,1,888907291,292,421
293,17,2,888907335,292,16
293,155,2,888907356,292,152
294,358,2,877818861,293,354
294,678,2,877818861,293,664
294,264,2,877819090,293,261
294,406,2,877819941,293,402
294,1089,2,877820132,293,1056
294,1199,2,889242142,293,1157
294,1014,2,889242306,293,984
294,1011,2,889242370,293,981
294,291,2,889242469,293,288
294,1079,2,889242624,293,1048
294,1013,2,889242788,293,983
294,743,2,889242905,293,729
294,120,2,889242937,293,117
294,322,1,889243393,293,318
294,363,1,889243393,293,359
294,826,1,889243393,293,808
294,827,1,889243393,293,809
294,1088,1,889243393,293,1055
295,1503,2,879517082,294,1371
295,96,1,879517299,294,95
295,183,1,879517348,294,180
295,946,2,879517994,294,919
295,84,2,879518107,294,83
295,1040,2,879519180,294,1010
295,412,2,879519237,294,408
295,53,1,879519528,294,52
296,948,1,884196149,295,921
296,309,1,884196209,295,306
296,259,1,884196374,295,256
296,294,1,884196374,295,291
296,688,1,884196374,295,674
296,150,1,884196556,295,147
296,255,2,884196584,295,252
296,10,2,884196605,295,9
296,24,2,884196605,295,23
296,298,1,884196640,295,295
296,250,2,884196689,295,247
296,240,1,884196765,295,237
296,244,1,884196896,295,241
296,455,1,884196921,295,446
296,151,2,884196964,295,148
296,281,2,884196985,295,278
296,846,2,884196985,295,827
297,326,2,874953892,296,322
297,748,2,874954060,296,734
297,919,1,874954260,296,892
297,235,2,874954611,296,232
297,250,1,874955085,296,247
297,705,2,875238726,296,691
297,430,1,875238778,296,425
297,230,2,875238814,296,227
297,157,2,875238853,296,154
297,160,1,875238853,296,157
297,228,2,875238984,296,225
297,367,2,875239018,296,363
297,574,1,875239092,296,564
297,946,2,875239092,296,919
297,27,1,875239535,296,26
297,73,2,875239691,296,72
297,233,2,875239914,296,230
297,195,1,875240053,296,192
297,47,2,875240090,296,46
297,1217,1,875240132,296,1174
297,215,2,875240133,296,212
297,443,2,875240133,296,434
297,4,1,875240201,296,3
297,102,1,875240267,296,101
297,687,2,875409099,296,673
297,243,1,878771163,296,240
297,271,2,881707810,296,268
297,338,2,881707832,296,334
297,984,1,881707865,296,955
298,91,2,884182932,297,90
299,294,2,877618584,298,291
299,749,1,877618647,298,735
299,264,2,877877290,298,261
299,19,1,877877434,298,18
299,237,2,877877649,298,234
299,257,2,877877732,298,254
299,93,2,877877775,298,92
299,244,2,877878001,298,241
299,255,2,877878036,298,252
299,222,2,877878148,298,219
299,950,2,877878148,298,923
299,235,1,877878184,298,232
299,1300,2,877878382,298,1242
299,240,2,877878414,298,237
299,1258,2,877878451,298,1207
299,1226,2,877878602,298,1183
299,1047,2,877880041,298,1017
299,118,2,877880111,298,115
299,1132,1,877880196,298,1097
299,634,2,877880852,298,621
299,55,2,877881061,298,54
299,1227,1,878192556,298,1184
299,895,2,884993860,298,872
299,101,2,889501721,298,100
299,582,2,889502159,298,572
299,971,2,889502353,298,943
299,1214,2,889502528,298,1171
299,387,2,889502756,298,383
299,785,2,889502865,298,769
299,728,2,889503159,298,714
299,959,2,889503159,298,931
299,73,2,889503265,298,72
299,399,2,889503373,298,395
299,17,1,889503374,298,16
299,393,2,889503503,298,389
299,94,1,889503564,298,93
299,67,2,889503740,298,66
299,998,2,889503774,298,968
299,1036,2,889503856,298,1006
300,687,2,875650042,299,673
300,264,1,875650132,299,261
301,276,1,882074384,300,273
301,235,2,882074408,300,232
301,111,1,882074708,300,108
301,151,2,882074776,300,148
301,273,1,882074800,300,270
301,122,2,882074818,300,119
301,411,1,882074867,300,407
301,21,2,882074967,300,20
301,3,2,882075082,300,2
301,407,2,882075202,300,403
301,743,2,882075356,300,729
301,678,2,882075386,300,664
301,1052,1,882075386,300,1022
301,157,2,882076021,300,154
301,89,2,882076046,300,88
301,655,1,882076187,300,642
301,423,1,882076239,300,419
301,2,2,882076587,300,1
301,462,2,882076587,300,453
301,239,2,882076682,300,236
301,402,2,882076915,300,398
301,739,2,882076966,300,725
301,160,2,882077284,300,157
301,582,2,882077811,300,572
301,735,2,882077871,300,721
301,155,1,882078308,300,152
301,231,2,882078580,300,228
301,1074,2,882078580,300,1044
301,67,2,882078621,300,66
301,631,1,882078882,300,618
301,53,1,882078883,300,52
301,802,2,882078883,300,785
301,737,2,882078906,300,723
301,771,2,882079256,300,757
301,665,2,882079334,300,652
302,748,1,879436739,301,734
303,271,2,879466065,302,268
303,289,2,879466065,302,286
303,326,2,879466116,302,322
303,300,1,879466166,302,297
303,327,1,879466166,302,323
303,323,1,879466214,302,319
303,748,2,879466214,302,734
303,325,1,879466249,302,321
303,948,2,879466249,302,921
303,358,2,879466291,302,354
303,125,2,879467638,302,122
303,716,2,879467639,302,702
303,943,2,879467815,302,916
303,1086,1,879468021,302,1053
303,720,2,879468375,302,706
303,49,2,879483901,302,48
303,583,1,879483901,302,573
303,1411,2,879483941,302,1308
303,21,2,879484004,302,20
303,62,2,879484159,302,61
303,542,2,879484194,302,533
303,1011,2,879484282,302,981
303,63,1,879484327,302,62
303,833,2,879484327,302,814
303,546,2,879484373,302,536
303,595,2,879484421,302,584
303,808,2,879484480,302,790
303,554,2,879484500,302,544
303,5,2,879484534,302,4
303,679,2,879484534,302,665
303,842,2,879484804,302,823
303,1426,2,879484804,302,1315
303,578,2,879484846,302,568
303,1220,2,879484899,302,1177
303,1217,1,879484948,302,1174
303,38,1,879484981,302,37
303,755,2,879485016,302,741
303,552,2,879485048,302,542
303,685,1,879485089,302,671
303,29,2,879485134,302,28
303,363,1,879485134,302,359
303,597,1,879485204,302,586
303,866,2,879485277,302,843
303,1047,2,879485277,302,1017
303,1273,2,879485278,302,1219
303,1071,2,879485352,302,1041
303,398,1,879485372,302,394
303,722,2,879485372,302,708
303,564,1,879485447,302,554
303,1224,2,879485475,302,1181
303,1041,2,879485507,302,1011
303,1135,2,879485589,302,1100
303,118,2,879485623,302,115
303,586,2,879485659,302,576
303,940,2,879485659,302,913
303,871,1,879485685,302,848
303,1090,1,879485686,302,1057
303,869,2,879485703,302,846
303,391,1,879485747,302,387
303,829,2,879485814,302,811
303,926,2,879485814,302,899
303,1040,1,879485844,302,1010
303,779,1,879543418,302,764
303,1228,2,879543459,302,1185
303,413,2,879543524,302,409
303,809,2,879543524,302,791
303,145,1,879543573,302,142
303,376,2,879543617,302,372
303,540,1,879543679,302,531
303,801,1,879543679,302,784
303,734,1,879543711,302,720
303,1157,2,879543711,302,1119
303,783,2,879543756,302,768
303,1210,1,879543773,302,1168
303,106,2,879543796,302,103
303,397,1,879543831,302,393
303,1110,1,879543939,302,1075
303,840,2,879543988,302,821
303,1095,2,879543988,302,1061
303,1239,1,879544020,302,1194
303,551,2,879544021,302,541
303,1209,2,879544021,302,1167
303,670,2,879544062,302,657
303,395,2,879544080,302,391
303,120,2,879544099,302,117
303,369,1,879544130,302,365
303,1178,2,879544130,302,1137
303,364,2,879544153,302,360
303,725,1,879544153,302,711
303,574,1,879544184,302,564
303,1034,1,879544184,302,1004
303,997,2,879544219,302,967
303,1145,2,879544219,302,1110
303,78,2,879544238,302,77
303,373,2,879544276,302,369
303,375,2,879544276,302,371
303,452,2,879544276,302,443
303,738,2,879544276,302,724
303,368,1,879544340,302,364
303,388,2,879544365,302,384
303,1052,2,879544365,302,1022
303,759,1,879544385,302,745
303,1215,1,879544435,302,1172
303,993,2,879544576,302,963
303,1160,2,879544629,302,1122
303,248,2,879544680,302,245
303,535,1,879544681,302,526
304,286,1,884967017,303,283
304,681,2,884967167,303,667
304,259,1,884967253,303,256
305,326,2,886307917,304,322
305,749,2,886308111,304,735
305,245,1,886308147,304,242
305,257,2,886322122,304,254
305,197,2,886322758,304,194
305,15,1,886322796,304,14
305,237,2,886322796,304,234
305,482,2,886323006,304,473
305,56,1,886323068,304,55
305,144,2,886323068,304,141
305,214,2,886323068,304,211
305,1015,1,886323068,304,985
305,87,1,886323153,304,86
305,275,2,886323153,304,272
305,11,1,886323237,304,10
305,192,2,886323275,304,189
305,91,2,886323303,304,90
305,222,2,886323378,304,219
305,215,2,886323464,304,212
305,943,2,886323464,304,916
305,52,2,886323506,304,51
305,76,1,886323506,304,75
305,1073,1,886323591,304,1043
305,485,2,886323648,304,476
305,188,2,886323757,304,185
305,469,2,886323757,304,460
305,88,2,886323966,304,87
305,179,1,886323966,304,176
305,204,2,886323998,304,201
305,228,2,886323998,304,225
305,117,2,886324028,304,114
305,1074,2,886324330,304,1044
305,960,1,886324362,304,932
305,664,2,886324462,304,651
305,597,2,886324551,304,586
305,2,2,886324580,304,1
306,258,2,876503793,305,255
306,741,1,876504286,305,727
307,739,2,877122317,306,725
307,210,2,877123746,306,207
307,121,1,879114143,306,118
307,401,1,879114143,306,397
307,687,1,879114143,306,673
307,831,1,879114143,306,812
307,1140,2,879114143,306,1105
307,402,2,879283362,306,398
307,450,2,879538922,306,441
308,264,2,887736408,307,261
308,309,1,887736408,307,306
308,322,2,887736408,307,318
308,273,2,887737084,307,270
308,214,2,887738104,307,211
308,97,1,887738469,307,96
308,69,2,887738664,307,68
308,578,2,887738847,307,568
308,1028,2,887738972,307,998
308,472,2,887739336,307,463
308,616,2,887739800,307,603
308,54,2,887740254,307,53
308,1154,2,887740367,307,1117
308,452,2,887741329,307,443
309,303,2,877370319,308,300
309,1296,2,877370319,308,1238
309,306,2,877370356,308,303
310,832,1,879436035,309,813
310,1386,1,879436177,309,1288
311,326,2,884364047,310,322
311,209,2,884364502,310,206
311,485,1,884364538,310,476
311,939,2,884364694,310,912
311,425,2,884365140,310,420
311,179,2,884365357,310,176
311,47,2,884365654,310,46
311,444,2,884365746,310,435
311,715,2,884365746,310,701
311,68,1,884365824,310,67
311,768,2,884365889,310,754
311,578,2,884365930,310,568
311,549,2,884366111,310,539
311,623,2,884366112,310,610
311,559,2,884366187,310,549
311,781,2,884366307,310,766
311,420,1,884366334,310,416
311,185,2,884366617,310,182
311,100,1,884963136,310,99
312,152,2,891698485,311,149
312,157,1,891698516,311,154
312,265,1,891698696,311,262
312,151,2,891698832,311,148
312,640,2,891698951,311,627
312,144,1,891698987,311,141
312,153,2,891699491,311,150
313,56,2,891014313,312,55
313,538,2,891014313,312,529
313,631,2,891014313,312,618
313,154,2,891014753,312,151
313,151,1,891014982,312,148
313,66,1,891015049,312,65
313,495,2,891016280,312,486
313,740,2,891016540,312,726
313,582,2,891016622,312,572
313,25,2,891016757,312,24
313,163,2,891016757,312,160
313,237,2,891016757,312,234
313,15,2,891016962,312,14
313,65,2,891016962,312,64
313,1470,1,891017319,312,1346
313,231,2,891028323,312,228
313,840,2,891028360,312,821
313,586,2,891028426,312,576
313,29,2,891028472,312,28
313,720,2,891028472,312,706
313,778,2,891028904,312,763
313,88,2,891028956,312,87
313,67,1,891029117,312,66
313,218,2,891029847,312,215
313,674,2,891029918,312,661
313,565,1,891030027,312,555
313,820,2,891030228,312,802
313,1091,2,891030261,312,1058
313,409,2,891030334,312,405
313,417,2,891030334,312,413
313,1066,2,891030334,312,1036
313,415,2,891030367,312,411
314,24,1,877886221,313,23
314,93,1,877886221,313,92
314,276,1,877886413,313,273
314,743,1,877886443,313,729
314,106,2,877886584,313,103
314,1054,1,877886944,313,1024
314,126,2,877886971,313,123
314,1057,2,877887035,313,1027
314,122,1,877887065,313,119
314,1094,1,877887065,313,1060
314,1089,1,877887356,313,1056
314,1289,2,877887388,313,1233
314,56,1,877887568,313,55
314,724,2,877888117,313,710
314,772,1,877888212,313,758
314,90,2,877888758,313,89
314,72,2,877888996,313,71
314,36,2,877889103,313,35
314,173,1,877889359,313,170
314,747,1,877889698,313,733
314,395,2,877889770,313,391
314,787,2,877889927,313,771
314,585,2,877890381,313,575
314,70,1,877890531,313,69
314,1263,2,877890611,313,1211
314,722,1,877891089,313,708
314,53,1,877891426,313,52
314,796,2,877891518,313,779
314,1029,2,877891603,313,999
314,1217,2,877891638,313,1174
314,1229,2,877891681,313,1186
314,1085,1,877892017,313,1052
314,997,1,877892214,313,967
314,1178,2,877892244,313,1137
315,301,2,879799327,314,298
315,17,1,879821003,314,16
315,121,2,879821300,314,118
315,431,2,879821300,314,426
315,466,1,879821349,314,457
316,323,1,880853152,315,319
316,988,1,880853152,315,958
316,289,2,880853219,315,286
316,678,1,880853310,315,664
316,127,2,880853548,315,124
316,185,2,880853548,315,182
316,187,2,880853548,315,184
316,530,2,880853599,315,521
316,50,1,880853654,315,49
316,173,1,880853654,315,170
316,183,1,880853654,315,180
316,276,2,880853849,315,273
316,588,1,880853992,315,578
316,673,2,880854083,315,660
316,89,1,880854197,315,88
316,172,1,880854197,315,169
316,192,1,880854267,315,189
316,614,2,880854267,315,601
316,435,2,880854337,315,430
316,71,1,880854472,315,70
316,234,1,880854473,315,231
316,174,1,880854539,315,171
317,683,2,891446412,316,669
317,323,2,891446819,316,319
318,305,2,884470682,317,302
318,405,2,884494797,317,401
318,1014,2,884494919,317,984
318,864,2,884495032,317,841
318,121,1,884495052,317,118
318,1023,2,884495091,317,993
318,105,1,884495164,317,102
318,50,2,884495696,317,49
318,842,2,884495742,317,823
318,865,2,884496099,317,842
318,1204,2,884496156,317,1162
318,215,2,884496218,317,212
318,792,2,884496218,317,775
318,514,2,884496524,317,505
318,403,2,884496759,317,399
318,47,2,884496855,317,46
318,944,2,884497208,317,917
318,229,1,884497318,317,226
318,4,2,884497516,317,3
318,381,1,884497516,317,377
318,575,2,884497924,317,565
318,768,2,884498022,317,754
319,338,2,879977242,318,334
320,340,2,884748230,319,336
320,276,2,884748579,319,273
320,118,1,884748868,319,115
320,833,1,884748904,319,814
320,1052,2,884749097,319,1022
320,1215,1,884749097,319,1172
320,231,2,884749411,319,228
320,252,2,884749532,319,249
320,976,2,884749567,319,948
320,716,1,884750992,319,702
321,663,2,879439537,320,650
321,1028,2,879441064,320,998
321,521,2,879441201,320,512
322,751,2,887313611,321,737
322,1,2,887314119,321,0
323,300,2,878738827,322,297
323,319,2,878738827,322,315
323,289,2,878738910,322,286
323,322,2,878738910,322,318
323,678,2,878738910,322,664
323,876,2,878738949,322,853
323,243,1,878738997,322,240
323,245,2,878739084,322,242
323,7,2,878739355,322,6
323,257,2,878739393,322,254
323,546,2,878739519,322,536
324,877,1,880575163,323,854
325,313,2,891477489,324,310
325,305,2,891477638,324,302
325,325,1,891477695,324,321
325,174,2,891478006,324,171
325,200,2,891478120,324,197
325,195,2,891478276,324,192
325,109,2,891478528,324,106
325,1,2,891478665,324,0
325,2,1,891478772,324,1
325,210,2,891478796,324,207
325,95,2,891478895,324,94
325,188,2,891478944,324,185
325,16,1,891478981,324,15
325,143,1,891479017,324,140
325,164,1,891479017,324,161
325,107,2,891479102,324,104
325,403,2,891479102,324,399
325,1232,1,891479228,324,1188
325,235,1,891479292,324,232
326,170,2,879874897,325,167
326,175,1,879874933,325,172
326,69,2,879874964,325,68
326,481,1,879874964,325,472
326,612,2,879875083,325,599
326,646,2,879875112,325,633
326,654,1,879875151,325,641
326,187,1,879875243,325,184
326,1126,2,879875243,325,1091
326,154,2,879875271,325,151
326,521,2,879875399,325,512
326,131,2,879875457,325,128
326,180,1,879875457,325,177
326,127,1,879875507,325,124
326,237,2,879875572,325,234
326,86,2,879875644,325,85
326,433,2,879875644,325,428
326,56,2,879875691,325,55
326,197,1,879875723,325,194
326,9,1,879875852,325,8
326,44,1,879875852,325,43
326,507,2,879875873,325,498
326,282,2,879875964,325,279
326,176,2,879876184,325,173
326,216,2,879876235,325,213
326,4,1,879876688,325,3
326,182,2,879876861,325,179
326,232,2,879876941,325,229
326,33,2,879876975,325,32
326,665,1,879876975,325,652
326,720,2,879876975,325,706
326,849,1,879876975,325,830
326,53,1,879877039,325,52
326,663,1,879877159,325,650
326,90,1,879877198,325,89
326,790,1,879877198,325,773
326,451,2,879877234,325,442
326,88,2,879877235,325,87
326,72,2,879877264,325,71
326,1118,2,879877264,325,1083
326,67,2,879877284,325,66
326,780,2,879877326,325,765
326,944,2,879877326,325,917
326,200,2,879877349,325,197
326,219,2,879877349,325,216
327,286,2,887737328,326,283
327,258,1,887737355,326,255
327,333,2,887737493,326,329
327,886,2,887737493,326,863
327,336,2,887737569,326,332
327,300,2,887743541,326,297
327,328,2,887743600,326,324
327,245,1,887743705,326,242
327,260,1,887743705,326,257
327,264,2,887743725,326,261
327,338,1,887743815,326,334
327,186,2,887744064,326,183
327,508,2,887744064,326,499
327,83,2,887744101,326,82
327,169,2,887744205,326,166
327,175,2,887744205,326,172
327,1073,2,887744241,326,1043
327,222,2,887744357,326,219
327,249,2,887744432,326,246
327,250,2,887745272,326,247
327,405,2,887745589,326,401
327,64,2,887745699,326,63
327,56,2,887745805,326,55
327,421,2,887745840,326,417
327,1012,2,887745891,326,982
327,1129,2,887745891,326,1094
327,408,2,887745910,326,404
327,273,2,887745911,326,270
327,24,2,887745934,326,23
327,559,2,887746328,326,549
327,672,2,887746328,326,659
327,13,2,887746665,326,12
327,25,2,887746728,326,24
327,257,2,887746728,326,254
327,65,2,887747617,326,64
327,658,2,887747668,326,645
327,1056,2,887747971,326,1026
327,265,2,887818511,326,262
327,735,2,887818540,326,721
327,517,2,887818991,326,508
327,702,2,887819021,326,688
327,88,2,887819194,326,87
327,455,2,887819316,326,446
327,732,1,887819316,326,718
327,1017,2,887819316,326,987
327,952,2,887819354,326,925
327,274,2,887819462,326,271
327,410,2,887819462,326,406
327,85,2,887819507,326,84
327,476,2,887819538,326,467
327,72,2,887819582,326,71
327,628,2,887820226,326,615
327,583,2,887820341,326,573
327,2,2,887820385,326,1
327,147,2,887820417,326,144
327,568,2,887820417,326,558
327,82,2,887820448,326,81
327,546,2,887820448,326,536
327,550,2,887820448,326,540
327,179,2,887820493,326,176
327,31,2,887820531,326,30
327,96,2,887822530,326,95
327,121,2,887822530,326,118
327,849,2,887822530,326,830
327,69,2,887822711,326,68
328,301,2,885044607,327,298
328,270,2,885044641,327,267
328,299,2,885044904,327,296
328,260,2,885044940,327,257
328,447,2,885045528,327,438
328,1135,1,885045528,327,1100
328,182,2,885045678,327,179
328,693,2,885046174,327,679
328,1401,2,885046537,327,1300
328,715,2,885046853,327,701
328,432,1,885047511,327,427
328,433,2,885047670,327,428
328,431,2,885047822,327,426
328,46,2,885048004,327,45
328,708,2,885048101,327,694
328,798,2,885048159,327,781
328,518,2,885048198,327,509
328,586,1,885048666,327,576
328,149,2,885048730,327,146
328,639,2,885048730,327,626
328,231,2,885048762,327,228
328,665,2,885048801,327,652
328,578,2,885048895,327,568
328,399,2,885049405,327,395
328,679,2,885049460,327,665
328,1139,1,885049756,327,1104
328,688,1,886036585,327,674
328,153,2,886037257,327,150
328,85,1,886038183,327,84
328,752,2,888641528,327,738
328,349,2,888641949,327,345
329,288,2,891655191,328,285
329,294,2,891655383,328,291
329,879,2,891655515,328,856
329,338,2,891655545,328,334
329,323,2,891655594,328,319
329,892,2,891655614,328,869
329,591,2,891655812,328,581
329,81,2,891656300,328,80
329,8,2,891656391,328,7
329,39,2,891656391,328,38
330,80,2,876547737,329,79
330,384,2,876547813,329,380
331,705,2,877196173,330,691
331,482,2,877196235,330,473
331,1017,2,877196235,330,987
331,479,2,877196504,330,470
331,506,2,877196504,330,497
331,1,1,877196567,330,0
331,31,2,877196567,330,30
331,1100,2,877196634,330,1065
331,1199,1,877196634,330,1157
331,11,2,877196702,330,10
332,984,2,887916411,331,955
332,1315,2,887916623,331,1252
332,105,2,887938631,331,102
332,866,2,887938631,331,843
332,756,2,887938687,331,742
332,370,2,887938849,331,366
332,934,2,887938886,331,907
332,983,2,887938886,331,954
332,70,2,888360179,331,69
332,38,2,888360488,331,37
332,931,2,888360532,331,904
333,269,2,891044134,332,266
333,180,1,891045191,332,177
334,305,2,891544135,333,302
334,345,2,891544177,333,341
334,301,2,891544233,333,298
334,312,2,891544286,333,309
334,326,1,891544286,333,322
334,245,2,891544367,333,242
334,338,1,891544524,333,334
334,845,2,891544867,333,826
334,137,2,891544953,333,134
334,742,2,891544972,333,728
334,224,2,891545020,333,221
334,1014,2,891545293,333,984
334,1241,2,891545513,333,1196
334,620,2,891545540,333,607
334,1132,2,891545616,333,1097
334,227,1,891547083,333,224
334,371,2,891547283,333,367
334,955,1,891547563,333,928
334,905,1,891547612,333,881
334,69,1,891548032,333,68
334,635,2,891548155,333,622
334,143,2,891548647,333,140
334,553,1,891548866,333,543
334,569,2,891548920,333,559
334,1074,2,891548979,333,1044
334,231,2,891549024,333,228
334,74,2,891549246,333,73
334,1411,1,891549434,333,1308
334,561,2,891549455,333,551
334,931,1,891549513,333,904
334,865,2,891549631,333,842
334,761,2,891549718,333,747
334,29,2,891549751,333,28
334,229,2,891549777,333,226
334,217,2,891549805,333,214
334,155,2,891549927,333,152
334,1207,2,891550121,333,1165
334,38,2,891550141,333,37
334,450,1,891550338,333,441
334,577,2,891550372,333,567
334,888,2,891550464,333,865
335,258,1,891566808,334,255
335,342,2,891566976,334,338
336,1011,2,877754536,335,981
336,1054,1,877754876,335,1024
336,451,2,877756242,335,442
336,368,1,877756695,335,364
336,571,1,877756999,335,561
336,998,1,877757062,335,968
336,1094,1,877757062,335,1060
336,395,2,877757094,335,391
336,1051,2,877757094,335,1021
336,1079,1,877757094,335,1048
336,401,1,877757133,335,397
336,63,2,877757268,335,62
336,1496,1,877757268,335,1365
336,738,1,877757343,335,724
336,407,1,877757373,335,403
336,577,1,877757396,335,567
336,388,1,877757418,335,384
336,734,1,877757516,335,720
336,999,2,877757516,335,969
336,871,2,877757550,335,848
336,1037,1,877757550,335,1007
336,1446,1,877757790,335,1329
336,864,1,877757837,335,841
336,1041,2,877757837,335,1011
336,202,1,877757909,335,199
336,88,2,877757910,335,87
336,208,2,877757930,335,205
336,1183,1,877757972,335,1141
336,716,2,877758001,335,702
336,845,1,877758035,335,826
336,859,2,877758103,335,837
336,790,2,877758187,335,773
336,3,1,877758935,335,2
336,383,1,877758935,335,379
336,785,1,877758935,335,769
336,926,1,877758935,335,899
336,151,1,877759473,335,148
337,181,2,875184353,336,178
337,106,2,875184682,336,103
337,450,2,875185319,336,441
337,831,1,875236281,336,812
338,294,1,879437576,337,291
338,83,2,879438064,337,82
338,132,2,879438143,337,129
338,196,2,879438505,337,193
338,143,2,879438652,337,140
339,298,2,891032856,338,295
339,1135,2,891033898,338,1100
339,790,2,891034151,338,773
339,226,2,891034744,338,223
339,410,2,891034953,338,406
339,231,2,891035180,338,228
339,411,2,891035420,338,407
339,550,2,891035523,338,540
339,227,2,891035524,338,224
339,94,2,891036423,338,93
340,179,1,884989963,339,176
340,662,2,884991584,339,649
340,428,1,884991618,339,423
341,1280,2,890757782,340,1225
342,324,1,874984002,341,320
342,326,1,874984002,341,322
342,262,2,874984025,341,259
342,875,1,874984045,341,852
342,289,2,874984067,341,286
342,137,2,874984455,341,134
342,220,1,874984455,341,217
342,1014,1,874984531,341,984
342,1010,1,874984574,341,980
342,1009,1,874984596,341,979
342,1016,1,874984596,341,986
342,974,2,874984789,341,946
342,1047,2,874984854,341,1017
342,274,2,874984895,341,271
342,762,2,874984914,341,748
342,257,2,875318267,341,254
342,25,2,875318328,341,24
342,282,1,875318366,341,279
342,950,2,875318423,341,923
342,975,2,875318509,341,947
342,1048,1,875318536,341,1018
342,1300,1,875318556,341,1242
342,125,2,875318585,341,122
342,866,1,875318585,341,843
342,3,2,875318606,341,2
342,544,1,875318606,341,535
342,846,2,875318688,341,827
342,1315,1,875318742,341,1252
342,764,1,875318762,341,750
342,1057,2,875318783,341,1027
342,692,1,875319090,341,678
342,28,2,875319383,341,27
342,772,1,875319597,341,758
342,174,2,875319681,341,171
342,1166,1,875319745,341,1125
342,1167,1,875319854,341,1126
342,716,2,875320014,341,702
342,26,2,875320037,341,25
342,574,1,875320124,341,564
342,1073,1,875320199,341,1043
342,724,1,875320297,341,710
343,288,2,876402428,342,285
343,358,1,876402493,342,354
343,260,1,876402556,342,257
343,25,2,876402814,342,24
343,117,2,876403121,342,114
343,118,2,876403121,342,115
343,476,2,876403239,342,467
343,546,1,876403348,342,536
343,930,1,876403587,342,903
343,1047,1,876403776,342,1017
343,200,2,876404539,342,197
343,461,2,876404957,342,452
343,234,1,876405633,342,231
343,159,2,876405893,342,156
343,371,2,876405893,342,367
343,951,1,876406144,342,924
343,568,1,876406640,342,558
343,62,2,876406707,342,61
343,68,1,876406878,342,67
343,265,2,876406878,342,262
343,375,2,876406978,342,371
343,121,2,876407072,342,118
343,155,1,876407379,342,152
343,555,1,876407706,342,545
344,678,2,884813365,343,664
344,274,2,884899768,343,271
344,290,2,884899837,343,287
344,148,2,884900248,343,145
344,405,2,884900353,343,401
344,815,2,884900409,343,797
344,928,2,884900409,343,901
344,597,2,884900454,343,586
344,756,2,884900529,343,742
344,106,2,884900583,343,103
344,69,2,884901093,343,68
344,462,2,884901156,343,453
344,385,2,884901503,343,381
344,421,2,884901561,343,417
344,122,1,886381985,343,119
344,319,1,886381985,343,315
344,562,2,886381985,343,552
344,844,1,886381985,343,825
344,926,2,886381985,343,899
344,764,1,886381986,343,750
344,322,2,889814470,343,318
345,245,2,884901497,344,242
345,325,1,884901497,344,321
345,332,1,884901497,344,328
345,559,1,884901497,344,549
345,678,2,884901497,344,664
345,748,2,884901497,344,734
345,879,2,884901497,344,856
345,988,2,884916551,344,958
345,919,2,884991077,344,892
345,473,2,884991244,344,464
345,1017,2,884991303,344,987
345,1048,2,884991436,344,1018
345,1009,2,884991546,344,979
345,620,2,884991614,344,607
345,42,2,884991873,344,41
345,570,2,884993662,344,560
345,365,2,884993760,344,361
345,38,2,884993830,344,37
346,366,2,874947609,345,362
346,1011,1,874947609,345,981
346,727,1,874947794,345,713
346,7,2,874947923,345,6
346,98,2,874948173,345,97
346,1039,2,874948303,345,1009
346,967,2,874948426,345,939
346,842,1,874948513,345,823
346,616,1,874948890,345,603
346,240,1,874948929,345,237
346,660,2,874948979,345,647
346,91,1,874950029,345,90
346,276,1,874950029,345,273
346,128,2,874950208,345,125
346,234,2,874950291,345,231
346,184,1,874950463,345,181
346,578,2,874950463,345,568
346,951,2,874950463,345,924
346,17,1,874950839,345,16
346,365,1,874951029,345,361
346,959,2,875260577,345,931
346,53,1,875263501,345,52
346,219,2,875263664,345,216
346,167,2,875264209,345,164
346,1232,1,875264262,345,1188
346,1188,1,875264472,345,1146
346,932,2,875264752,345,905
346,395,1,875264785,345,391
346,780,2,875264904,345,765
346,158,2,875264945,345,155
346,1110,1,875264985,345,1075
346,1090,2,875265071,345,1057
346,743,2,875265295,345,729
346,415,2,875265527,345,411
346,720,2,875265528,345,706
346,669,1,875265690,345,656
346,110,2,875266064,345,107
346,375,1,875266176,345,371
346,391,2,875266600,345,387
346,288,2,886273342,345,285
346,259,2,886273426,345,256
346,325,1,886273717,345,321
347,294,1,881652142,346,291
347,323,1,881652142,346,319
347,748,2,881652142,346,734
347,271,1,881652191,346,268
347,324,1,881652230,346,320
347,260,1,881652250,346,257
347,15,2,881652535,346,14
347,137,2,881652568,346,134
347,25,2,881652684,346,24
347,982,1,881652709,346,953
347,1283,1,881652730,346,1228
347,106,2,881652813,346,103
347,455,2,881653087,346,446
347,1028,2,881653087,346,998
347,819,1,881653155,346,801
347,252,2,881653176,346,249
347,105,2,881653198,346,102
347,235,2,881653224,346,232
347,1047,1,881653224,346,1017
347,1088,1,881653224,346,1055
347,363,1,881653244,346,359
347,595,2,881653244,346,584
347,756,2,881653266,346,742
347,827,1,881653266,346,809
347,820,2,881653340,346,802
347,831,1,881653340,346,812
347,930,2,881653340,346,903
347,1291,1,881653340,346,1234
347,421,2,881653635,346,417
347,735,2,881654134,346,721
347,660,2,881654186,346,647
347,462,2,881654359,346,453
347,317,1,881654409,346,313
347,70,2,881654428,346,69
347,208,2,881654480,346,205
347,699,1,881654480,346,685
347,173,2,881654503,346,170
347,392,2,881654592,346,388
347,65,2,881654679,346,64
347,91,1,881654679,346,90
347,371,1,881654715,346,367
347,73,2,881654773,346,72
347,468,2,881654825,346,459
348,412,2,886523560,347,408
349,126,2,879465598,348,123
349,121,2,879465712,348,118
349,455,2,879465712,348,446
349,744,2,879465785,348,730
349,596,2,879465814,348,585
349,237,2,879466062,348,234
349,1028,2,879466200,348,998
349,105,2,879466283,348,102
349,106,1,879466283,348,103
349,118,2,879466283,348,115
349,370,2,879466283,348,366
349,412,1,879466366,348,408
350,211,2,882347466,349,208
350,265,2,882347466,349,262
351,340,1,879481424,350,336
351,880,2,879481460,350,857
352,17,2,884289728,351,16
352,55,1,884289728,351,54
352,431,2,884289728,351,426
352,273,2,884290328,351,270
352,173,1,884290361,351,170
353,328,2,891402259,352,324
353,270,2,891402358,352,267
353,327,2,891402443,352,323
353,326,2,891402444,352,322
353,271,2,891402567,352,268
353,898,2,891402587,352,874
353,260,1,891402617,352,257
353,358,1,891402617,352,354
353,343,2,891402636,352,339
354,321,2,891216128,353,317
354,255,2,891216788,353,252
354,25,2,891216854,353,24
354,281,1,891216915,353,278
354,79,2,891217274,353,78
354,42,2,891217512,353,41
354,421,2,891306852,353,417
354,211,2,891306946,353,208
354,747,2,891307069,353,733
354,692,2,891307114,353,678
354,724,2,891307114,353,710
356,937,2,891406040,355,910
356,294,1,891406076,355,291
356,892,1,891406241,355,869
357,1048,2,878951217,356,1018
357,412,2,878951918,356,408
357,1034,2,878952222,356,1004
358,127,1,891269117,357,124
358,382,2,891269913,357,378
358,208,2,891270510,357,205
358,482,2,891270510,357,473
358,174,1,891270560,357,171
360,309,2,880354094,359,306
360,748,2,880354094,359,734
360,271,2,880354839,359,268
360,222,2,880355094,359,219
360,144,2,880355527,359,141
361,150,2,879440345,360,147
361,762,2,879440774,360,748
361,1152,2,879441008,360,1115
361,90,2,879441179,360,89
361,781,2,879441179,360,766
361,1041,2,879441179,360,1011
361,55,2,879441253,360,54
361,222,2,879441253,360,219
361,121,2,879441324,360,118
361,148,1,879441324,360,145
361,53,2,879441351,360,52
361,742,1,879441351,360,728
362,268,2,885019435,361,265
362,321,2,885019435,361,317
362,336,2,885019468,361,332
362,328,2,885019504,361,324
363,333,1,891493634,362,329
363,682,1,891493634,362,668
363,270,2,891493723,362,267
363,751,1,891493772,362,737
363,906,2,891493795,362,882
363,350,1,891493864,362,346
363,351,2,891493864,362,347
363,322,2,891493959,362,318
363,325,1,891494012,362,321
363,678,1,891494012,362,664
363,260,2,891494049,362,257
363,1,2,891494563,362,0
363,134,2,891494725,362,131
363,187,2,891494725,362,184
363,1512,1,891494754,362,1376
363,79,2,891494835,362,78
363,182,1,891494962,362,179
363,42,2,891495070,362,41
363,568,2,891495070,362,558
363,650,2,891495197,362,637
363,232,2,891495272,362,229
363,431,2,891495301,362,426
363,588,2,891495339,362,578
363,201,2,891495371,362,198
363,705,2,891495371,362,691
363,204,2,891495402,362,201
363,537,1,891495402,362,528
363,1099,2,891495402,362,1064
363,282,2,891495596,362,279
363,68,2,891495809,362,67
363,699,2,891495850,362,685
363,283,2,891495987,362,280
363,284,2,891495987,362,281
363,698,2,891495987,362,684
363,469,2,891496077,362,460
363,506,2,891496077,362,497
363,557,1,891496103,362,547
363,237,2,891496306,362,234
363,582,2,891496306,362,572
363,70,2,891496373,362,69
363,1267,2,891496481,362,1215
363,97,2,891496513,362,96
363,673,2,891496543,362,660
363,77,2,891496587,362,76
363,206,2,891496587,362,203
363,1168,2,891496587,362,1127
363,32,2,891496667,362,31
363,143,2,891496667,362,140
363,159,1,891496667,362,156
363,164,2,891496722,362,161
363,72,1,891496850,362,71
363,426,2,891496927,362,421
363,640,2,891496927,362,627
363,101,1,891496953,362,100
363,226,1,891497015,362,223
363,5,1,891497047,362,4
363,854,1,891497047,362,834
363,742,2,891497076,362,728
363,451,2,891497130,362,442
363,218,2,891497174,362,215
363,737,1,891497174,362,723
363,1009,2,891497205,362,979
363,73,2,891497234,362,72
363,212,1,891497278,362,209
363,121,2,891497393,362,118
363,230,2,891497440,362,227
363,631,1,891497440,362,618
363,959,1,891497523,362,931
363,366,2,891497583,362,362
363,62,2,891497639,362,61
363,387,1,891497639,362,383
363,231,1,891497679,362,228
363,1074,2,891497679,362,1044
363,155,2,891497712,362,152
363,1214,1,891497712,362,1171
363,979,1,891497748,362,951
363,1035,2,891497925,362,1005
363,554,1,891498012,362,544
363,67,1,891498038,362,66
363,384,1,891498066,362,380
363,88,2,891498087,362,87
363,417,1,891498223,362,413
363,569,2,891498259,362,559
363,217,2,891498286,362,214
363,29,1,891498365,362,28
363,402,2,891498365,362,398
363,849,2,891498365,362,830
363,386,1,891498407,362,382
363,472,1,891498469,362,463
363,572,2,891498469,362,562
363,831,1,891498469,362,812
363,1478,1,891498469,362,1352
363,37,2,891498510,362,36
363,1157,2,891498558,362,1119
363,145,1,891498589,362,142
363,575,1,891498681,362,565
363,802,2,891498681,362,785
363,1228,2,891498720,362,1185
363,816,1,891498787,362,798
363,391,2,891498811,362,387
363,561,2,891498884,362,551
363,555,1,891498920,362,545
363,933,2,891498920,362,906
363,940,2,891498920,362,913
363,1215,1,891498920,362,1172
363,571,1,891498964,362,561
363,665,2,891498964,362,652
363,250,1,891499468,362,247
363,257,2,891499595,362,254
363,1014,1,891499760,362,984
363,760,1,891499993,362,746
363,767,2,891500179,362,753
363,120,1,891500218,362,117
364,261,2,875931432,363,258
364,321,2,875931478,363,317
365,309,1,891303566,364,306
365,294,1,891303614,364,291
365,326,2,891303614,364,322
365,342,2,891303614,364,338
365,352,1,891303728,364,348
365,894,1,891303760,364,871
365,948,1,891303809,364,921
365,276,2,891303901,364,273
365,108,2,891304019,364,105
365,741,2,891304059,364,727
365,109,2,891304106,364,106
365,7,2,891304213,364,6
365,235,2,891304278,364,232
366,7,2,888857598,365,6
366,234,1,888857750,365,231
366,860,2,888858078,365,838
367,565,2,876690048,366,555
367,564,2,876690077,366,554
368,218,2,889783453,367,215
368,219,2,889783453,367,216
368,447,1,889783453,367,438
368,672,2,889783453,367,659
368,413,1,889783454,367,409
368,53,2,889783562,367,52
368,145,2,889783586,367,142
368,396,2,889783617,367,392
368,561,2,889783617,367,551
368,637,2,889783617,367,624
369,335,2,889428072,368,331
369,948,2,889428228,368,921
370,294,1,879434229,369,291
370,321,2,879434265,369,317
370,323,2,879434333,369,319
370,56,2,879434587,369,55
370,390,1,879434587,369,386
370,613,2,879434587,369,600
370,153,2,879434832,369,150
371,175,1,877487266,370,172
371,393,2,880435397,370,389
372,201,2,876869387,371,198
373,156,2,877098374,372,153
373,20,2,877098751,372,19
373,135,1,877098784,372,132
373,187,2,877098849,372,184
373,82,1,877099317,372,81
373,127,2,877099968,372,124
373,1113,1,877099968,372,1078
373,1006,2,877100129,372,976
373,81,2,877100326,372,80
373,423,2,877103846,372,419
373,1087,1,877104086,372,1054
373,715,2,877105075,372,701
373,704,2,877107100,372,690
373,409,2,877107235,372,405
373,679,2,877107355,372,665
373,1228,2,877107379,372,1185
373,94,2,877111313,372,93
374,294,2,880392193,373,291
374,289,1,880392482,373,286
374,948,2,880392592,373,921
374,457,1,880392626,373,448
374,273,2,880392747,373,270
374,9,1,880393056,373,8
374,248,1,880393191,373,245
374,475,1,880393191,373,466
374,7,1,880393268,373,6
374,111,2,880393268,373,108
374,116,1,880393307,373,113
374,1028,1,880393425,373,998
374,123,2,880393511,373,120
374,137,2,880393511,373,134
374,284,1,880393753,373,281
374,278,2,880393754,373,275
374,472,2,880393783,373,463
374,369,1,880393864,373,365
374,928,1,880393892,373,901
374,743,1,880394000,373,729
374,476,2,880394138,373,467
374,1014,1,880394138,373,984
374,930,2,880394179,373,903
374,240,1,880394301,373,237
374,318,2,880394886,373,314
374,55,2,880394929,373,54
374,196,1,880395426,373,193
374,179,1,880395575,373,176
374,89,2,880395896,373,88
374,156,2,880395896,373,153
374,4,2,880395924,373,3
374,1206,2,880396080,373,1164
374,162,2,880396511,373,159
374,463,1,880396511,373,454
374,68,1,880396622,373,67
374,168,1,880434231,373,165
374,713,1,880935656,373,699
374,978,2,880936233,373,950
374,983,2,880936289,373,954
374,823,1,880936476,373,805
374,1013,2,880936476,373,983
374,247,1,880936522,373,244
374,1215,1,880936522,373,1172
374,544,1,880937070,373,535
374,1150,1,880937253,373,1114
374,17,2,880937876,373,16
374,642,1,880937920,373,629
374,1217,2,880938100,373,1174
374,572,2,880938255,373,562
374,554,2,880938370,373,544
374,184,2,880939034,373,181
374,403,2,880939126,373,399
374,231,2,880939228,373,228
374,1218,2,881291426,373,1175
374,832,1,882157930,373,813
374,220,2,882158147,373,217
374,1001,1,882158327,373,971
374,122,2,882158328,373,119
374,758,1,882158481,373,744
374,558,1,882158738,373,548
374,143,2,882159114,373,140
374,845,2,883627072,373,826
374,846,2,883627509,373,827
374,1093,2,883627582,373,1059
374,952,2,883627906,373,925
374,1059,2,883627906,373,1029
374,1049,1,883628021,373,1019
374,932,1,883628159,373,905
374,977,1,883628189,373,949
375,1073,2,886621950,374,1043
375,583,2,886622131,374,573
375,1046,2,886622131,374,1016
377,323,2,891297001,376,319
377,678,2,891297043,376,664
378,294,2,880043804,377,291
378,1061,2,880044454,377,1031
378,928,2,880044488,377,901
378,280,2,880044489,377,277
378,125,2,880044609,377,122
378,409,2,880044642,377,405
378,866,2,880044726,377,843
378,1028,2,880044726,377,998
378,1047,2,880044726,377,1017
378,287,2,880044802,377,284
378,930,2,880044906,377,903
378,220,2,880044944,377,217
378,135,2,880046362,377,132
378,179,2,880055336,377,176
378,720,2,880056798,377,706
378,932,2,880056930,377,905
378,1425,2,880056930,377,1314
378,254,1,880318158,377,251
378,365,2,880318158,377,361
378,546,2,880318158,377,536
378,926,1,880318158,377,899
378,1284,2,880318158,377,1229
378,1181,2,880332537,377,1140
378,67,2,880332563,377,66
378,1091,2,880332911,377,1058
378,550,2,880332949,377,540
378,160,2,880332998,377,157
378,1135,2,880333069,377,1100
378,665,2,880333261,377,652
378,68,2,880333446,377,67
378,370,2,880333494,377,366
378,233,2,880333540,377,230
378,796,2,880333626,377,779
378,635,2,880333802,377,622
378,2,2,880333851,377,1
378,1048,2,880333851,377,1018
378,577,2,880333995,377,567
378,1523,2,880334067,377,1383
378,106,2,880334241,377,103
378,780,2,880334241,377,765
378,412,2,880334409,377,408
378,1037,2,880334476,377,1007
379,161,2,880525502,378,158
379,398,1,880525638,378,394
379,54,2,880526100,378,53
379,1032,2,880568109,378,1002
379,90,2,880740215,378,89
379,395,2,880741868,378,391
379,1206,2,880961672,378,1164
379,637,2,880962047,378,624
379,563,2,880962106,378,553
379,63,2,880962215,378,62
379,383,2,881000374,378,379
379,575,2,882044649,378,565
379,385,2,882563616,378,381
379,1219,2,883156704,378,1176
379,158,1,885063748,378,155
379,62,2,888646058,378,61
379,616,2,890464337,378,603
380,152,2,885478312,379,149
380,180,2,885478374,379,177
380,234,2,885478447,379,231
380,629,2,885478497,379,616
380,163,2,885478539,379,160
380,1404,2,885478646,379,1303
380,514,2,885478780,379,505
380,630,2,885478780,379,617
380,610,2,885478886,379,597
380,204,2,885479274,379,201
380,213,2,885479319,379,210
380,58,2,885479355,379,57
380,521,2,885479397,379,512
380,959,2,885479455,379,931
380,561,2,885479519,379,551
380,38,2,885479537,379,37
380,31,1,885479730,379,30
381,102,2,892696130,380,101
381,49,2,892696328,380,48
381,77,2,892696367,380,76
381,660,2,892696426,380,647
381,566,2,892696512,380,556
381,771,2,892696557,380,757
381,120,1,892696587,380,117
381,281,2,892696616,380,278
381,217,2,892696757,380,214
381,121,2,892696793,380,118
381,118,1,892697051,380,115
381,214,2,892697338,380,211
381,15,2,892697358,380,14
381,934,2,892697495,380,907
381,914,1,892697768,380,887
381,313,2,892697869,380,310
381,307,2,892697959,380,304
381,682,2,892697982,380,668
382,258,2,875945173,381,255
382,286,2,875945173,381,283
382,50,1,875945451,381,49
382,7,2,875945837,381,6
382,25,2,875945880,381,24
382,137,2,875946029,381,134
382,150,2,875946055,381,147
382,546,2,875946234,381,536
382,252,2,875946262,381,249
383,313,2,891192158,382,310
383,345,2,891192251,382,341
383,319,2,891192377,382,315
383,475,2,891193137,382,466
385,236,2,879439637,384,233
385,224,2,879439728,384,221
385,508,2,879439728,384,499
385,181,1,879439923,384,178
385,283,2,879439984,384,280
385,251,2,879440098,384,248
385,50,1,879440127,384,49
385,151,2,879440127,384,148
385,1160,2,879440211,384,1122
385,111,2,879440267,384,108
385,273,2,879440557,384,270
385,249,2,879440892,384,246
385,405,2,879440961,384,401
385,871,1,879440986,384,848
385,176,2,879441386,384,173
385,496,2,879441538,384,487
385,61,2,879441572,384,60
385,318,2,879441572,384,314
385,55,2,879441728,384,54
385,133,1,879441728,384,130
385,204,1,879441728,384,201
385,172,2,879442109,384,169
385,486,2,879442189,384,477
385,59,2,879442490,384,58
385,215,2,879442559,384,212
385,419,2,879442606,384,415
385,558,2,879442673,384,548
385,727,1,879443102,384,713
385,99,2,879443186,384,98
385,42,1,879443252,384,41
385,205,2,879443253,384,202
385,385,1,879443352,384,381
385,191,2,879444597,384,188
385,4,2,879445260,384,3
385,186,1,879445260,384,183
385,506,2,879445291,384,497
385,658,2,879445454,384,645
385,234,1,879445493,384,231
385,492,2,879445531,384,483
385,423,2,879445662,384,419
385,673,2,879445779,384,660
385,421,2,879446026,384,417
385,53,1,879446110,384,52
385,942,2,879446208,384,915
385,1110,2,879446566,384,1075
385,629,2,879446643,384,616
385,82,1,879446786,384,81
385,557,2,879446786,384,547
385,216,2,879446868,384,213
385,219,1,879446952,384,216
385,719,2,879447136,384,705
385,451,1,879447205,384,442
385,218,2,879447361,384,215
385,767,1,879447361,384,753
385,378,1,879447555,384,374
385,417,2,879447671,384,413
385,29,1,879447845,384,28
385,794,2,879448181,384,777
385,1135,1,879448181,384,1100
385,217,2,879448208,384,214
385,739,1,879448665,384,725
385,444,1,879448994,384,435
385,231,2,879449309,384,228
385,145,1,879449745,384,142
385,383,1,879449871,384,379
385,1037,1,879449950,384,1007
385,1014,2,879450441,384,984
385,254,1,879453094,384,251
385,195,1,879453773,384,192
385,210,1,879453773,384,207
385,174,2,879924297,384,171
385,462,2,881135090,384,453
385,384,1,884118861,384,380
387,23,2,886479528,386,22
387,651,2,886479689,386,638
387,152,1,886479690,386,149
387,746,1,886479737,386,732
387,204,2,886479771,386,201
387,650,2,886480163,386,637
387,1069,2,886480288,386,1039
387,133,2,886480483,386,130
387,186,2,886480515,386,183
387,477,1,886480733,386,468
387,676,1,886480733,386,663
387,147,2,886481073,386,144
387,619,1,886481073,386,606
387,742,2,886481105,386,728
387,458,1,886481183,386,449
387,1134,1,886481183,386,1099
387,121,2,886481228,386,118
387,25,2,886481271,386,24
387,219,2,886481686,386,216
387,674,2,886481686,386,661
387,672,2,886481687,386,659
387,567,2,886481737,386,557
387,569,2,886481737,386,559
387,441,1,886481800,386,433
387,446,2,886481800,386,437
387,551,2,886481800,386,541
387,564,1,886481800,386,554
387,563,2,886481851,386,553
387,665,2,886481851,386,652
387,769,1,886481851,386,755
387,692,1,886482928,386,678
387,731,1,886482969,386,717
387,790,1,886482969,386,773
387,393,2,886483009,386,389
387,1110,2,886483009,386,1075
387,568,2,886483099,386,558
387,241,1,886483194,386,238
387,229,2,886483195,386,226
387,27,1,886483252,386,26
387,29,1,886483252,386,28
387,62,2,886483252,386,61
387,161,1,886483252,386,158
387,550,2,886483252,386,540
387,578,2,886483252,386,568
387,232,2,886483289,386,229
387,71,2,886483620,386,70
387,95,2,886483620,386,94
387,768,1,886483620,386,754
387,625,2,886483669,386,612
387,1078,1,886483670,386,1047
387,1091,1,886483670,386,1058
387,197,2,886483824,386,194
387,806,1,886483824,386,788
387,97,2,886483859,386,96
387,972,2,886483859,386,944
387,215,2,886483906,386,212
387,697,1,886483906,386,683
387,239,1,886483970,386,236
387,196,2,886484012,386,193
387,735,2,886484012,386,721
387,953,2,886484012,386,926
387,380,2,886484098,386,376
387,732,1,886484215,386,718
387,319,1,886484384,386,315
387,286,2,886484385,386,283
387,289,1,886484413,386,286
387,294,2,886484413,386,291
387,243,1,886484460,386,240
387,325,2,886484460,386,321
387,984,1,886484460,386,955
388,276,2,886440608,387,273
388,871,2,886440608,387,848
389,286,2,879915633,388,283
389,15,2,879916135,388,14
389,763,1,879916203,388,749
389,135,2,879990996,388,132
389,210,2,879990996,388,207
389,216,2,879991387,388,213
389,454,2,880086868,388,445
389,1036,2,880087170,388,1006
389,186,2,880087435,388,183
389,583,2,880088039,388,573
389,739,2,880088229,388,725
389,161,2,880088269,388,158
389,159,2,880088330,388,156
389,29,2,880088659,388,28
389,393,2,880088717,388,389
389,118,2,880088900,388,115
389,155,2,880088900,388,152
389,674,2,880088900,388,661
389,77,2,880088922,388,76
389,756,2,880088942,388,742
389,553,2,880089015,388,543
389,38,2,880089076,388,37
389,94,2,880089115,388,93
389,395,2,880089133,388,391
389,722,2,880089192,388,708
389,384,2,880089211,388,380
389,53,2,880089337,388,52
389,1518,2,880165787,388,1381
389,451,2,880165881,388,442
389,629,2,880166028,388,616
389,1074,2,880613841,388,1044
389,1114,2,880614050,388,1079
389,407,1,880614292,388,403
389,67,2,880614340,388,66
389,700,2,881384441,388,686
389,579,1,881384611,388,569
389,383,2,881384649,388,379
389,1052,2,881384711,388,1022
390,331,2,879693723,389,327
390,1296,2,879693770,389,1238
390,277,2,879694123,389,274
390,475,1,879694232,389,466
390,845,2,879694232,389,826
391,294,2,877398619,390,291
391,300,2,877398619,390,297
391,264,1,877398704,390,261
391,678,2,877398704,390,664
391,772,2,877399030,390,758
391,421,2,877399269,390,417
391,131,2,877399455,390,128
391,228,2,877399486,390,225
391,774,2,877399541,390,760
391,715,2,877399588,390,701
391,195,2,877399618,390,192
391,31,2,877399659,390,30
391,222,2,877399864,390,219
391,471,2,877399864,390,462
391,1163,2,877399864,390,1124
391,508,2,877400037,390,499
392,286,2,891037385,391,283
392,300,2,891037437,391,297
392,271,1,891037490,391,268
392,258,2,891037531,391,255
392,326,2,891037685,391,322
392,324,1,891037720,391,320
392,260,1,891037790,391,257
392,538,2,891037851,391,529
392,1160,2,891038137,391,1122
392,298,1,891038205,391,295
392,249,1,891038224,391,246
392,1258,1,891038247,391,1207
393,751,2,887741960,392,737
393,323,2,887742916,392,319
393,338,2,887742964,392,334
393,890,1,887742991,392,867
393,100,1,887744053,392,99
393,25,2,887744294,392,24
393,546,2,887744578,392,536
393,108,2,887744658,392,105
393,1095,2,887745174,392,1061
393,240,2,887745380,392,237
393,831,1,887745454,392,812
393,411,2,887745501,392,407
393,357,2,887745815,392,353
393,56,2,887746015,392,55
393,789,1,887746015,392,772
393,633,2,887746091,392,620
393,132,2,887746207,392,129
393,154,2,887746302,392,151
393,65,2,887746346,392,64
393,380,2,887746482,392,376
393,485,2,887746670,392,476
393,134,2,887746824,392,131
393,431,2,887746965,392,426
393,135,1,887747108,392,132
393,507,2,889554859,392,498
393,421,2,889555000,392,417
393,805,2,889555410,392,787
393,964,2,889555461,392,936
393,721,2,889727930,392,707
393,48,2,889728177,392,47
393,81,2,889728324,392,80
393,575,2,889728712,392,565
393,722,2,889728736,392,708
393,17,1,889728895,392,16
393,40,1,889729185,392,39
393,792,1,889729346,392,775
393,141,2,889729537,392,138
393,552,2,889729638,392,542
393,86,2,889729674,392,85
393,90,2,889729938,392,89
393,110,2,889730117,392,107
393,737,2,889730261,392,723
393,396,1,889730514,392,392
393,449,2,889731088,392,440
393,940,2,889731109,392,913
393,364,2,889731139,392,360
393,1034,2,889731413,392,1004
393,122,1,889731465,392,119
393,725,2,889731501,392,711
393,78,2,889731521,392,77
393,715,1,889731592,392,701
393,585,2,889731649,392,575
393,997,1,889731703,392,967
394,746,2,880888313,393,732
394,226,2,880888850,393,223
394,578,2,880888927,393,568
394,720,2,881058146,393,706
394,597,2,881058201,393,586
394,802,1,881058201,393,785
394,576,2,881058371,393,566
394,795,2,881059103,393,778
394,780,2,881059180,393,765
394,383,2,881059704,393,379
394,577,2,881059704,393,567
394,665,2,881130009,393,652
396,329,2,884645615,395,325
396,100,2,884646092,395,99
396,871,2,884646289,395,848
396,406,2,884646468,395,402
396,455,2,884646582,395,446
396,823,2,884646647,395,805
397,243,1,875063613,396,240
397,322,1,875063613,396,318
397,327,2,875063649,396,323
397,680,1,875063649,396,666
397,688,1,875063649,396,674
397,991,1,875063678,396,961
397,261,1,875063722,396,258
397,457,1,875063722,396,448
397,878,1,875063722,396,855
397,988,1,875063722,396,958
397,989,1,875063722,396,959
397,65,2,875063876,396,64
397,340,2,882838664,396,336
397,324,2,882838749,396,320
397,332,2,882838773,396,328
397,894,1,882838796,396,871
397,358,2,882838937,396,354
397,343,2,885349148,396,339
397,1001,1,885350326,396,971
398,991,2,875651527,397,961
398,284,2,875654781,397,281
398,447,2,875658967,397,438
398,582,2,875659518,397,572
398,235,2,875716709,397,232
398,710,2,875716830,397,696
398,154,2,875718614,397,151
398,662,2,875723172,397,649
398,4,2,875723337,397,3
398,94,2,875732304,397,93
398,63,2,875732862,397,62
398,663,2,875735255,397,650
398,700,2,875736199,397,686
398,712,2,875736732,397,698
398,715,2,875736732,397,701
398,231,2,875743840,397,228
398,737,2,875811449,397,723
399,323,1,882340517,398,319
399,340,2,882340517,398,336
399,343,2,882340517,398,339
399,890,2,882340517,398,867
399,544,2,882340556,398,535
399,123,2,882340807,398,120
399,413,2,882340900,398,409
399,763,2,882340900,398,749
399,546,2,882341383,398,536
399,824,2,882341445,398,806
399,760,1,882341554,398,746
399,825,2,882341586,398,807
399,928,2,882341586,398,901
399,616,1,882341881,398,603
399,238,1,882342061,398,235
399,710,2,882342537,398,696
399,195,2,882342669,398,192
399,55,2,882343171,398,54
399,1220,2,882343389,398,1177
399,110,2,882343523,398,107
399,28,2,882344134,398,27
399,39,2,882344310,398,38
399,164,2,882344553,398,161
399,755,2,882344757,398,741
399,227,2,882344794,398,224
399,431,2,882344906,398,426
399,975,2,882344974,398,947
399,38,2,882345164,398,37
399,1090,2,882345212,398,1057
399,561,2,882345335,398,551
399,697,2,882345454,398,683
399,384,2,882345698,398,380
399,84,2,882345842,398,83
399,568,2,882345842,398,558
399,127,2,882346585,398,124
399,501,2,882346851,398,492
399,117,2,882347620,398,114
399,228,2,882347783,398,225
399,732,2,882348089,398,718
399,722,2,882348153,398,708
399,436,2,882348478,398,431
399,1542,2,882348592,398,1397
399,1210,2,882348690,398,1168
399,540,2,882348722,398,531
399,578,2,882348722,398,568
399,155,2,882348773,398,152
399,926,2,882348850,398,899
399,41,2,882348876,398,40
399,551,1,882349022,398,541
399,77,2,882349094,398,76
399,229,2,882349143,398,226
399,1135,2,882349170,398,1100
399,826,2,882349353,398,808
399,232,2,882350431,398,229
399,383,2,882350431,398,379
399,781,2,882350617,398,766
399,90,2,882350653,398,89
399,444,1,882350733,398,435
399,552,1,882350733,398,542
399,575,1,882350762,398,565
399,388,2,882350791,398,384
399,450,2,882350791,398,441
400,748,2,885676411,399,734
401,286,2,891031464,400,283
401,751,1,891031532,400,737
401,321,2,891031554,400,317
401,294,1,891031621,400,291
401,342,1,891031723,400,338
401,322,2,891031784,400,318
401,892,1,891031867,400,869
401,1,2,891032170,400,0
401,127,1,891032170,400,124
401,273,2,891032334,400,270
401,405,2,891032453,400,401
401,225,1,891032474,400,222
401,235,1,891032474,400,232
401,1289,2,891032495,400,1233
401,535,2,891032518,400,526
401,257,2,891032563,400,254
401,151,1,891032584,400,148
401,280,2,891032607,400,277
401,147,2,891032662,400,144
401,762,2,891032662,400,748
401,707,2,891032868,400,693
401,135,1,891032919,400,132
401,511,2,891033092,400,502
401,154,1,891033184,400,151
401,501,2,891033184,400,492
401,13,2,891033204,400,12
401,11,2,891033227,400,10
401,188,1,891033267,400,185
401,634,1,891033319,400,621
401,451,2,891033343,400,442
401,404,2,891033395,400,400
401,168,1,891033442,400,165
401,153,2,891033466,400,150
401,478,2,891033497,400,469
401,71,2,891033549,400,70
401,588,2,891033549,400,578
401,663,1,891033549,400,650
401,430,2,891033582,400,425
401,161,2,891033603,400,158
402,245,1,876266860,401,242
402,10,2,876266985,401,9
402,410,1,876266985,401,406
402,1048,2,876266985,401,1018
402,710,2,876267206,401,696
403,106,2,879786084,402,103
403,240,1,879786084,402,237
403,257,2,879786112,402,254
403,1012,1,879786190,402,982
403,1047,2,879786381,402,1017
403,597,2,879786747,402,586
404,286,1,883790181,403,283
404,333,2,883790286,403,329
404,876,2,883790286,403,853
404,327,2,883790366,403,323
404,289,1,883790492,403,286
404,892,2,883790550,403,869
404,689,2,883790585,403,675
404,901,2,883790585,403,877
404,339,1,883790609,403,335
404,343,1,883790656,403,339
405,97,2,885545638,404,96
405,365,1,885545672,404,361
405,380,2,885545883,404,376
405,697,1,885545883,404,683
405,83,1,885545974,404,82
405,182,1,885545974,404,179
405,806,1,885545974,404,788
405,510,1,885545975,404,501
405,522,1,885545975,404,513
405,523,2,885545975,404,514
405,730,1,885545975,404,716
405,960,1,885545975,404,932
405,1192,1,885545975,404,1150
405,1400,1,885545975,404,1299
405,32,1,885546025,404,31
405,199,1,885546025,404,196
405,515,1,885546025,404,506
405,519,2,885546025,404,510
405,520,2,885546025,404,511
405,1103,2,885546025,404,1068
405,1166,1,885546025,404,1125
405,75,2,885546069,404,74
405,175,1,885546069,404,172
405,558,1,885546069,404,548
405,647,1,885546069,404,634
405,698,1,885546069,404,684
405,956,2,885546069,404,929
405,1065,1,885546069,404,1035
405,1108,1,885546069,404,1073
405,1147,2,885546069,404,1111
405,87,1,885546112,404,86
405,196,1,885546112,404,193
405,425,2,885546112,404,420
405,509,1,885546112,404,500
405,511,2,885546112,404,502
405,513,1,885546112,404,504
405,583,1,885546112,404,573
405,703,2,885546112,404,689
405,48,1,885546154,404,47
405,86,1,885546154,404,85
405,526,1,885546154,404,517
405,693,2,885546154,404,679
405,964,1,885546154,404,936
405,1069,1,885546154,404,1039
405,1464,1,885546154,404,1341
405,39,1,885546155,404,38
405,662,1,885546155,404,649
405,1221,1,885546155,404,1178
405,179,1,885546201,404,176
405,190,2,885546201,404,187
405,641,1,885546201,404,628
405,1194,1,885546201,404,1152
405,1545,2,885546201,404,1399
405,646,2,885546202,404,633
405,58,1,885546247,404,57
405,470,1,885546247,404,461
405,660,2,885546247,404,647
405,699,2,885546247,404,685
405,727,1,885546247,404,713
405,77,1,885546248,404,76
405,528,1,885546248,404,519
405,733,1,885546248,404,719
405,778,1,885546248,404,763
405,92,1,885546287,404,91
405,518,1,885546287,404,509
405,695,1,885546287,404,681
405,856,1,885546287,404,836
405,1468,1,885546287,404,1344
405,469,1,885546288,404,460
405,723,1,885546288,404,709
405,1547,2,885546288,404,1400
405,382,1,885546336,404,378
405,549,1,885546336,404,539
405,643,1,885546336,404,630
405,650,1,885546336,404,637
405,694,1,885546336,404,680
405,942,1,885546336,404,915
405,1445,1,885546336,404,1328
405,52,1,885546379,404,51
405,54,2,885546379,404,53
405,65,1,885546379,404,64
405,464,1,885546379,404,455
405,553,1,885546379,404,543
405,714,1,885546379,404,700
405,772,1,885546379,404,758
405,1267,1,885546379,404,1215
405,46,1,885546445,404,45
405,212,1,885546445,404,209
405,537,1,885546445,404,528
405,649,1,885546445,404,636
405,715,1,885546445,404,701
405,972,1,885546445,404,944
405,1006,1,885546445,404,976
405,27,1,885546487,404,26
405,570,1,885546487,404,560
405,708,1,885546487,404,694
405,720,1,885546487,404,706
405,737,1,885546487,404,723
405,808,1,885546487,404,790
405,970,1,885546487,404,942
405,1224,1,885546487,404,1181
405,1585,1,885546487,404,1407
405,1261,1,885546529,404,1209
405,1306,1,885546529,404,1248
405,724,1,885546530,404,710
405,1112,2,885546530,404,1077
405,1206,1,885546530,404,1164
405,51,1,885546577,404,50
405,57,1,885546577,404,56
405,704,2,885546577,404,690
405,941,1,885546577,404,914
405,1004,1,885546577,404,974
405,1208,1,885546577,404,1166
405,1297,1,885546577,404,1239
405,1518,2,885546577,404,1381
405,1519,2,885546577,404,1382
405,645,1,885546635,404,632
405,1058,1,885546635,404,1028
405,1107,1,885546635,404,1072
405,556,1,885546636,404,546
405,782,1,885546636,404,767
405,1268,1,885546636,404,1216
405,1478,1,885546636,404,1352
405,43,1,885546680,404,42
405,387,1,885546680,404,383
405,569,1,885546680,404,559
405,807,1,885546680,404,789
405,1113,1,885546680,404,1078
405,1148,1,885546680,404,1112
405,1488,1,885546680,404,1360
405,1100,1,885546681,404,1065
405,1232,1,885546681,404,1188
405,574,1,885546724,404,564
405,664,1,885546724,404,651
405,798,1,885546724,404,781
405,1439,1,885546724,404,1323
405,1168,1,885546725,404,1127
405,375,1,885546835,404,371
405,555,1,885546835,404,545
405,1229,1,885546835,404,1186
405,1260,1,885546835,404,1208
405,1421,1,885546835,404,1313
405,1438,1,885546835,404,1322
405,1442,1,885546835,404,1325
405,36,2,885546859,404,35
405,1139,1,885546859,404,1104
405,1311,1,885546859,404,1249
405,1070,1,885547123,404,1040
405,168,1,885547124,404,165
405,216,2,885547124,404,213
405,524,1,885547124,404,515
405,648,1,885547124,404,635
405,853,1,885547124,404,833
405,194,1,885547176,404,191
405,201,1,885547176,404,198
405,435,1,885547176,404,430
405,746,1,885547176,404,732
405,1225,1,885547176,404,1182
405,211,1,885547177,404,208
405,430,1,885547177,404,425
405,514,1,885547221,404,505
405,663,2,885547221,404,650
405,367,1,885547222,404,363
405,381,1,885547222,404,377
405,854,1,885547222,404,834
405,959,1,885547222,404,931
405,1072,1,885547222,404,1042
405,414,1,885547268,404,410
405,789,1,885547268,404,772
405,996,1,885547268,404,966
405,1118,1,885547268,404,1083
405,1167,1,885547268,404,1126
405,1475,1,885547268,404,1351
405,42,1,885547313,404,41
405,372,1,885547313,404,368
405,793,1,885547313,404,776
405,428,1,885547314,404,423
405,516,1,885547314,404,507
405,709,1,885547314,404,695
405,33,1,885547360,404,32
405,652,1,885547360,404,639
405,721,1,885547360,404,707
405,790,1,885547360,404,773
405,1111,1,885547360,404,1076
405,1404,1,885547360,404,1303
405,49,1,885547407,404,48
405,702,1,885547407,404,688
405,785,1,885547407,404,769
405,396,1,885547408,404,392
405,399,1,885547408,404,395
405,716,1,885547408,404,702
405,1249,1,885547408,404,1202
405,580,1,885547447,404,570
405,585,1,885547447,404,575
405,719,1,885547447,404,705
405,738,1,885547447,404,724
405,401,1,885547448,404,397
405,110,1,885547506,404,107
405,712,1,885547506,404,698
405,734,2,885547506,404,720
405,745,1,885547506,404,731
405,859,1,885547506,404,837
405,1036,1,885547506,404,1006
405,1271,2,885547506,404,1218
405,80,1,885547557,404,79
405,579,1,885547557,404,569
405,999,1,885547557,404,969
405,1425,1,885547557,404,1314
405,383,1,885547605,404,379
405,791,1,885547605,404,774
405,795,2,885547605,404,778
405,940,1,885547605,404,913
405,1030,1,885547605,404,1000
405,1180,1,885547605,404,1139
405,564,1,885547606,404,554
405,786,1,885547644,404,770
405,997,1,885547644,404,967
405,1043,1,885547644,404,1013
405,1110,1,885547644,404,1075
405,1305,1,885547644,404,1247
405,700,1,885547645,404,686
405,783,2,885547645,404,768
405,1474,1,885547645,404,1350
405,377,1,885547690,404,373
405,726,1,885547690,404,712
405,1178,1,885547690,404,1137
405,1179,1,885547690,404,1138
405,1484,1,885547690,404,1358
405,725,1,885547691,404,711
405,40,2,885547735,404,39
405,41,1,885547735,404,40
405,722,1,885547735,404,708
405,765,1,885547735,404,751
405,775,1,885547735,404,761
405,1029,1,885547735,404,999
405,1435,1,885547735,404,1321
405,1479,1,885547735,404,1353
405,1517,1,885547735,404,1380
405,364,1,885547766,404,360
405,1177,1,885547766,404,1136
405,55,1,885547909,404,54
405,176,1,885547909,404,173
405,183,1,885547909,404,180
405,241,1,885547909,404,238
405,550,2,885547909,404,540
405,228,1,885547910,404,225
405,265,2,885547910,404,262
405,385,1,885547910,404,381
405,89,1,885547952,404,88
405,184,1,885547952,404,181
405,233,1,885547952,404,230
405,2,1,885547953,404,1
405,226,2,885547953,404,223
405,230,2,885547953,404,227
405,530,1,885547953,404,521
405,566,1,885547953,404,556
405,62,1,885547996,404,61
405,68,1,885547996,404,67
405,177,1,885547996,404,174
405,188,1,885547996,404,185
405,1184,1,885547996,404,1142
405,161,1,885547997,404,158
405,679,1,885547997,404,665
405,229,1,885548048,404,226
405,770,1,885548048,404,756
405,947,1,885548048,404,920
405,1027,1,885548048,404,997
405,227,1,885548049,404,224
405,554,1,885548049,404,544
405,761,1,885548049,404,747
405,802,1,885548049,404,785
405,849,1,885548049,404,830
405,1222,1,885548049,404,1179
405,449,1,885548093,404,440
405,450,1,885548093,404,441
405,576,1,885548093,404,566
405,578,1,885548093,404,568
405,398,1,885548094,404,394
405,665,1,885548094,404,652
405,810,1,885548094,404,792
405,1231,1,885548136,404,1187
405,53,2,885548137,404,52
405,391,1,885548137,404,387
405,562,1,885548137,404,552
405,779,1,885548137,404,764
405,1228,1,885548137,404,1185
405,1419,2,885548137,404,1312
405,373,2,885548162,404,369
405,541,1,885548162,404,532
405,759,1,885548162,404,745
405,771,1,885548162,404,757
405,540,1,885548163,404,531
405,1239,1,885548163,404,1194
405,656,1,885548275,404,643
405,667,1,885548275,404,654
405,668,1,885548275,404,655
405,674,1,885548275,404,661
405,675,1,885548275,404,662
405,200,2,885548330,404,197
405,440,1,885548330,404,432
405,671,2,885548330,404,658
405,773,1,885548330,404,759
405,37,1,885548384,404,36
405,436,1,885548384,404,431
405,670,1,885548384,404,657
405,217,1,885548385,404,214
405,446,1,885548385,404,437
405,672,1,885548434,404,659
405,441,1,885548435,404,433
405,669,1,885548435,404,656
405,816,1,885548435,404,798
405,860,1,885548435,404,838
405,565,2,885548474,404,555
405,567,2,885548474,404,557
405,379,1,885548475,404,375
405,551,1,885548475,404,541
405,561,1,885548475,404,551
405,563,1,885548475,404,553
405,769,1,885548475,404,755
405,774,1,885548475,404,760
405,203,1,885548578,404,200
405,657,1,885548578,404,644
405,1073,1,885548578,404,1043
405,31,1,885548579,404,30
405,504,2,885548579,404,495
405,642,1,885548579,404,629
405,653,1,885548579,404,640
405,654,2,885548579,404,641
405,525,1,885548632,404,516
405,1109,1,885548632,404,1074
405,1275,1,885548632,404,1220
405,1553,1,885548632,404,1401
405,466,1,885548633,404,457
405,943,1,885548633,404,916
405,1046,2,885548633,404,1016
405,1248,1,885548633,404,1201
405,44,1,885548670,404,43
405,592,1,885548670,404,582
405,1090,1,885548670,404,1057
405,1210,1,885548670,404,1168
405,1471,1,885548670,404,1347
405,1042,1,885548671,404,1012
405,1253,1,885548671,404,1205
405,552,1,885548686,404,542
405,1207,1,885548686,404,1165
405,584,1,885548785,404,574
405,588,2,885548785,404,578
405,1200,1,885548785,404,1158
405,71,1,885548836,404,70
405,417,2,885548836,404,413
405,422,1,885548836,404,418
405,463,1,885548836,404,454
405,465,1,885548836,404,456
405,946,2,885548836,404,919
405,102,1,885548877,404,101
405,141,2,885548877,404,138
405,622,1,885548877,404,609
405,626,1,885548877,404,613
405,627,1,885548877,404,614
405,755,2,885548877,404,741
405,812,1,885548877,404,794
405,951,1,885548877,404,924
405,1035,1,885548877,404,1005
405,1540,2,885548877,404,1395
405,91,2,885548932,404,90
405,389,2,885548932,404,385
405,416,2,885548932,404,412
405,621,1,885548932,404,608
405,1469,1,885548932,404,1345
405,1503,1,885548932,404,1371
406,515,2,879445378,405,506
406,144,1,879445475,405,141
406,238,2,879445475,405,235
406,514,1,879445562,405,505
406,205,2,879445642,405,202
406,206,1,879445735,405,203
406,187,2,879445897,405,184
406,143,1,879445935,405,140
406,529,2,879446108,405,520
406,747,2,879446108,405,733
406,610,1,879446228,405,597
406,468,1,879446361,405,459
406,207,2,879446529,405,204
406,196,2,879446588,405,193
406,173,2,879446684,405,170
406,919,2,879446684,405,892
406,13,2,879539987,405,12
406,284,1,879539987,405,281
406,151,2,879540051,405,148
406,237,1,879540078,405,234
406,25,1,879540106,405,24
406,831,2,879540249,405,812
406,184,2,879792863,405,181
406,672,2,879792897,405,659
406,563,1,879792975,405,553
406,452,2,879793011,405,443
406,769,1,879793011,405,755
406,198,2,879793179,405,195
406,213,2,879793179,405,210
406,652,2,879793179,405,639
406,212,2,879793210,405,209
406,960,2,879793376,405,932
406,517,2,880131550,405,508
406,208,2,880131582,405,205
406,88,2,880131608,405,87
406,209,1,880131608,405,206
406,502,1,880131642,405,493
406,152,2,880131666,405,149
406,73,2,880131704,405,72
406,414,2,880131704,405,410
406,4,2,880131792,405,3
406,85,2,880131875,405,84
406,451,2,880131954,405,442
406,1079,2,880132048,405,1048
406,158,2,880132115,405,155
406,368,2,880132115,405,364
406,575,1,880132188,405,565
406,453,2,880132319,405,444
406,419,1,882480443,405,415
406,1065,2,882480567,405,1035
406,1153,2,882480836,405,1116
406,131,2,884630617,405,128
406,1203,2,884630860,405,1161
406,664,2,884630973,405,651
407,650,2,875044400,406,637
407,227,2,875045190,406,224
407,642,2,875045627,406,629
407,157,2,875046752,406,154
407,371,2,875116964,406,367
407,161,2,876338279,406,158
407,796,2,876338663,406,779
407,568,2,876338730,406,558
407,40,1,876338799,406,39
407,502,2,876338883,406,493
407,67,1,876339975,406,66
407,712,2,876340043,406,698
407,158,2,876342927,406,155
407,402,2,876344329,406,398
407,1263,2,876344668,406,1211
407,393,2,876344736,406,389
407,449,2,876344772,406,440
407,1188,2,876345492,406,1146
407,756,2,876348232,406,742
407,400,1,876348583,406,396
407,1090,2,876348799,406,1057
407,388,2,876348849,406,384
407,930,2,876348901,406,903
407,395,1,876348957,406,391
407,844,2,884196984,406,825
407,476,2,884203501,406,467
407,249,2,884614788,406,246
407,1160,1,890687550,406,1122
408,328,2,889679791,407,324
408,334,2,889679901,407,330
408,539,1,889680018,407,530
409,288,1,881104647,408,285
409,321,2,881104837,408,317
409,327,2,881104837,408,323
409,270,2,881104916,408,267
409,937,2,881104966,408,910
409,289,1,881105077,408,286
409,322,2,881105077,408,318
409,264,1,881105366,408,261
409,877,2,881105366,408,854
409,879,1,881105366,408,856
409,1295,1,881105367,408,1237
409,1392,1,881105367,408,1292
409,266,1,881105677,408,263
409,339,2,881105677,408,335
409,680,1,881105677,408,666
409,876,2,881105677,408,853
409,890,1,881105677,408,867
409,1093,2,881106087,408,1059
409,1242,2,881106087,408,1197
409,1328,2,881106287,408,1260
409,504,2,881106682,408,495
409,485,2,881107155,408,476
409,28,2,881107943,408,27
409,520,2,881107943,408,511
409,22,2,881108077,408,21
409,381,2,881108364,408,377
409,48,2,881108455,408,47
409,156,2,881108715,408,153
409,115,2,881108777,408,112
409,676,2,881108777,408,663
409,965,2,881108777,408,937
409,1097,2,881108829,408,1062
409,201,1,881109019,408,198
409,404,2,881109019,408,400
409,491,2,881109019,408,482
409,1159,2,881109019,408,1121
409,200,2,881109175,408,197
409,705,2,881109175,408,691
409,1065,2,881109264,408,1035
409,518,1,881109347,408,509
410,340,2,888626506,409,336
410,258,2,888626538,409,255
410,347,1,888626538,409,343
410,289,1,888626819,409,286
410,748,2,888626857,409,734
410,312,2,888626881,409,309
410,689,2,888626881,409,675
410,886,2,888627018,409,863
411,117,2,891035761,410,114
411,161,2,891035761,410,158
413,302,2,879968794,412,299
413,307,2,879968794,412,304
413,333,2,879968933,412,329
413,245,2,879969027,412,242
413,260,1,879969148,412,257
413,273,2,879969484,412,270
414,678,1,884999066,413,664
414,294,2,884999128,413,291
414,343,2,884999193,413,339
415,323,2,879439205,414,319
415,243,1,879439386,414,240
416,990,2,876696739,415,960
416,245,2,876696788,415,242
416,678,2,876696788,415,664
416,937,2,876696823,415,910
416,874,1,876696853,415,851
416,875,2,876696938,415,852
416,475,2,876697074,415,466
416,285,2,876697165,415,282
416,717,2,876697283,415,703
416,225,1,876697330,415,222
416,473,2,876697387,415,464
416,118,2,876697479,415,115
416,824,2,876697592,415,806
416,1089,2,876697695,415,1056
416,1132,2,876697913,415,1097
416,934,2,876698178,415,907
416,105,2,876698430,415,102
416,55,2,876699102,415,54
416,179,2,876699578,415,176
416,133,2,876699903,415,130
416,53,2,876699946,415,52
416,254,2,878879391,415,251
416,975,2,878879391,415,947
416,36,2,878879809,415,35
416,432,2,878879861,415,427
416,259,2,885114559,415,256
416,235,2,885115041,415,232
416,353,2,886314834,415,349
416,926,2,886315298,415,899
416,240,1,886315446,415,237
416,86,1,886316439,415,85
416,1077,1,886317030,415,1046
416,159,1,886317412,415,156
416,542,1,886317599,415,533
416,80,2,886317825,415,79
416,17,2,886318084,415,16
416,585,1,886318085,415,575
416,43,1,886318186,415,42
416,29,2,886318228,415,28
416,94,2,886318546,415,93
416,396,2,886318587,415,392
416,401,2,886318651,415,397
416,72,2,886318707,415,71
416,1135,2,886319234,415,1100
416,791,2,886319550,415,774
416,395,2,886319620,415,391
416,78,2,886319785,415,77
416,738,2,886319825,415,724
416,364,2,886319855,415,360
416,1478,2,886319906,415,1352
416,375,1,886319930,415,371
416,1517,2,886320054,415,1380
416,388,2,886320177,415,384
416,544,2,888700566,415,535
416,369,2,888701033,415,365
416,32,2,888702297,415,31
416,307,1,889907392,415,304
416,795,2,892440060,415,778
416,412,2,892440119,415,408
416,1037,2,892440156,415,1007
416,1229,2,893210527,415,1186
417,270,2,879646036,416,267
417,713,2,879646052,416,699
417,109,2,879646369,416,106
417,472,2,879646369,416,463
417,25,2,879646413,416,24
417,235,2,879646413,416,232
417,324,1,879646463,416,320
417,123,2,879646500,416,120
417,742,2,879646531,416,728
417,685,1,879646570,416,671
417,13,2,879646591,416,12
417,1215,2,879646712,416,1172
417,106,2,879646741,416,103
417,1288,1,879646741,416,1232
417,831,2,879646820,416,812
417,122,2,879646838,416,119
417,473,2,879646860,416,464
417,767,1,879646860,416,753
417,823,2,879646860,416,805
417,827,2,879646860,416,809
417,855,2,879647450,416,835
417,91,2,879647800,416,90
417,212,1,879647800,416,209
417,32,2,879647924,416,31
417,658,2,879647947,416,645
417,616,2,879648048,416,603
417,568,2,879648155,416,558
417,715,2,879648656,416,701
417,206,2,879648778,416,203
417,708,2,879648798,416,694
417,367,2,879648898,416,363
417,411,2,879649001,416,407
417,679,2,879649044,416,665
417,1210,2,879649044,416,1168
417,758,2,879649247,416,744
417,1228,2,879649304,416,1185
417,940,2,879649337,416,913
417,1232,2,879649369,416,1188
417,158,2,879649389,416,155
417,541,2,879649389,416,532
417,555,1,879649389,416,545
417,574,2,879649428,416,564
417,1040,2,879649428,416,1010
417,579,2,879649467,416,569
417,800,2,879649467,416,783
417,391,2,879649519,416,387
417,396,2,879649560,416,392
417,563,2,879649560,416,553
417,674,2,879649560,416,661
417,779,2,879649577,416,764
417,78,2,879649632,416,77
417,849,1,879649632,416,830
417,264,2,879649763,416,261
417,358,2,879649763,416,354
417,325,2,880949231,416,321
417,20,2,880949408,416,19
417,120,2,880949763,416,117
417,1057,2,880949763,416,1027
417,382,2,880949941,416,378
417,44,2,880951252,416,43
417,552,2,880952066,416,542
417,29,2,880952218,416,28
417,665,2,880952400,416,652
418,315,2,891282521,417,311
418,344,1,891282521,417,340
418,302,2,891282551,417,299
418,346,2,891282595,417,342
418,750,2,891282626,417,736
418,301,2,891282738,417,298
418,328,1,891282738,417,324
419,212,1,879435749,418,209
421,331,2,892241236,420,327
421,173,1,892241319,420,170
421,517,2,892241491,420,508
421,509,2,892241532,420,500
421,208,2,892241554,420,205
421,175,2,892241576,420,172
421,11,2,892241624,420,10
421,423,2,892241707,420,419
422,299,1,875129602,421,296
422,358,2,875129640,421,354
422,325,2,875129692,421,321
422,117,2,875129975,421,114
422,926,2,875130100,421,899
422,235,2,875130173,421,232
422,109,2,875130204,421,106
422,742,2,875130204,421,728
422,682,2,879743787,421,668
422,339,2,879743848,421,335
422,590,2,879743948,421,580
422,670,2,879744143,421,657
423,327,2,891394673,422,323
423,339,2,891394788,422,335
423,328,1,891394874,422,324
423,125,2,891395547,422,122
423,546,2,891395684,422,536
424,258,2,880858792,423,255
424,689,1,880858887,423,675
424,288,1,880858924,423,285
424,259,2,880858979,423,256
424,989,2,880859084,423,959
424,300,2,880859199,423,297
424,688,2,880859228,423,674
424,115,1,880859385,423,112
424,969,1,880859385,423,941
424,1,1,880859493,423,0
424,276,2,880859623,423,273
425,258,2,878737511,424,255
425,286,1,878737511,424,283
425,319,1,878737511,424,315
425,294,2,878737512,424,291
425,300,2,878737512,424,297
425,678,1,878737593,424,664
425,879,2,878737593,424,856
425,289,1,878737635,424,286
425,323,2,878737684,424,319
425,318,2,878737841,424,314
425,1,2,878737873,424,0
425,124,2,878737945,424,121
425,157,2,878738149,424,154
425,759,2,878738290,424,745
425,562,1,878738385,424,552
425,684,2,878738385,424,670
425,24,2,878738386,424,23
425,281,2,878738486,424,278
425,540,2,878738486,424,531
425,1110,1,878738486,424,1075
425,241,2,878738548,424,238
425,118,1,878738596,424,115
425,398,1,878738597,424,394
425,841,1,878738597,424,822
425,233,2,878738643,424,230
425,405,2,878738643,424,401
425,825,2,878738643,424,807
425,566,2,878738695,424,556
425,2,2,878738757,424,1
425,1222,2,878738757,424,1179
425,385,2,878738813,424,381
425,185,2,878738853,424,182
425,5,1,878738887,424,4
425,379,2,878738887,424,375
425,448,2,878738887,424,439
425,672,2,878738887,424,659
425,217,1,878738914,424,214
425,219,2,878738956,424,216
425,443,2,878738956,424,434
425,452,2,878738956,424,443
425,455,2,878738992,424,446
425,976,1,878738992,424,948
425,244,1,878739015,424,241
425,252,2,878739054,424,249
425,1013,1,878739054,424,983
425,363,1,878739095,424,359
425,597,1,878739095,424,586
425,827,1,878739095,424,809
425,1089,2,878739095,424,1056
425,751,2,890346264,424,737
425,313,1,890346317,424,310
425,750,2,890346317,424,736
425,689,2,890346517,424,675
425,326,1,890346567,424,322
425,338,1,890346781,424,334
425,259,1,890346825,424,256
425,538,2,890346866,424,529
425,690,1,890346866,424,676
425,1464,2,890346998,424,1341
425,491,2,890347047,424,482
425,209,2,890347085,424,206
426,754,1,879441707,425,740
426,289,2,879441754,425,286
426,182,2,879442702,425,179
426,200,2,879442702,425,197
426,428,2,879444081,425,423
427,292,2,879701127,426,289
428,988,1,885943955,427,958
428,343,2,885944093,427,339
429,457,1,882384438,428,448
429,500,1,882384772,428,491
429,466,2,882384847,428,457
429,806,2,882384950,428,788
429,231,2,882385489,428,228
429,1217,2,882385489,428,1174
429,1545,2,882385518,428,1399
429,686,2,882385519,428,672
429,7,2,882385569,428,6
429,229,2,882385613,428,226
429,581,2,882385684,428,571
429,1438,1,882385705,428,1322
429,1071,2,882385729,428,1041
429,147,2,882385859,428,144
429,227,2,882385934,428,224
429,921,2,882385962,428,894
429,230,2,882385985,428,227
429,365,2,882386237,428,361
429,140,1,882386260,428,137
429,66,2,882386357,428,65
429,250,2,882386357,428,247
429,1109,2,882386448,428,1074
429,228,2,882386485,428,225
429,21,2,882386508,428,20
429,111,2,882386532,428,108
429,1443,2,882386601,428,1326
429,729,2,882386684,428,715
429,756,2,882386711,428,742
429,761,2,882386711,428,747
429,409,2,882386751,428,405
429,726,2,882386751,428,712
429,3,2,882386785,428,2
429,53,1,882386814,428,52
429,1133,2,882386848,428,1098
429,928,2,882386849,428,901
429,535,2,882386941,428,526
429,786,2,882386966,428,770
429,1048,2,882386966,428,1018
429,1089,2,882387053,428,1056
429,627,2,882387114,428,614
429,843,1,882387114,428,824
429,1224,2,882387114,428,1181
429,999,2,882387163,428,969
429,1079,2,882387164,428,1048
429,1110,2,882387234,428,1075
429,1033,1,882387350,428,1003
429,280,2,882387392,428,277
429,1296,2,882387392,428,1238
429,440,1,882387411,428,432
429,1139,2,882387434,428,1104
429,665,2,882387474,428,652
429,816,2,882387474,428,798
429,63,2,882387505,428,62
429,569,2,882387506,428,559
429,72,2,882387551,428,71
429,672,2,882387551,428,659
429,562,2,882387575,428,552
429,225,2,882387599,428,222
429,155,2,882387633,428,152
429,371,2,882387715,428,367
430,294,2,877225239,429,291
430,264,2,877225328,429,261
430,253,1,877225484,429,250
430,235,2,877225727,429,232
430,276,1,877225753,429,273
430,121,2,877225832,429,118
430,123,2,877225965,429,120
430,148,2,877226047,429,145
430,547,2,877226365,429,537
430,101,2,877226501,429,100
431,358,2,877844489,430,354
432,93,2,889415812,431,92
432,250,1,889415895,431,247
432,1,2,889415983,431,0
432,7,2,889415983,431,6
432,1049,2,889415983,431,1019
432,24,1,889416188,431,23
432,109,2,889416188,431,106
432,871,2,889416456,431,848
433,690,2,880585028,432,676
433,333,2,880585133,432,329
433,326,2,880585386,432,322
433,682,2,880585431,432,668
433,322,2,880585466,432,318
433,323,1,880585530,432,319
433,325,2,880585554,432,321
433,358,2,880585554,432,354
433,457,1,880585554,432,448
433,1598,1,880585865,432,1414
434,347,1,886724329,433,343
434,7,1,886724505,433,6
434,9,1,886724563,433,8
434,471,2,886724797,433,462
434,628,1,886724873,433,615
435,300,2,884130647,434,297
435,245,2,884130810,434,242
435,687,2,884130834,434,673
435,890,1,884130883,434,867
435,423,2,884131157,434,419
435,434,2,884131542,434,429
435,215,2,884131576,434,212
435,470,2,884131661,434,461
435,655,2,884131799,434,642
435,568,2,884131868,434,558
435,1128,2,884132027,434,1093
435,946,2,884132072,434,919
435,404,2,884132266,434,400
435,755,2,884132266,434,741
435,820,1,884132367,434,802
435,118,2,884132458,434,115
435,317,2,884132483,434,313
435,164,2,884132515,434,161
435,465,2,884132515,434,456
435,573,1,884132515,434,563
435,17,2,884132540,434,16
435,108,1,884132540,434,105
435,631,2,884132540,434,618
435,625,2,884132588,434,612
435,44,2,884132619,434,43
435,674,2,884132643,434,661
435,162,1,884132755,434,159
435,821,2,884132840,434,803
435,141,2,884132898,434,138
435,284,2,884132898,434,281
435,5,2,884133046,434,4
435,561,2,884133064,434,551
435,1411,1,884133104,434,1308
435,366,2,884133134,434,362
435,1133,2,884133224,434,1098
435,672,1,884133253,434,659
435,616,2,884133284,434,603
435,780,2,884133284,434,765
435,1028,2,884133284,434,998
435,760,1,884133330,434,746
435,1185,1,884133371,434,1143
435,1074,2,884133415,434,1044
435,472,2,884133466,434,463
435,38,2,884133509,434,37
435,123,2,884133509,434,120
435,229,2,884133544,434,226
435,80,2,884133610,434,79
435,393,2,884133610,434,389
435,929,2,884133635,434,902
435,961,1,884133635,434,933
435,542,1,884133691,434,533
435,63,2,884133757,434,62
435,84,2,884133757,434,83
435,729,2,884133757,434,715
435,1419,2,884133785,434,1312
435,720,2,884133818,434,706
435,27,1,884133911,434,26
435,944,2,884133911,434,917
435,572,2,884133938,434,562
435,818,2,884133938,434,800
435,862,1,884133972,434,839
435,1228,2,884133972,434,1185
435,376,2,884134019,434,372
435,1231,2,884134019,434,1187
435,571,2,884134047,434,561
435,413,2,884134104,434,409
435,139,2,884134134,434,136
435,685,2,884134345,434,671
436,264,2,887768669,435,261
436,447,1,887769444,435,438
436,132,1,887769824,435,129
436,143,2,887770092,435,140
436,43,2,887770300,435,42
436,1048,2,887770379,435,1018
436,785,2,887770731,435,769
436,278,2,887771924,435,275
437,286,2,880139482,436,283
437,288,2,880139533,436,285
437,11,1,880139951,436,10
437,89,2,880140101,436,88
437,1039,2,880140101,436,1009
437,161,2,880140288,436,158
437,182,2,880140432,436,179
437,129,1,880140433,436,126
437,69,2,880140501,436,68
437,156,2,880140627,436,153
437,387,2,880140726,436,383
437,203,1,880140978,436,200
437,144,2,880141196,436,141
437,195,2,880141286,436,192
437,702,1,880141335,436,688
437,721,2,880141335,436,707
437,642,1,880141441,436,629
437,248,2,880141716,436,245
437,283,1,880141716,436,280
437,253,1,880141796,436,250
437,26,2,880142399,436,25
437,698,2,880142426,436,684
437,737,1,880142614,436,723
437,218,2,880142830,436,215
437,226,1,880142942,436,223
437,118,2,880142991,436,115
437,581,1,880143010,436,571
437,583,1,880143040,436,573
437,1090,1,880143092,436,1057
437,402,2,880143263,436,398
437,5,2,880143663,436,4
437,145,1,880143663,436,142
437,665,2,880143695,436,652
437,176,2,880143809,436,173
437,518,2,880143809,436,509
437,51,1,880382644,436,50
437,287,2,881000931,436,284
437,117,1,881001121,436,114
437,466,2,881001121,436,457
437,683,2,881001121,436,669
437,281,1,881001148,436,278
437,189,2,881001946,436,186
437,1404,2,881002263,436,1303
437,640,1,881002300,436,627
437,672,1,881002300,436,659
438,286,2,879867960,437,283
438,284,2,879868308,437,281
438,1028,2,879868529,437,998
439,273,2,882892675,438,270
440,319,2,891549397,439,315
440,340,2,891549397,439,336
440,243,1,891577504,439,240
440,323,1,891577504,439,319
440,988,1,891577504,439,958
441,288,2,891035056,440,285
441,683,2,891035350,440,669
442,350,2,883387916,441,346
442,286,2,883388031,441,283
442,988,1,883388064,441,958
442,294,2,883388120,441,291
442,873,2,883388120,441,850
442,342,2,883388147,441,338
442,100,2,883388325,441,99
442,240,2,883388833,441,237
442,367,2,883388887,441,363
442,401,2,883388960,441,397
442,1218,2,883388960,441,1175
442,834,2,883389337,441,815
442,871,1,883389455,441,848
442,14,1,883389776,441,13
442,559,2,883390048,441,549
442,164,2,883390083,441,161
442,184,2,883390083,441,181
442,665,2,883390139,441,652
442,569,2,883390140,441,559
442,27,2,883390416,441,26
442,550,2,883390466,441,540
442,578,2,883390466,441,568
442,121,2,883390544,441,118
442,62,2,883390641,441,61
442,554,2,883390641,441,544
442,810,2,883390674,441,792
442,576,2,883390703,441,566
442,685,2,883390703,441,671
442,449,2,883390739,441,440
442,22,2,883390813,441,21
442,44,2,883391146,441,43
443,358,1,883504748,442,354
443,260,1,883504818,442,257
443,678,2,883504818,442,664
443,948,1,883504844,442,921
443,323,2,883504866,442,319
444,286,2,890246847,443,283
444,748,1,890247172,443,734
444,1483,2,891978807,443,1357
445,268,1,890987410,444,265
445,300,1,890987410,444,297
445,333,2,890987410,444,329
445,100,2,890987569,444,99
445,12,2,890987617,444,11
445,150,2,890987617,444,147
445,433,2,890987617,444,428
445,195,2,890987655,444,192
445,127,2,890987687,444,124
445,183,2,890987687,444,180
445,55,1,890987712,444,54
445,208,2,890987712,444,205
445,64,2,890987771,444,63
445,313,2,890988206,444,310
445,245,2,891035830,444,242
445,288,2,891035830,444,285
445,327,2,891035830,444,323
445,895,2,891035897,444,872
445,752,1,891199167,444,738
445,302,1,891199195,444,299
445,330,2,891199274,444,326
445,324,1,891199297,444,320
445,310,1,891199331,444,307
445,879,2,891199331,444,856
445,908,1,891199331,444,883
445,343,1,891199385,444,339
445,271,1,891199458,444,268
445,689,1,891199458,444,675
445,748,1,891199458,444,734
445,289,1,891199510,444,286
445,881,1,891199510,444,858
445,325,1,891199533,444,321
445,9,2,891199655,444,8
445,246,1,891199682,444,243
445,994,1,891199682,444,964
445,1097,1,891199682,444,1062
445,50,2,891199715,444,49
445,1252,1,891199749,444,1204
445,1534,1,891199749,444,1391
445,248,1,891199774,444,245
445,117,1,891199821,444,114
445,295,1,891199843,444,292
445,1012,1,891199843,444,982
445,273,2,891199869,444,270
445,237,2,891199906,444,234
445,298,2,891199906,444,295
445,93,1,891199945,444,92
445,181,2,891199945,444,178
445,257,2,891199945,444,254
445,147,2,891199974,444,144
445,591,2,891200020,444,581
445,7,1,891200078,444,6
445,508,2,891200078,444,499
445,742,1,891200078,444,728
445,123,1,891200137,444,120
445,628,1,891200137,444,615
445,844,2,891200138,444,825
445,274,2,891200164,444,271
445,410,1,891200164,444,406
445,1016,1,891200164,444,986
445,221,1,891200203,444,218
445,121,1,891200233,444,118
445,291,2,891200233,444,288
445,763,2,891200233,444,749
445,919,1,891200233,444,892
445,235,1,891200272,444,232
445,458,2,891200272,444,449
445,744,2,891200272,444,730
445,979,2,891200272,444,951
445,597,1,891200320,444,586
445,840,1,891200320,444,821
445,845,2,891200320,444,826
445,1008,1,891200320,444,978
445,1011,1,891200320,444,981
445,1009,2,891200321,444,979
445,762,1,891200355,444,748
445,933,1,891200390,444,906
445,1051,1,891200390,444,1021
445,1067,1,891200390,444,1037
445,1245,1,891200390,444,1200
445,281,1,891200417,444,278
445,544,2,891200417,444,535
445,546,2,891200417,444,536
445,249,2,891200447,444,246
445,831,1,891200447,444,812
445,1081,1,891200447,444,1050
445,1199,1,891200447,444,1157
445,118,2,891200506,444,115
445,1010,1,891200506,444,980
445,1014,1,891200506,444,984
445,871,2,891200592,444,848
445,1598,1,891200592,444,1414
445,460,2,891200624,444,451
445,595,2,891200624,444,584
445,823,1,891200624,444,805
445,829,1,891200624,444,811
445,818,1,891200656,444,800
445,1047,1,891200656,444,1017
445,1277,2,891200736,444,1222
446,340,2,879786691,445,336
446,288,2,879786838,445,285
446,268,2,879786892,445,265
446,690,2,879786892,445,676
446,326,2,879786943,445,322
446,338,2,879786943,445,334
446,880,2,879786943,445,857
446,294,1,879786984,445,291
446,688,2,879786985,445,674
446,299,2,879787149,445,296
446,748,2,879787149,445,734
447,748,1,878854056,446,734
447,260,2,878854120,446,257
447,9,2,878854195,446,8
447,15,1,878854481,446,14
447,274,1,878854552,446,271
447,1048,2,878854579,446,1018
447,235,2,878854605,446,232
447,410,2,878854630,446,406
447,405,2,878854704,446,401
447,546,2,878854704,446,536
447,1034,2,878854918,446,1004
447,286,2,878855082,446,283
447,866,2,878855082,446,843
447,411,2,878855107,446,407
447,201,2,878855723,446,198
447,227,2,878856233,446,224
447,231,2,878856394,446,228
448,288,1,891887161,447,285
448,333,2,891887161,447,329
448,1294,1,891887161,447,1236
448,316,1,891887337,447,312
448,286,2,891887393,447,283
448,1176,2,891887393,447,1135
448,307,2,891888042,447,304
448,887,2,891888042,447,864
448,301,1,891888099,447,298
448,327,2,891888367,447,323
449,274,2,879959003,448,271
449,763,2,879959190,448,749
449,291,2,879959246,448,288
449,748,2,879959273,448,734
449,983,2,879959331,448,954
449,105,1,879959573,448,102
449,118,1,879959573,448,115
449,120,1,879959573,448,117
449,122,1,879959573,448,119
449,546,2,879959573,448,536
450,214,1,882371416,449,211
450,123,2,882373464,449,120
450,553,2,882373928,449,543
450,790,2,882374332,449,773
450,679,1,882374422,449,665
450,381,2,882374497,449,377
450,78,2,882396245,449,77
450,1184,1,882397049,449,1142
450,457,2,882466909,449,448
450,112,2,882468307,449,109
450,832,2,882468307,449,813
450,1036,2,882468686,449,1006
450,1271,2,882468686,449,1218
450,1030,1,882468789,449,1000
450,35,2,882468790,449,34
450,383,2,882468790,449,379
450,700,1,882469863,449,686
450,396,2,882469941,449,392
450,1140,2,882471362,449,1105
450,571,2,882471604,449,561
450,734,2,882471737,449,720
450,940,2,882471737,449,913
450,1402,2,882473230,449,1301
450,1037,2,882473760,449,1007
450,821,2,882812495,449,803
450,1054,2,882812495,449,1024
450,878,2,884098534,449,855
450,345,2,884906309,449,341
450,908,1,885945114,449,883
450,260,2,889568753,449,257
450,299,2,889568793,449,296
451,286,1,879012343,450,283
451,683,1,879012470,450,669
451,289,1,879012510,450,286
451,319,2,879012510,450,315
451,687,2,879012510,450,673
451,245,2,879012550,450,242
451,358,1,879012550,450,354
451,261,2,879012647,450,258
451,262,1,879012647,450,259
451,269,2,879012647,450,266
451,991,2,879012647,450,961
451,303,2,879012648,450,300
451,268,2,879012684,450,265
451,306,2,879012684,450,303
451,299,1,879012721,450,296
451,359,2,879012721,450,355
451,875,2,879012721,450,852
451,995,1,879012721,450,965
451,681,1,879012773,450,667
451,880,1,879012773,450,857
451,988,1,879012773,450,958
451,1026,1,879012773,450,996
451,1280,1,879012773,450,1225
452,237,2,875263068,451,234
452,432,2,875264432,451,427
452,152,2,875264826,451,149
452,842,2,875265368,451,823
452,211,2,875266197,451,208
452,458,1,875266197,451,449
452,654,2,875273543,451,641
452,504,2,875273544,451,495
452,1109,2,875273609,451,1074
452,96,2,875275699,451,95
452,969,2,875276006,451,941
452,485,2,875276589,451,476
452,815,2,875277472,451,797
452,384,2,875559398,451,380
452,88,2,875559842,451,87
452,25,2,875559910,451,24
452,624,2,875560067,451,611
452,102,2,875560150,451,101
452,132,2,875560255,451,129
452,517,2,875562846,451,508
452,290,2,875562903,451,287
452,576,2,875563050,451,566
452,62,2,875563098,451,61
452,1403,1,875875272,451,1302
452,186,1,875875499,451,183
452,201,1,875875685,451,198
452,456,1,876209837,451,447
452,1057,1,876215627,451,1027
452,1013,1,876215773,451,983
452,1089,1,876215899,451,1056
452,245,2,876216206,451,242
452,455,1,876297413,451,446
452,1410,1,876297577,451,1307
452,1534,1,876298233,451,1391
452,288,2,876298593,451,285
452,1255,2,876298932,451,1206
452,475,2,876299004,451,466
452,23,2,876825745,451,22
452,780,1,885476356,451,765
452,212,2,885490812,451,209
452,276,1,885490917,451,273
452,663,2,885817516,451,650
452,502,2,885817844,451,493
452,729,1,885981574,451,715
452,294,2,886148704,451,291
452,1383,1,886149828,451,1286
452,60,1,887718917,451,59
452,61,1,887718917,451,60
452,874,2,887718965,451,851
452,523,2,887889774,451,514
452,259,2,888494119,451,256
453,369,2,877553051,452,365
453,412,2,877553302,452,408
453,826,1,877553430,452,808
453,120,1,877553678,452,117
453,1273,2,877561258,452,1219
453,941,2,877561613,452,914
453,552,2,877561713,452,542
453,451,2,877561836,452,442
453,1032,1,877561911,452,1002
453,231,2,877562293,452,228
453,254,2,877562293,452,251
453,93,2,887941962,452,92
453,975,2,887942451,452,947
453,1079,1,887942484,452,1048
453,59,2,888202258,452,58
453,367,2,888202813,452,363
454,322,2,881958782,453,318
454,678,2,881958782,453,664
454,873,2,881958782,453,850
454,323,2,881958783,453,319
454,252,2,881959336,453,249
454,1089,2,881959437,453,1056
454,633,2,881959745,453,620
454,196,2,881959778,453,193
454,746,2,881959778,453,732
454,193,2,881959818,453,190
454,285,2,881959917,453,282
454,277,2,881959960,453,274
454,15,2,881960029,453,14
454,435,2,881960145,453,430
454,530,2,881960174,453,521
454,509,2,881960230,453,500
454,185,2,881960265,453,182
454,842,2,881960266,453,823
454,606,2,881960330,453,593
454,1003,2,881960446,453,973
454,260,1,888000454,453,257
454,988,2,888015879,453,958
454,11,1,888266433,453,10
454,76,1,888266433,453,75
454,81,1,888266433,453,80
454,89,1,888266433,453,88
454,95,2,888266433,453,94
454,98,1,888266433,453,97
454,135,2,888266433,453,132
454,740,2,888266433,453,726
454,875,1,888266433,453,852
454,611,2,888266685,453,598
454,490,2,888266754,453,481
454,531,2,888266785,453,522
454,836,2,888266785,453,817
454,132,2,888266874,453,129
454,694,2,888266874,453,680
454,172,2,888266906,453,169
454,1454,2,888266907,453,1335
454,504,2,888266955,453,495
454,956,2,888266955,453,929
454,1126,2,888266955,453,1091
454,392,2,888266991,453,388
454,1299,2,888266991,453,1241
454,173,2,888267028,453,170
454,659,2,888267028,453,646
454,111,1,888267086,453,108
454,972,2,888267128,453,944
454,51,2,888267158,453,50
454,211,2,888267158,453,208
454,942,2,888267198,453,915
454,968,2,888267198,453,940
454,414,2,888267226,453,410
454,356,1,888267279,453,352
454,387,2,888267279,453,383
454,649,2,888267279,453,636
454,961,1,888267279,453,933
454,86,2,888267280,453,85
454,686,2,888267280,453,672
454,607,2,888267315,453,594
454,693,2,888267315,453,679
454,837,2,888267315,453,818
454,939,2,888267386,453,912
454,735,2,888267387,453,721
454,275,2,888267419,453,272
454,642,2,888267419,453,629
454,654,2,888267419,453,641
454,519,2,888267455,453,510
454,203,2,888267487,453,200
454,478,2,888267487,453,469
454,589,2,888267487,453,579
454,605,2,888267487,453,592
454,602,2,888267521,453,589
454,1203,2,888267521,453,1161
454,463,2,888267560,453,454
455,15,2,879110767,454,14
455,42,2,879110767,454,41
455,288,2,879110767,454,285
455,301,2,879110767,454,298
455,1028,2,879110767,454,998
455,1034,2,879110767,454,1004
455,39,2,879111345,454,38
455,582,2,879111982,454,572
455,47,2,879112172,454,46
455,53,1,879112415,454,52
456,1,2,881371548,455,0
456,222,2,881371766,455,219
456,405,1,881371942,455,401
456,121,2,881372052,455,118
456,743,2,881372256,455,729
456,403,2,881373900,455,399
456,91,2,881373948,455,90
456,568,2,881374246,455,558
456,86,2,881374332,455,85
456,232,2,881374389,455,229
456,382,1,881374710,455,378
456,72,1,881374801,455,71
456,672,1,881374849,455,659
456,80,2,881374967,455,79
456,366,2,881374967,455,362
456,1222,2,881375019,455,1179
456,578,2,881375127,455,568
456,231,2,881375226,455,228
456,550,2,881375381,455,540
456,402,2,881375416,455,398
456,226,2,881375482,455,223
456,452,2,881375515,455,443
456,395,2,881375542,455,391
456,294,1,881375667,455,291
457,476,2,882392810,456,467
457,243,2,882393104,456,240
457,948,1,882393156,456,921
457,294,2,882393514,456,291
457,871,1,882393765,456,848
457,546,2,882393860,456,536
457,756,2,882395742,456,742
457,456,2,882395851,456,447
457,931,2,882395916,456,904
457,1047,2,882395964,456,1017
457,819,2,882396001,456,801
457,831,2,882396001,456,812
457,368,1,882396133,456,364
457,122,2,882396158,456,119
457,412,2,882396217,456,408
457,1030,2,882551134,456,1000
457,758,2,882551135,456,744
457,373,2,882551189,456,369
457,388,2,882551343,456,384
457,120,2,882551344,456,117
457,1140,2,882551344,456,1105
457,395,2,882551605,456,391
457,769,2,882551740,456,755
457,1037,2,882551818,456,1007
457,453,2,882551854,456,444
458,25,1,886394576,457,24
458,410,1,886394778,457,406
458,619,2,886394778,457,606
458,121,1,886395022,457,118
458,147,2,886395065,457,144
458,952,2,886395119,457,925
458,717,1,886395230,457,703
458,21,2,886395393,457,20
458,278,2,886395469,457,275
458,1335,1,886395565,457,1263
458,57,1,886395758,457,56
458,423,2,886396314,457,419
458,50,2,886396521,457,49
458,255,2,886396521,457,252
458,250,1,886396637,457,247
458,181,2,886396824,457,178
458,1226,2,886396910,457,1183
458,282,2,886396958,457,279
458,194,2,886397504,457,191
458,735,2,886397679,457,721
458,960,1,886397726,457,932
458,527,2,886397857,457,518
458,704,2,886397857,457,690
458,97,1,886397931,457,96
458,69,2,886397988,457,68
458,582,1,886398488,457,572
458,301,1,889323539,457,298
458,289,2,889323582,457,286
458,333,1,889323582,457,329
459,301,2,879561574,458,298
459,336,2,879561708,458,332
459,260,2,879561782,458,257
459,358,2,879561783,458,354
459,100,1,879562859,458,99
459,249,2,879562860,458,246
459,16,2,879562939,458,15
459,477,1,879562995,458,468
459,25,2,879563201,458,24
459,3,2,879563288,458,2
459,235,1,879563367,458,232
459,546,1,879563367,458,536
459,120,2,879563392,458,117
459,455,2,879563392,458,446
459,978,2,879563435,458,950
459,1014,1,879563506,458,984
459,1060,1,879563668,458,1030
459,1040,2,879563701,458,1010
459,108,1,879563796,458,105
459,409,2,879563796,458,405
459,411,2,879563796,458,407
460,294,2,882910637,459,291
460,288,2,882910678,459,285
460,304,2,882911101,459,301
460,1,2,882911203,459,0
460,458,2,882911603,459,449
460,591,2,882911603,459,581
460,250,2,882912261,459,247
460,279,2,882912316,459,276
460,257,2,882912342,459,254
461,259,2,885355679,460,256
461,682,1,885355705,460,668
461,305,2,885355757,460,302
461,748,1,885355839,460,734
461,121,2,885355890,460,118
461,255,2,885355890,460,252
462,358,1,886365638,461,354
462,261,2,886365773,461,258
463,988,2,877384836,462,958
463,243,1,877384970,462,240
463,137,2,877385237,462,134
463,129,2,877385287,462,126
463,149,2,877385341,462,146
463,111,2,877385414,462,108
463,235,2,877385457,462,232
463,764,2,877385457,462,750
463,477,2,877385489,462,468
463,1067,2,877385531,462,1037
463,870,2,877385615,462,847
463,1017,2,877385731,462,987
463,1117,1,877385954,462,1082
463,1028,2,877386082,462,998
463,3,2,877386083,462,2
463,593,1,877386923,462,583
463,985,1,877386923,462,956
463,993,2,877387935,462,963
463,1605,2,877387935,462,1419
463,242,2,889935629,462,239
463,1012,2,889935860,462,982
463,249,2,889936035,462,246
463,930,1,889936180,462,903
463,1060,2,889936244,462,1030
463,1014,2,889936324,462,984
463,319,1,889936589,462,315
463,347,1,889936589,462,343
463,689,2,889936731,462,675
463,539,1,889936753,462,530
463,892,2,889936774,462,869
463,741,1,889937778,462,727
463,819,1,889937778,462,801
463,1132,1,889937778,462,1097
463,1199,1,889937778,462,1157
463,150,2,889943683,462,147
463,362,1,889943741,462,358
463,271,1,889943811,462,268
463,288,1,889943851,462,285
464,984,2,878354681,463,955
464,1025,2,878354829,463,995
464,260,2,878354859,463,257
464,249,2,878355119,463,246
466,268,2,890282759,465,265
466,269,2,890282759,465,266
466,354,2,890282795,465,350
466,308,1,890282957,465,305
466,682,1,890282957,465,668
466,321,2,890282986,465,317
466,873,2,890283056,465,850
466,748,2,890283592,465,734
466,349,2,890283636,465,345
466,885,2,890283667,465,862
466,898,1,890283667,465,874
466,324,1,890283690,465,320
466,2,1,890284819,465,1
466,128,2,890284819,465,125
466,510,2,890284857,465,501
466,161,2,890285113,465,158
466,231,1,890285159,465,228
467,258,2,879532164,466,255
467,264,2,879532296,466,261
467,1017,2,879532403,466,987
467,117,2,879532437,466,114
467,919,2,879532535,466,892
467,1011,2,879532630,466,981
467,742,2,879532671,466,728
468,926,2,875280331,467,899
468,405,2,875280462,467,401
468,117,2,875280499,467,114
468,273,2,875280499,467,270
468,1051,2,875284635,467,1021
468,377,2,875288503,467,373
468,372,2,875301098,467,368
470,268,2,879178216,469,265
470,291,2,879178777,469,288
471,404,2,889827757,470,400
471,432,1,889827822,470,427
471,588,1,889827881,470,578
471,596,1,889827881,470,585
471,627,1,889827881,470,614
471,99,2,889827918,470,98
471,946,2,889827982,470,919
471,420,1,889828027,470,416
472,924,2,875978994,471,897
472,758,1,875979359,471,744
472,584,1,875980377,471,574
472,946,2,875981122,471,919
472,71,2,875981281,471,70
472,88,2,875982607,471,87
472,548,1,875982867,471,538
472,374,2,875982922,471,370
472,78,1,875982967,471,77
472,391,2,875983129,471,387
472,951,1,875983426,471,924
472,931,2,883904681,471,904
473,321,2,878156950,472,317
473,7,2,878157329,472,6
473,508,2,878157456,472,499
474,259,1,887914878,473,256
474,323,2,887915020,473,319
474,678,2,887915020,473,664
474,410,2,887915645,473,406
474,756,1,887915646,473,742
474,411,2,887915684,473,407
474,1028,1,887916438,473,998
474,553,2,887927339,473,543
474,1286,2,887927670,473,1231
475,313,2,891451083,474,310
475,258,1,891451205,474,255
475,286,2,891451276,474,283
475,303,1,891451341,474,300
475,354,2,891627606,474,350
476,85,2,883364433,475,84
476,1271,2,883364433,475,1218
476,94,2,883364780,475,93
476,1036,2,883364780,475,1006
476,1188,2,883364780,475,1146
476,944,2,883364813,475,917
476,386,2,883365135,475,382
476,585,1,883365336,475,575
476,1037,1,883365384,475,1007
476,579,2,883365385,475,569
476,999,2,883365385,475,969
476,319,1,883365561,475,315
476,748,2,883365634,475,734
476,325,1,883365684,475,321
478,350,1,889387418,477,346
478,7,1,889387871,477,6
478,222,2,889387931,477,219
478,866,1,889388273,477,843
478,235,2,889388357,477,232
478,743,1,889388534,477,729
478,23,2,889388562,477,22
478,77,1,889395879,477,76
478,160,2,889395921,477,157
478,869,2,889396102,477,846
478,17,2,889396180,477,16
478,232,2,889396180,477,229
478,96,2,889396509,477,95
478,68,1,889396582,477,67
478,946,2,889396917,477,919
478,134,2,889397467,477,131
478,122,2,889397778,477,119
478,72,1,889397841,477,71
478,40,1,889398198,477,39
479,324,1,879459611,478,320
479,300,2,879459641,478,297
479,358,1,879459732,478,354
479,325,1,879459791,478,321
479,475,1,879460028,478,466
479,255,2,879460192,478,252
479,1028,1,879460192,478,998
479,249,2,879460236,478,246
479,546,2,879460305,478,536
479,148,2,879460354,478,145
479,472,1,879460354,478,463
479,295,1,879460424,478,292
479,1013,1,879460453,478,983
479,840,1,879460547,478,821
479,831,2,879460562,478,812
479,252,2,879460628,478,249
479,122,1,879460648,478,119
479,986,1,879460648,478,957
479,931,2,879460681,478,904
479,423,2,879461084,478,419
479,179,1,879461142,478,176
479,71,1,879461143,478,70
479,189,2,879461298,478,186
479,588,1,879461378,478,578
479,188,2,879461545,478,185
479,385,2,879461567,478,381
479,143,1,879461669,478,140
479,739,1,879461932,478,725
479,133,2,879461970,478,130
479,1444,1,879462121,478,1327
479,756,1,879462203,478,742
479,286,1,879533972,478,283
479,261,1,879533993,478,258
479,340,1,887064320,478,336
479,338,1,887064372,478,334
479,688,1,887064434,478,674
479,398,1,889125474,478,394
480,298,2,891207665,479,295
480,237,2,891207836,479,234
480,249,1,891207975,479,246
480,294,1,891208058,479,291
480,208,2,891208650,479,205
480,185,2,891208718,479,182
481,318,1,885828807,480,314
482,243,2,887644023,481,240
482,258,2,887644023,481,255
483,9,2,878952471,482,8
483,257,2,878952519,482,254
483,151,2,878952582,482,148
483,121,2,878952692,482,118
483,249,2,878952866,482,246
483,20,2,878952993,482,19
483,365,2,878953277,482,361
483,68,1,878953693,482,67
483,12,2,878953999,482,11
483,180,2,878954086,482,177
483,144,2,878954228,482,141
484,24,1,881449826,483,23
484,9,1,881449910,483,8
484,235,2,881450160,483,232
484,343,2,883402932,483,339
484,122,2,889974407,483,119
484,71,2,891194743,483,70
484,393,1,891195246,483,389
484,231,2,891195476,483,228
484,679,2,891195476,483,665
484,53,1,891195663,483,52
484,829,2,891195663,483,811
484,951,1,891195886,483,924
485,328,2,891040560,484,324
485,345,1,891040560,484,341
485,347,2,891040688,484,343
486,286,2,879873973,485,283
486,328,2,879873973,485,324
486,333,2,879873973,485,329
486,690,2,879873973,485,676
486,262,1,879874017,485,259
486,882,2,879874018,485,859
486,306,1,879874063,485,303
486,270,2,879874064,485,267
486,689,2,879874064,485,675
486,331,2,879874112,485,327
486,299,1,879874113,485,296
486,294,2,879874187,485,291
486,336,2,879874218,485,332
486,748,2,879874218,485,734
486,322,2,879874262,485,318
486,325,2,879874296,485,321
486,678,1,879874297,485,664
486,742,2,879874693,485,728
486,250,1,879874753,485,247
486,284,2,879874784,485,281
486,1094,2,879874838,485,1060
486,148,2,879874903,485,145
486,1016,2,879874970,485,986
486,459,2,879875040,485,450
486,151,2,879875041,485,148
486,846,2,879875154,485,827
486,146,2,879875188,485,143
486,825,2,879875188,485,807
486,147,2,879875249,485,144
486,280,2,879875249,485,277
486,282,2,879875278,485,279
486,1047,2,879875316,485,1017
487,286,2,883439831,486,283
487,340,1,883440613,486,336
487,260,2,883441026,486,257
487,259,2,883441083,486,256
487,289,2,883441083,486,286
487,689,1,883441407,486,675
487,255,2,883441890,486,252
487,248,1,883443504,486,245
487,455,2,883444252,486,446
487,591,2,883444462,486,581
487,1244,2,883444859,486,1199
487,252,1,883445079,486,249
487,25,1,883445130,486,24
487,841,2,883445168,486,822
487,412,1,883445220,486,408
487,978,1,883445251,486,950
487,823,1,883445302,486,805
487,48,2,883445540,486,47
487,462,2,883445859,486,453
487,53,2,883447118,486,52
487,679,2,883530724,486,665
487,380,2,883531466,486,376
487,218,2,883531507,486,215
487,85,2,884044654,486,84
487,739,2,884046879,486,725
487,540,2,884050192,486,531
487,809,2,884050192,486,791
487,779,2,884050879,486,764
487,231,1,884050940,486,228
487,572,1,884050940,486,562
488,288,2,891292682,487,285
488,286,1,891292852,487,283
488,259,1,891293051,487,256
488,289,1,891293263,487,286
488,323,1,891293263,487,319
488,1025,2,891293263,487,995
488,260,2,891293304,487,257
488,678,2,891293400,487,664
488,890,1,891293478,487,867
488,414,2,891293863,487,410
488,100,2,891293910,487,99
488,153,2,891293974,487,150
488,514,2,891294063,487,505
488,11,1,891294158,487,10
488,509,2,891294365,487,500
488,180,2,891294439,487,177
488,474,2,891294439,487,465
488,197,2,891294473,487,194
488,200,2,891294606,487,197
488,134,2,891294707,487,131
488,707,2,891294707,487,693
488,216,2,891294785,487,213
488,33,2,891294976,487,32
488,492,2,891375784,487,483
488,238,1,891375965,487,235
489,289,2,891366748,488,286
489,312,2,891366748,488,309
489,259,2,891445743,488,256
489,876,2,891447218,488,853
489,880,2,891447302,488,857
489,299,2,891447522,488,296
489,881,2,891447586,488,858
489,887,2,891447845,488,864
489,948,2,891447960,488,921
489,263,2,891448268,488,260
489,268,2,891448453,488,265
489,872,2,891448530,488,849
489,878,2,891448565,488,855
489,874,2,891448774,488,851
489,883,2,891448811,488,860
489,688,2,891448861,488,674
489,683,2,891449099,488,669
489,261,2,891449155,488,258
490,258,2,875427021,489,255
490,286,2,875427021,489,283
490,289,1,875427021,489,286
490,596,1,875427225,489,585
490,952,2,875427532,489,925
490,273,1,875427629,489,270
490,15,1,875427739,489,14
490,993,1,875427739,489,963
490,126,2,875427812,489,123
490,246,2,875427812,489,243
490,117,1,875427948,489,114
490,237,1,875427993,489,234
490,293,2,875427993,489,290
490,764,1,875427993,489,750
490,151,1,875428185,489,148
490,926,2,875428185,489,899
490,255,1,875428309,489,252
490,1067,2,875428309,489,1037
490,473,2,875428417,489,464
490,1383,1,875428417,489,1286
490,123,2,875428570,489,120
490,224,2,875428702,489,221
490,118,2,875428703,489,115
491,319,1,891184567,490,315
491,14,2,891185298,490,13
491,23,2,891189306,490,22
492,275,2,879969210,491,272
492,483,2,879969210,491,474
492,772,1,879969512,491,758
492,478,2,879969583,491,469
492,650,2,879969644,491,637
492,1147,1,879969670,491,1111
492,1121,2,879969720,491,1086
493,271,1,884129823,492,268
493,886,2,884129868,492,863
493,876,1,884129923,492,853
493,260,1,884129979,492,257
493,881,1,884130009,492,858
493,687,1,884130055,492,673
493,369,2,884130271,492,365
493,235,2,884130593,492,232
493,405,2,884130619,492,401
493,156,1,884130995,492,153
493,423,2,884131020,492,419
493,60,2,884131263,492,59
493,959,2,884131263,492,931
493,275,1,884131357,492,272
493,1126,2,884131517,492,1091
493,833,2,884131738,492,814
493,1013,1,884131777,492,983
493,1088,2,884131777,492,1055
493,462,2,884132015,492,453
494,289,1,879540630,493,286
494,748,1,879540720,493,734
494,322,2,879540819,493,318
494,514,2,879541246,493,505
494,9,2,879541404,493,8
495,419,1,888632070,494,415
495,631,2,888632677,494,618
495,201,2,888633594,494,198
495,143,1,888634315,494,140
495,55,2,888634389,494,54
495,421,1,888634389,494,417
495,91,2,888634859,494,90
495,671,2,888634956,494,658
495,568,1,888635294,494,558
495,2,2,888635595,494,1
495,622,2,888635886,494,609
495,1419,1,888635995,494,1312
495,29,2,888636573,494,28
495,139,2,888636810,494,136
495,1444,2,888637018,494,1327
495,452,2,888637070,494,443
495,395,1,888637147,494,391
495,665,1,888637169,494,652
495,831,1,888637325,494,812
495,53,1,888637440,494,52
495,577,1,888637477,494,567
496,288,2,876063810,495,285
496,150,2,876064230,495,147
496,252,2,876065105,495,249
496,743,2,876065190,495,729
496,183,2,876065259,495,180
496,705,2,876065382,495,691
496,1286,2,876065382,495,1231
496,228,1,876065588,495,225
496,651,2,876065610,495,638
496,135,2,876066038,495,132
496,28,2,876066153,495,27
496,443,2,876066353,495,434
496,136,1,876066424,495,133
496,154,2,876066424,495,151
496,496,1,876066424,495,487
496,417,1,876066465,495,413
496,1444,1,876066465,495,1327
496,77,2,876066531,495,76
496,227,1,876066794,495,224
496,378,1,876066794,495,374
496,97,1,876066848,495,96
496,419,2,876066874,495,415
496,88,1,876067346,495,87
496,142,2,876067686,495,139
496,416,1,876067754,495,412
496,1074,2,876068100,495,1044
496,842,2,876068249,495,823
496,380,2,876068433,495,376
496,1091,1,876068433,495,1058
496,38,2,876068615,495,37
496,1041,1,876068615,495,1011
496,158,2,876069951,495,155
496,393,1,876069951,495,389
496,229,2,876070655,495,226
496,961,2,876070655,495,933
496,356,2,876070764,495,352
496,155,1,876070859,495,152
496,1157,1,876070937,495,1119
496,94,1,876070975,495,93
496,554,2,876070997,495,544
496,1229,1,876071097,495,1186
496,1060,1,876071243,495,1030
497,242,1,878759351,496,239
497,288,2,878759351,496,285
497,325,2,878759505,496,321
497,1000,2,878759777,496,970
497,629,2,878759862,496,616
497,83,2,878759898,496,82
497,152,2,878759898,496,149
497,412,1,878759926,496,408
497,13,2,878759927,496,12
497,926,2,879309759,496,899
497,122,1,879309802,496,119
497,105,2,879309836,496,102
497,407,2,879309852,496,403
497,1052,2,879309869,496,1022
497,91,2,879309993,496,90
497,501,2,879309993,496,492
497,553,2,879310379,496,543
497,451,2,879310419,496,442
497,363,2,879310649,496,359
497,230,2,879310762,496,227
497,229,2,879310850,496,226
497,2,1,879310883,496,1
497,227,2,879310883,496,224
497,233,2,879310883,496,230
497,849,2,879310913,496,830
497,562,2,879310941,496,552
497,720,2,879310941,496,706
497,808,2,879310941,496,790
497,449,2,879310966,496,440
497,665,2,879310966,496,652
497,540,2,879311007,496,531
497,1303,2,879311007,496,1245
497,234,2,879361847,496,231
497,802,2,879362118,496,785
497,1157,2,879362178,496,1119
497,450,2,879362202,496,441
497,452,2,879362202,496,443
497,758,2,879362292,496,744
497,569,2,879362359,496,559
497,441,2,879362407,496,433
497,440,1,879362430,496,432
497,590,2,879362461,496,580
497,1228,2,879362569,496,1185
497,1419,2,879362638,496,1312
497,790,2,879362720,496,773
497,940,2,879362954,496,913
497,384,2,879362985,496,380
497,167,2,879363111,496,164
497,386,2,879363111,496,382
497,1177,1,879363111,496,1136
497,163,2,879363181,496,160
497,780,2,879363181,496,765
497,1185,1,879363205,496,1143
498,262,2,881954618,497,259
498,268,2,881954618,497,265
498,340,2,881954618,497,336
498,9,2,881954931,497,8
498,181,2,881955014,497,178
498,258,2,881955080,497,255
498,176,2,881956498,497,173
498,210,2,881957054,497,207
498,204,2,881957267,497,201
498,548,2,881957267,497,538
498,425,2,881957431,497,420
498,486,2,881957431,497,477
498,265,2,881957489,497,262
498,237,2,881957625,497,234
498,772,1,881957999,497,758
498,144,1,881958471,497,141
498,77,2,881961627,497,76
498,228,2,881961627,497,225
498,54,2,881961745,497,53
498,229,2,881961877,497,226
498,985,1,881961877,497,956
499,295,2,885598827,498,292
499,539,1,885598827,498,530
499,258,2,885598932,498,255
499,482,2,885599182,498,473
499,624,2,885599372,498,611
499,238,2,885599498,498,235
499,497,2,885599498,498,488
499,605,1,885599533,498,592
499,182,2,885599551,498,179
500,286,1,883864527,499,283
500,304,2,883864749,499,301
500,245,2,883864862,499,242
500,15,2,883865129,499,14
500,1163,1,883865290,499,1124
500,283,2,883865341,499,280
500,411,2,883865826,499,407
500,476,2,883865851,499,467
500,252,2,883865889,499,249
500,1324,2,883865985,499,1257
500,275,1,883873439,499,272
500,174,2,883873505,499,171
500,182,2,883873556,499,179
500,172,2,883873640,499,169
500,714,2,883874469,499,700
500,215,1,883874528,499,212
500,584,1,883874528,499,574
500,568,1,883874715,499,558
500,660,2,883874835,499,647
500,727,2,883875041,499,713
500,996,1,883875241,499,966
500,387,2,883875388,499,383
500,721,1,883875561,499,707
500,44,1,883875862,499,43
500,662,2,883876005,499,649
500,1469,1,883876224,499,1345
500,159,2,883876251,499,156
500,412,1,883876370,499,408
500,553,2,883876370,499,543
500,739,2,883876573,499,725
500,768,2,883876596,499,754
500,552,1,883876738,499,542
500,821,2,883876837,499,803
500,827,2,883876904,499,809
500,161,2,883877001,499,158
500,775,1,883877001,499,761
500,94,2,883877023,499,93
500,1311,1,883877467,499,1249
500,1014,2,884527433,499,984
500,301,2,888538350,499,298
502,258,2,883701927,501,255
502,754,2,883701927,501,740
502,300,2,883701980,501,297
502,270,2,883702043,501,267
502,301,1,883702370,501,298
503,321,2,879438024,502,317
503,475,2,879438319,502,466
503,823,2,879438817,502,805
503,840,1,879454292,502,821
503,744,2,879454442,502,730
503,54,2,879454950,502,53
503,452,1,879454950,502,443
503,529,2,880383030,502,520
503,753,1,880383064,502,739
503,463,1,880383126,502,454
503,26,2,880383200,502,25
503,640,1,880383201,502,627
503,702,2,880383236,502,688
503,739,1,880383490,502,725
503,153,2,880472250,502,150
503,156,1,880472250,502,153
503,416,2,880472250,502,412
503,385,1,880472298,502,381
504,240,1,887832012,503,237
504,122,1,887832268,503,119
504,179,1,887839165,503,176
504,567,2,887839196,503,557
504,1093,1,887841073,503,1059
504,548,2,887909864,503,538
504,585,2,887909864,503,575
504,834,2,887911059,503,815
504,396,2,887911369,503,392
504,1110,2,887911583,503,1075
504,401,2,887911789,503,397
504,452,2,887911974,503,443
504,67,2,887912382,503,66
504,364,2,887912382,503,360
504,384,2,887912447,503,380
504,451,1,887912584,503,442
504,1037,1,887912584,503,1007
505,258,1,888630999,504,255
505,748,1,888631208,504,734
505,243,2,888631415,504,240
505,989,1,888631438,504,959
505,56,1,889333560,504,55
505,187,1,889333676,504,184
505,127,1,889333711,504,124
505,228,2,889333894,504,225
505,227,2,889334334,504,224
506,475,1,874862229,505,466
506,10,2,874862734,505,9
506,137,2,874872872,505,134
506,48,2,874873158,505,47
506,772,1,874873247,505,758
506,761,2,874873327,505,747
506,198,2,874873703,505,195
506,461,2,874873944,505,452
506,81,1,874874000,505,80
506,517,2,874874585,505,508
506,747,2,874874629,505,733
506,1219,2,874874760,505,1176
506,241,2,874874850,505,238
506,581,2,874874850,505,571
506,29,2,874874894,505,28
506,715,2,874876486,505,701
506,792,2,874876598,505,775
506,90,2,874876599,505,89
506,676,1,874945513,505,663
506,324,1,877984213,505,320
506,930,1,877984514,505,903
506,250,2,880198224,505,247
506,248,2,880198305,505,245
506,410,2,882100955,505,406
506,1244,2,884517295,505,1199
506,880,1,885135560,505,857
506,449,2,885135882,505,440
506,586,2,885135882,505,576
506,665,2,885135882,505,652
506,391,2,885135912,505,387
506,779,2,885135954,505,764
506,1110,1,885135955,505,1075
506,224,1,885136005,505,221
506,892,1,888848224,505,869
507,269,2,889964121,506,266
507,352,1,889964274,506,348
508,121,2,883767047,507,118
508,79,2,883767543,507,78
508,219,1,883767628,507,216
508,230,2,883768706,507,227
508,96,2,883768886,507,95
508,218,2,883777237,507,215
508,239,2,883777257,507,236
508,229,2,883777346,507,226
509,345,1,883590115,508,341
509,268,2,883590443,508,265
509,310,1,883590443,508,307
509,309,2,883590609,508,306
509,754,1,883590676,508,740
509,307,2,883590729,508,304
509,328,1,883590800,508,324
509,332,2,883590800,508,328
509,319,2,883590913,508,315
509,879,1,883590913,508,856
509,289,2,883590972,508,286
509,294,2,883590972,508,291
509,301,2,883591043,508,298
509,245,2,883591109,508,242
509,260,2,883591195,508,257
509,680,1,883591252,508,666
509,266,1,883591489,508,263
509,687,1,883591489,508,673
509,892,1,883591489,508,869
510,876,2,887667574,509,853
510,325,1,887667575,509,321
510,324,1,887667618,509,320
510,259,2,887667708,509,256
510,289,2,887667751,509,286
511,299,2,890004827,510,296
511,355,2,890004827,510,351
511,358,1,890004916,510,354
512,325,2,888579139,511,321
514,200,2,875462867,513,197
514,405,2,875463386,513,401
514,118,2,875463416,513,115
514,748,2,875463906,513,734
514,1014,2,885180645,513,984
514,336,1,885180842,513,332
514,680,1,885180893,513,666
514,898,2,885180893,513,874
514,342,1,885180909,513,338
514,890,1,885180929,513,867
514,988,2,885180989,513,958
514,243,2,885181043,513,240
514,49,2,886189676,513,48
515,750,2,887658782,514,736
515,269,2,887658844,514,266
517,294,1,892607194,516,291
517,1016,1,892607194,516,986
517,105,1,892654653,516,102
517,25,2,892659923,516,24
517,237,1,892659923,516,234
517,284,2,892659923,516,281
517,472,2,892659923,516,463
517,823,2,892659923,516,805
517,1047,2,892659923,516,1017
518,123,2,876823143,517,120
519,324,1,883248191,518,320
519,264,2,883248251,518,261
519,328,2,883248251,518,324
519,259,1,883248278,518,256
519,682,1,883248278,518,668
519,748,2,883248307,518,734
519,325,1,883248535,518,321
519,243,1,883250021,518,240
519,991,2,883250021,518,961
520,678,2,885170330,519,664
520,893,2,885170330,519,870
521,1,2,884475825,520,0
521,121,2,884475889,520,118
521,25,2,884476002,520,24
521,829,2,884476168,520,811
521,13,2,884476240,520,12
521,597,2,884476302,520,586
521,405,2,884476820,520,401
521,1013,1,884476820,520,983
521,1059,1,884476821,520,1029
521,833,2,884476869,520,814
521,827,1,884476904,520,809
521,826,2,884476920,520,808
521,154,2,884478119,520,151
521,229,2,884478314,520,226
521,216,2,885253247,520,213
521,496,2,885253668,520,487
521,81,1,885253861,520,80
521,90,2,885254006,520,89
521,161,2,885254116,520,158
521,291,1,885254166,520,288
522,514,2,876960956,521,505
524,748,2,884321592,523,734
524,281,2,884323464,523,278
524,222,2,884323500,523,219
524,290,2,884323525,523,287
524,866,2,884626810,523,843
524,7,2,884627065,523,6
524,405,2,884627065,523,401
524,151,1,884627327,523,148
524,235,1,884628059,523,232
524,195,2,884634849,523,192
524,64,2,884634877,523,63
524,55,2,884634911,523,54
524,419,1,884635031,523,415
524,485,2,884635085,523,476
524,47,2,884635136,523,46
524,584,1,884635205,523,574
524,1540,2,884635326,523,1395
524,429,2,884635358,523,424
524,663,2,884635358,523,650
524,432,1,884636151,523,427
524,81,1,884636262,523,80
524,501,2,884636262,523,492
524,184,1,884636416,523,181
524,227,2,884636498,523,224
524,239,2,884636498,523,236
524,640,1,884636541,523,627
524,781,1,884636583,523,766
524,402,2,884636617,523,398
524,1065,1,884636646,523,1035
524,215,2,884636735,523,212
524,679,2,884636746,523,665
524,1041,2,884636746,523,1011
524,739,2,884637128,523,725
524,1074,2,884637128,523,1044
524,380,2,884637202,523,376
524,94,2,884637245,523,93
524,496,2,884637314,523,487
524,615,2,884637409,523,602
524,836,2,884637409,523,817
524,1126,1,884637409,523,1091
524,497,2,884637467,523,488
524,837,2,884637467,523,818
524,1050,2,884637501,523,1020
524,650,2,884637528,523,637
524,605,1,884637566,523,592
524,418,1,884637598,523,414
524,638,2,884637914,523,625
524,955,1,884637914,523,928
524,1154,1,884637914,523,1117
525,322,2,881085256,524,318
525,472,2,881086012,524,463
525,255,1,881086078,524,252
525,1047,2,881086274,524,1017
525,829,2,881086393,524,811
525,676,2,881086518,524,663
526,754,2,885681886,525,740
526,307,2,885681958,525,304
526,751,2,885681958,525,737
526,260,1,885681982,525,257
526,328,2,885682006,525,324
526,332,2,885682006,525,328
526,300,2,885682031,525,297
526,301,2,885682031,525,298
526,245,2,885682124,525,242
526,323,2,885682214,525,319
526,678,1,885682214,525,664
526,748,1,885682214,525,734
526,243,1,885682295,525,240
526,312,2,885682295,525,309
526,342,2,885682295,525,338
526,150,2,885682370,525,147
526,250,2,885682477,525,247
526,544,1,885682477,525,535
526,273,2,885682562,525,270
526,121,2,885682590,525,118
527,286,2,879455354,526,283
527,878,1,879455511,526,855
527,176,2,879455740,526,173
527,466,2,879455765,526,457
527,855,2,879455814,526,835
527,91,2,879455873,526,90
527,129,2,879455905,526,126
527,582,2,879456078,526,572
527,4,2,879456162,526,3
527,143,2,879456289,526,140
527,152,2,879456405,526,149
527,135,2,879456587,526,132
527,14,2,879456663,526,13
528,393,2,886101695,527,389
528,588,2,886101736,527,578
528,485,2,886101872,527,476
528,422,2,886813066,527,418
528,358,2,888520491,527,354
529,689,2,882535049,528,675
529,340,1,882535181,528,336
529,324,2,882535563,528,320
529,991,1,882535639,528,961
530,214,2,886202320,529,211
530,1300,2,890627207,529,1242
531,288,1,887048686,530,285
531,259,1,887048789,530,256
531,908,1,887048836,530,883
531,338,1,887048938,530,334
531,688,1,887048998,530,674
532,795,2,874789538,531,778
532,1207,2,874790439,531,1165
532,831,2,874790629,531,812
532,1240,2,874793852,531,1195
532,407,2,874794386,531,403
532,1496,2,874795634,531,1365
532,412,2,874795951,531,408
532,450,2,874796421,531,441
532,312,2,884594422,531,309
532,311,2,885415471,531,308
532,353,2,886364951,531,349
532,769,2,888630531,531,755
532,865,2,888630531,531,842
532,120,2,888630742,531,117
532,818,2,888631077,531,800
532,759,2,888631120,531,745
532,1136,2,888636558,531,1101
532,1415,2,892520390,531,1310
533,462,2,879190926,532,453
533,91,2,879190991,532,90
533,526,2,879191265,532,517
533,176,1,879191332,532,173
533,234,2,879191373,532,231
533,53,1,879191621,532,52
533,218,2,879191652,532,215
533,38,2,879191691,532,37
533,554,1,879191691,532,544
533,83,2,879191902,532,82
533,367,2,879191972,532,363
533,47,1,879191998,532,46
533,382,1,879191998,532,378
533,1041,2,879192069,532,1011
533,72,2,879192157,532,71
533,1177,1,879192184,532,1136
533,10,2,879192414,532,9
533,240,1,879192474,532,237
533,475,1,879192500,532,466
533,713,2,879192582,532,699
533,284,1,879192641,532,281
533,871,2,879192730,532,848
533,1028,2,879192769,532,998
533,109,2,879192986,532,106
533,237,2,879193048,532,234
533,687,2,879193517,532,673
533,846,2,879365886,532,827
533,476,2,879365951,532,467
533,411,2,879365998,532,407
533,1291,1,879366076,532,1234
533,122,1,879366118,532,119
533,412,1,879366159,532,408
533,120,1,879366160,532,117
533,824,1,879366160,532,806
533,931,2,879366160,532,904
533,1001,1,879366160,532,971
533,97,2,879438666,532,96
533,921,2,879439061,532,894
533,708,2,879439167,532,694
533,190,2,879439379,532,187
533,451,2,879439465,532,442
533,627,2,879439593,532,614
533,289,2,879773297,532,286
533,596,2,880402996,532,585
533,255,2,882195237,532,252
533,988,2,882821725,532,958
533,288,2,882901971,532,285
533,147,1,884698117,532,144
533,866,2,887032297,532,843
533,820,2,887032380,532,802
533,595,2,887032451,532,584
533,744,2,887721800,532,730
533,919,2,888239673,532,892
533,276,1,889451077,532,273
534,93,1,877807692,533,92
534,760,2,877808098,533,746
534,149,2,877808237,533,146
534,1327,2,877808281,533,1259
535,286,2,879617123,534,283
535,357,2,879617531,534,353
535,156,2,879617613,534,153
535,187,2,879617701,534,184
535,778,2,879617819,534,763
535,98,2,879617977,534,97
535,971,2,879618569,534,943
535,789,2,879618613,534,772
535,702,1,879619067,534,688
535,630,2,879619144,534,617
536,405,2,882318246,535,401
536,546,2,882318533,535,536
536,179,2,882359625,535,176
536,70,2,882359906,535,69
536,209,2,882360030,535,206
536,582,2,882360100,535,572
536,214,2,882360450,535,211
536,1118,2,882360776,535,1083
536,80,2,882360802,535,79
536,441,2,882361018,535,433
537,300,1,886028446,536,297
537,352,1,886028544,536,348
537,749,2,886028544,536,735
537,875,1,886028544,536,852
537,690,2,886028604,536,676
537,301,2,886028647,536,298
537,288,2,886028706,536,285
537,333,2,886028707,536,329
537,327,2,886028730,536,323
537,271,2,886028791,536,268
537,299,2,886028791,536,296
537,349,1,886028845,536,345
537,294,1,886029083,536,291
537,328,2,886029083,536,324
537,682,1,886029083,536,668
537,259,1,886029116,536,256
537,292,2,886029116,536,289
537,289,1,886029153,536,286
537,322,1,886029153,536,318
537,325,1,886029153,536,321
537,343,2,886029153,536,339
537,688,1,886029153,536,674
537,990,2,886029153,536,960
537,1105,1,886029153,536,1070
537,678,1,886029181,536,664
537,323,1,886029211,536,319
537,873,2,886029211,536,850
537,539,1,886029212,536,530
537,243,1,886029239,536,240
537,338,1,886029239,536,334
537,689,1,886029239,536,675
537,948,1,886029239,536,921
537,457,1,886029444,536,448
537,330,2,886029488,536,326
537,681,1,886029488,536,667
537,901,1,886029488,536,877
537,988,1,886029488,536,958
537,1025,1,886029488,536,995
537,687,1,886029526,536,673
537,890,1,886029526,536,867
537,894,1,886029526,536,871
537,547,1,886029771,536,537
537,6,2,886029806,536,5
537,978,2,886029841,536,950
537,1,2,886029889,536,0
537,277,2,886029973,536,274
537,222,2,886029974,536,219
537,117,2,886030011,536,114
537,147,2,886030012,536,144
537,109,1,886030051,536,106
537,1129,1,886030051,536,1094
537,845,2,886030078,536,826
537,1008,2,886030078,536,978
537,123,2,886030109,536,120
537,24,1,886030176,536,23
537,151,2,886030177,536,148
537,279,2,886030177,536,276
537,628,2,886030177,536,615
537,25,2,886030199,536,24
537,741,2,886030199,536,727
537,274,2,886030235,536,271
537,291,2,886030235,536,288
537,290,2,886030254,536,287
537,1009,2,886030254,536,979
537,281,1,886030281,536,278
537,3,2,886030317,536,2
537,235,1,886030317,536,232
537,455,1,886030317,536,446
537,979,2,886030317,536,951
537,1163,1,886030347,536,1124
537,121,1,886030380,536,118
537,405,2,886030381,536,401
537,1010,2,886030381,536,980
537,1048,2,886030381,536,1018
537,472,2,886030415,536,463
537,460,2,886030442,536,451
537,928,1,886030442,536,901
537,646,2,886030552,536,633
537,423,2,886030622,536,419
537,753,2,886030622,536,739
537,198,2,886030652,536,195
537,958,2,886030652,536,930
537,1065,1,886030738,536,1035
537,22,2,886030767,536,21
537,789,2,886030805,536,772
537,521,2,886030831,536,512
537,421,2,886030863,536,417
537,95,1,886030891,536,94
537,1069,2,886030938,536,1039
537,745,2,886031074,536,731
537,69,2,886031178,536,68
537,419,2,886031342,536,415
537,670,2,886031342,536,657
537,99,2,886031375,536,98
537,39,2,886031407,536,38
537,181,2,886031437,536,178
537,91,2,886031438,536,90
537,143,1,886031438,536,140
537,639,2,886031438,536,626
537,588,1,886031473,536,578
537,965,2,886031540,536,937
537,1050,2,886031575,536,1020
537,176,2,886031606,536,173
537,1019,1,886031606,536,989
537,4,2,886031634,536,3
537,495,2,886031678,536,486
537,584,2,886031678,536,574
537,1400,2,886031678,536,1299
537,97,2,886031720,536,96
537,206,1,886031720,536,203
537,82,2,886031752,536,81
537,402,1,886031752,536,398
537,616,2,886031752,536,603
537,721,2,886031752,536,707
537,1475,2,886031786,536,1351
537,417,2,886031831,536,413
537,570,2,886031831,536,560
537,101,2,886031860,536,100
537,230,2,886031860,536,227
538,289,1,877095667,537,286
538,276,1,877107340,537,273
538,42,1,877108077,537,41
538,88,2,877108078,537,87
538,240,2,877109422,537,237
539,340,2,879787771,538,336
539,372,2,879787985,538,368
539,56,2,879788046,538,55
539,640,2,879788101,538,627
540,121,2,882157148,539,118
541,29,2,883865336,540,28
541,1185,2,883866028,540,1143
541,235,1,883866049,540,232
541,585,2,883866114,540,575
541,1047,2,883866173,540,1017
541,1036,2,883866280,540,1006
541,395,2,883866300,540,391
541,278,2,883875063,540,275
541,1315,1,884046202,540,1252
541,259,1,884046888,540,256
541,542,1,884046888,540,533
541,769,1,884046888,540,755
541,877,1,884046888,540,854
541,1074,1,884046888,540,1044
541,1442,1,884046888,540,1325
541,111,1,884645883,540,108
542,288,2,886532149,541,285
542,121,2,886532381,541,118
542,206,2,886532602,541,203
542,744,2,886532676,541,730
542,695,2,886532788,541,681
542,150,2,886532908,541,147
542,721,2,886533003,541,707
542,866,2,886533046,541,843
542,585,2,886533068,541,575
542,871,2,886533142,541,848
542,399,2,886533172,541,395
542,775,2,886533253,541,761
542,1061,2,886533275,541,1031
542,15,2,886533483,541,14
542,11,2,886533710,541,10
543,919,2,874863549,542,892
543,110,2,874865635,542,107
543,700,2,874865923,542,686
543,761,2,876105554,542,747
543,1262,2,876382812,542,1210
543,831,2,876718718,542,812
543,1199,2,877542776,542,1157
543,29,2,877546306,542,28
543,720,2,877546306,542,706
543,562,2,877547004,542,552
543,550,2,877547005,542,540
543,85,2,877547580,542,84
543,702,2,877550399,542,688
544,288,2,884795135,543,285
544,310,2,884795264,543,307
545,266,2,879898447,544,263
545,680,2,879898486,544,666
545,993,2,879898802,544,963
545,188,2,879899233,544,185
545,679,2,879899438,544,665
545,449,2,879899497,544,440
545,890,2,880347690,544,867
545,25,2,880348933,544,24
545,67,1,880348933,544,66
545,219,2,880348933,544,216
545,542,2,880348933,544,533
545,391,2,883115552,544,387
545,450,2,883115718,544,441
546,286,2,885139580,545,283
546,313,2,885139580,545,310
546,457,1,885139608,545,448
546,690,2,885139693,545,676
546,294,1,885139779,545,291
546,458,1,885140689,545,449
546,665,2,885141411,545,652
547,311,2,891282699,546,308
547,294,1,891282757,546,291
548,272,2,891042194,547,269
548,286,1,891042194,547,283
548,345,1,891042194,547,341
548,344,1,891042530,547,340
548,305,1,891042624,547,302
548,340,1,891042794,547,336
548,9,1,891043008,547,8
548,14,1,891043182,547,13
548,898,1,891043509,547,874
548,358,2,891043547,547,354
548,254,1,891043999,547,251
548,1089,2,891044049,547,1056
548,991,1,891044050,547,961
548,347,2,891415257,547,343
548,539,2,891415257,547,530
548,13,1,891415677,547,12
548,925,2,891415709,547,898
548,25,2,891415746,547,24
548,1011,2,891415746,547,981
548,151,1,891415786,547,148
548,477,1,891415786,547,468
548,15,2,891415854,547,14
548,628,2,891415890,547,615
548,3,1,891415967,547,2
548,472,2,891415967,547,463
549,323,2,881671879,548,319
551,991,2,892775935,550,961
551,50,2,892776336,550,49
551,184,1,892777855,550,181
551,181,2,892778074,550,178
551,172,2,892778164,550,169
551,770,2,892778244,550,756
551,1035,2,892778244,550,1005
551,685,1,892782901,550,671
551,423,1,892782975,550,419
551,91,1,892783025,550,90
551,66,2,892783281,550,65
551,25,1,892783366,550,24
551,13,1,892783411,550,12
551,274,2,892783488,550,271
551,455,1,892783525,550,446
551,4,2,892783711,550,3
551,85,1,892783749,550,84
551,708,1,892783830,550,694
551,950,2,892783861,550,923
551,790,2,892783942,550,773
551,1304,1,892783942,550,1246
551,68,2,892783972,550,67
551,217,1,892784093,550,214
551,73,2,892784130,550,72
551,458,2,892784166,550,449
551,90,1,892784199,550,89
551,944,2,892784320,550,917
551,411,1,892784437,550,407
551,756,1,892784437,550,742
551,1087,1,892784437,550,1054
551,1217,1,892784524,550,1174
551,1376,1,892784524,550,1281
551,38,1,892784553,550,37
551,235,1,892784629,550,232
551,824,1,892784629,550,806
551,1253,2,892784629,550,1205
551,572,1,892784672,550,562
551,546,2,892784673,550,536
551,576,2,892784743,550,566
551,595,2,892784744,550,584
551,720,2,892784744,550,706
551,2,2,892784780,550,1
551,719,1,892784898,550,705
551,43,2,892784976,550,42
551,451,1,892784976,550,442
551,84,1,892785020,550,83
551,40,1,892785056,550,39
551,672,1,892785056,550,659
551,1067,2,892785091,550,1037
551,715,1,892785128,550,701
551,761,1,892785164,550,747
551,696,2,892785194,550,682
551,765,1,892785194,550,751
551,384,1,892785223,550,380
551,80,1,892785300,550,79
551,926,2,892785300,550,899
551,1207,1,892785300,550,1165
551,728,2,892785331,550,714
551,1419,1,892785332,550,1312
552,288,2,879221267,551,285
552,323,2,879221267,551,319
552,756,2,879221683,551,742
552,252,2,879222002,551,249
552,826,2,879222002,551,808
553,1021,2,879949153,552,991
554,820,2,876232176,553,802
554,21,1,876232212,553,20
554,13,2,876232730,553,12
554,68,2,876368907,553,67
554,770,1,876369382,553,756
554,4,2,876369560,553,3
556,325,2,882135684,555,321
556,294,2,882135855,555,291
556,243,1,882135994,555,240
556,988,1,882135994,555,958
556,323,2,882136058,555,319
556,135,2,882136252,555,132
557,257,2,880485764,556,254
557,1244,2,880485863,556,1199
557,682,2,881179213,556,668
558,1068,2,879435896,557,1038
559,521,2,891033911,558,512
559,22,1,891034003,558,21
559,660,1,891034250,558,647
559,1141,2,891034316,558,1106
559,511,2,891034347,558,502
559,294,1,891035519,558,291
559,202,1,891035674,558,199
559,238,1,891035674,558,235
559,435,2,891035781,558,430
560,22,2,879975613,559,21
561,258,2,885806823,560,255
561,243,1,885807010,560,240
561,539,1,885807035,560,530
561,895,1,885807035,560,872
561,678,2,885807080,560,664
561,890,1,885807080,560,867
561,69,1,885807215,560,68
561,531,1,885807215,560,522
561,1,2,885807713,560,0
561,172,2,885807743,560,169
561,81,2,885808000,560,80
561,28,2,885808053,560,27
561,431,2,885808738,560,426
561,423,2,885808796,560,419
561,151,2,885808843,560,148
561,433,1,885808867,560,428
561,1059,1,885808867,560,1029
561,319,2,885809005,560,315
561,241,2,885809119,560,238
561,31,2,885809146,560,30
561,588,2,885809197,560,578
561,77,1,885809246,560,76
561,233,1,885809246,560,230
561,49,2,885809269,560,48
561,132,2,885809269,560,129
561,468,1,885809291,560,459
561,405,2,885809313,560,401
561,96,1,885809336,560,95
561,559,1,885809336,560,549
561,159,1,885809356,560,156
561,25,2,885809426,560,24
561,371,1,885809426,560,367
561,380,2,885809524,560,376
561,1110,2,885809524,560,1075
561,219,1,885809583,560,216
561,95,2,885809605,560,94
561,164,2,885809626,560,161
561,284,1,885809626,560,281
561,549,2,885809654,560,539
561,636,1,885809670,560,623
561,417,2,885809690,560,413
561,794,2,885809731,560,777
561,356,1,885809752,560,352
561,141,2,885809781,560,138
561,226,1,885809806,560,223
561,544,2,885809872,560,535
561,596,2,885809958,560,585
561,143,1,885810000,560,140
561,71,2,885810039,560,70
561,1015,2,885810060,560,985
561,72,2,885810084,560,71
561,692,1,885810084,560,678
562,323,2,879194768,561,319
562,1,2,879194894,561,0
562,133,2,879195007,561,130
562,636,2,879195007,561,623
562,357,1,879195125,561,353
562,56,1,879195156,561,55
562,114,1,879195156,561,111
562,806,1,879195289,561,788
562,89,1,879195819,561,88
562,511,2,879195819,561,502
562,229,1,879195848,561,226
562,514,1,879195848,561,505
562,66,1,879195927,561,65
562,230,1,879195954,561,227
562,393,2,879195954,561,389
562,458,2,879195982,561,449
562,204,1,879196288,561,201
562,231,1,879196446,561,228
562,385,2,879196483,561,381
562,4,1,879196517,561,3
563,304,2,880506234,562,301
563,678,2,880506368,562,664
563,412,2,880507108,562,408
563,871,2,880507263,562,848
564,1025,2,888718443,563,995
564,1399,2,888718470,563,1298
564,1016,2,888730699,563,986
565,381,2,891037628,564,377
566,260,2,881649273,565,257
566,289,1,881649273,565,286
566,879,2,881649273,565,856
566,423,2,881649709,565,419
566,153,2,881649747,565,150
566,95,2,881649913,565,94
566,181,2,881649985,565,178
566,50,2,881650063,565,49
566,230,2,881650123,565,227
566,228,2,881650262,565,225
566,465,2,881650654,565,456
566,33,2,881650907,565,32
566,419,2,881650907,565,415
566,71,2,881650958,565,70
566,576,2,881651013,565,566
566,25,2,881651077,565,24
566,1232,2,881651126,565,1188
567,109,2,882425673,566,106
567,511,2,882425701,566,502
567,100,1,882425791,566,99
567,318,2,882425901,566,314
567,357,2,882425901,566,353
567,50,1,882426246,566,49
567,181,1,882426246,566,178
567,174,1,882426869,566,171
567,423,2,882426869,566,419
567,79,2,882427023,566,78
567,212,2,882427023,566,209
568,319,2,877906697,567,315
568,301,1,877906737,567,298
568,988,1,877906737,567,958
568,162,2,877906935,567,159
568,179,2,877906935,567,176
568,855,1,877906935,567,835
568,59,1,877906995,567,58
568,772,1,877906995,567,758
568,497,2,877907092,567,488
568,491,2,877907126,567,482
568,132,2,877907236,567,129
568,524,2,877907281,567,515
568,520,2,877907327,567,511
568,735,2,877907327,567,721
568,512,1,877907596,567,503
568,954,2,877907671,567,927
568,435,2,877907721,567,430
568,1005,1,877907877,567,975
569,294,2,879793149,568,291
569,325,1,879793149,568,321
569,748,2,879793228,568,734
569,277,2,879794385,568,274
569,458,2,879794498,568,449
571,69,2,883354760,570,68
571,144,2,883354992,570,141
571,32,2,883355063,570,31
572,121,2,879449610,571,118
573,143,2,885844339,572,140
573,495,2,885844339,572,486
573,1012,2,885844339,572,982
574,345,2,891278860,573,341
574,1022,2,891278916,573,992
574,331,1,891279013,573,327
574,896,2,891279013,573,873
574,340,1,891279174,573,336
574,321,1,891279285,573,317
574,358,2,891279520,573,354
575,294,1,878146447,574,291
575,304,2,878146638,574,301
575,506,2,878148087,574,497
575,127,2,878148137,574,124
575,507,2,878148137,574,498
575,531,1,878148199,574,522
575,963,1,878148199,574,935
575,50,2,878148258,574,49
575,181,2,878148295,574,178
575,111,1,878148329,574,108
577,7,2,880470447,576,6
577,11,2,880474293,576,10
577,425,2,880474808,576,420
577,179,2,880474829,576,176
577,693,1,880475408,576,679
577,949,2,880475408,576,922
577,38,2,880475453,576,37
579,289,2,880951569,578,286
579,877,1,880951594,578,854
579,245,2,880951595,578,242
579,69,2,880951868,578,68
579,1446,2,880952165,578,1329
579,4,2,880952271,578,3
580,323,2,884124383,579,319
581,221,2,879642274,580,218
581,283,2,879642274,580,280
582,294,1,882960396,581,291
582,948,1,882960718,581,921
582,988,1,882960718,581,958
582,676,2,882961133,581,663
582,455,1,882961481,581,446
582,763,2,882961804,581,749
582,1033,2,882962030,581,1003
582,841,2,882962133,581,822
583,239,2,879384522,582,236
585,340,2,891281651,584,336
585,18,2,891283124,584,17
585,224,2,891283681,584,221
585,919,2,891283681,584,892
585,640,2,891284816,584,627
585,1347,2,891285658,584,1268
586,249,2,884058005,585,246
586,23,2,884058674,585,22
586,423,2,884058708,585,419
586,185,2,884058860,585,182
586,153,2,884058956,585,150
586,188,2,884058956,585,185
586,238,2,884059027,585,235
586,83,2,884059196,585,82
586,186,2,884059287,585,183
586,164,2,884059486,585,161
586,184,2,884060807,585,181
586,436,2,884060807,585,431
586,672,2,884061084,585,659
586,551,2,884061189,585,541
586,230,2,884061623,585,227
586,82,2,884062010,585,81
586,227,2,884062010,585,224
586,586,2,884063080,585,576
586,930,2,884063080,585,903
586,581,2,884065745,585,571
586,978,2,884065825,585,950
586,1207,2,884065879,585,1165
586,80,2,884067003,585,79
586,756,1,884067105,585,742
586,411,2,884067199,585,407
586,72,2,884067378,585,71
587,321,2,892871113,586,317
587,938,2,892871141,586,911
587,886,2,892871171,586,863
587,749,2,892871223,586,735
587,245,1,892871253,586,242
587,328,1,892871284,586,324
587,887,2,892871310,586,864
587,877,2,892871372,586,854
588,260,2,890014930,587,257
588,880,1,890014996,587,857
588,289,2,890015063,587,286
588,678,2,890015063,587,664
588,98,1,890015324,587,97
588,100,1,890015374,587,99
588,202,1,890015500,587,199
588,724,2,890015648,587,710
588,165,2,890015649,587,162
588,475,2,890015684,587,466
588,24,2,890015766,587,23
588,237,2,890015894,587,234
588,69,2,890023556,587,68
588,566,2,890023557,587,556
588,97,2,890023587,587,96
588,230,1,890023692,587,227
588,207,2,890025076,587,204
588,652,2,890026339,587,639
588,723,2,890026459,587,709
588,731,2,890026705,587,717
588,1041,2,890027063,587,1011
588,62,2,890027865,587,61
588,94,2,890027865,587,93
588,832,1,890027865,587,813
588,1219,2,890028385,587,1176
588,111,1,890028509,587,108
588,781,2,890028509,587,766
588,1311,1,890029079,587,1249
588,386,2,890029445,587,382
588,159,1,890029795,587,156
588,1058,2,890030656,587,1028
588,552,1,890031021,587,542
588,384,1,890032013,587,380
588,1180,2,890032056,587,1139
589,307,1,883352402,588,304
589,324,1,883352402,588,320
589,258,2,883352463,588,255
589,268,1,883352463,588,265
589,340,1,883352494,588,336
589,301,2,883352535,588,298
589,336,1,883352535,588,332
589,995,1,883352562,588,965
589,326,1,883352600,588,322
589,323,2,883352631,588,319
589,334,1,883352631,588,330
590,298,2,879438911,589,295
590,284,2,879439345,589,281
590,255,1,879439374,589,252
590,282,2,879439374,589,279
590,546,1,879439538,589,536
590,1061,2,879439538,589,1031
590,130,1,879439567,589,127
590,864,1,879439567,589,841
591,322,2,891031013,590,318
591,66,2,891031526,590,65
591,580,2,891031526,590,570
591,1041,2,891031644,590,1011
591,110,2,891031676,590,107
592,245,1,882607434,591,242
592,292,1,882607434,591,289
592,748,2,882607434,591,734
592,328,1,882607476,591,324
592,336,1,882607476,591,332
592,881,1,882607476,591,858
592,264,2,882607528,591,261
592,259,2,882607573,591,256
592,299,1,882607573,591,296
592,301,1,882607573,591,298
592,322,1,882607647,591,318
592,325,2,882607647,591,321
592,338,2,882607647,591,334
592,877,2,882607647,591,854
592,323,1,882607690,591,319
592,358,1,882607690,591,354
592,678,2,882607690,591,664
592,680,1,882607690,591,666
592,689,2,882607690,591,675
592,876,1,882607690,591,853
592,892,1,882607690,591,869
592,984,1,882607690,591,955
592,1265,1,882607690,591,1213
592,261,1,882607744,591,258
592,266,1,882607744,591,263
592,688,1,882607744,591,674
592,342,2,882607745,591,338
592,683,1,882607745,591,669
592,890,1,882607745,591,867
592,988,1,882607745,591,958
592,1025,1,882607745,591,995
592,263,1,882607779,591,260
592,457,1,882607779,591,448
592,243,1,882607780,591,240
592,312,2,882607780,591,309
592,681,1,882607780,591,667
592,222,1,882608145,591,219
592,619,1,882608234,591,606
592,253,1,882608279,591,250
592,411,2,882608457,591,407
592,685,2,882608662,591,671
592,1047,1,882608736,591,1017
592,125,2,882608795,591,122
592,472,1,882608795,591,463
592,825,1,882608795,591,807
592,1023,1,882608873,591,993
592,1079,1,882608873,591,1048
592,931,1,882608960,591,904
592,1258,1,882608960,591,1207
592,148,2,882608961,591,145
592,823,1,882609009,591,805
592,409,1,882609056,591,405
592,597,2,882609056,591,586
592,1315,2,882609056,591,1252
592,1060,2,882609057,591,1030
592,1276,1,882609057,591,1221
592,1620,1,882609057,591,1426
592,893,1,882955292,591,870
592,432,1,882956321,591,427
592,431,2,882956510,591,426
592,782,2,882956510,591,767
592,885,2,887257199,591,862
592,898,2,887257199,591,874
593,322,2,875644752,592,318
593,276,1,875659150,592,273
593,1014,1,875659755,592,984
593,476,2,875659943,592,467
593,846,2,875660295,592,827
593,106,2,875660347,592,103
593,122,1,875660347,592,119
593,597,2,875660347,592,586
593,974,2,875660347,592,946
593,234,2,875660850,592,231
593,470,2,875671062,592,461
593,233,2,875671549,592,230
593,40,1,875671757,592,39
593,73,2,875671807,592,72
593,761,2,875671951,592,747
593,553,2,875672852,592,543
593,949,2,875672949,592,922
593,210,2,875673181,592,207
593,580,1,876507120,592,570
593,293,1,877727988,592,290
593,661,2,886193103,592,648
593,285,2,886193129,592,282
593,182,2,886193627,592,179
593,501,2,886193661,592,492
594,988,2,874780945,593,958
595,748,2,886920655,594,734
595,358,2,886920714,594,354
595,294,2,886920748,594,291
595,678,1,886920819,594,664
595,336,2,886920966,594,332
595,676,2,886921140,594,663
595,109,2,886921365,594,106
595,742,2,886921521,594,728
595,121,2,886921550,594,118
595,825,2,886921606,594,807
595,108,2,886921634,594,105
595,597,2,886921634,594,586
595,929,2,886921722,594,902
595,1047,2,886921769,594,1017
595,826,1,886921819,594,808
595,820,2,886921870,594,802
595,930,2,886921870,594,903
595,926,1,886921897,594,899
595,871,2,886921945,594,848
595,986,2,886921945,594,957
595,368,1,886921977,594,364
595,717,2,886921977,594,703
595,1023,1,886921977,594,993
596,13,2,883539402,595,12
597,678,1,875339041,596,664
597,990,2,875339041,596,960
597,326,1,875339083,596,322
597,988,1,875339237,596,958
597,713,2,875340010,596,699
597,1534,1,875341758,596,1391
598,691,2,886710330,597,677
598,343,2,886710795,597,339
598,895,2,886710977,597,872
598,243,2,886711192,597,240
599,319,2,880951046,598,315
599,872,2,880951046,598,849
599,260,1,880951113,598,257
599,276,2,880951439,598,273
599,866,2,880952229,598,843
599,1048,2,880952357,598,1018
599,1357,2,880952905,598,1272
600,578,2,888451839,599,568
600,679,2,888451839,599,665
600,541,1,888451977,599,532
600,233,2,888452071,599,230
600,1231,2,888452152,599,1187
600,29,2,888452490,599,28
600,1228,2,888452490,599,1185
601,1296,1,876346344,600,1238
601,259,1,876346515,600,256
601,288,1,876346515,600,285
601,294,1,876346515,600,291
601,15,1,876347040,600,14
601,123,1,876347148,600,120
601,257,2,876347224,600,254
601,121,2,876347267,600,118
601,118,1,876347320,600,115
601,125,1,876347320,600,122
601,864,1,876347320,600,841
601,225,1,876347462,600,222
601,1028,2,876347557,600,998
601,1047,1,876347557,600,1017
601,840,2,876347599,600,821
601,405,1,876347765,600,401
601,476,1,876347765,600,467
601,411,2,876348107,600,407
601,928,1,876348140,600,901
601,472,1,876348177,600,463
601,287,1,876348215,600,284
601,934,1,876348285,600,907
601,820,1,876348316,600,802
601,834,1,876348381,600,815
601,743,1,876348410,600,729
601,204,2,876348783,600,201
601,176,2,876348820,600,173
601,234,1,876348947,600,231
601,238,2,876349897,600,235
601,623,1,876349897,600,610
601,71,1,876349937,600,70
601,1540,2,876350017,600,1395
601,421,1,876350060,600,417
601,96,2,876350185,600,95
601,1073,2,876350230,600,1043
601,58,1,876350400,600,57
601,39,1,876350443,600,38
601,389,2,876350537,600,385
601,418,2,876350766,600,414
601,406,2,876350998,600,402
601,378,2,876351041,600,374
601,1135,2,876351141,600,1100
601,842,1,876351171,600,823
601,949,2,876351214,600,922
602,343,2,888638022,601,339
603,271,2,891955922,602,268
603,62,2,891955972,602,61
603,273,1,891956124,602,270
603,931,2,891956715,602,904
603,176,2,891956776,602,173
603,419,2,891957012,602,415
603,157,1,891957031,602,154
604,56,2,883668097,603,55
604,98,2,883668097,603,97
604,185,2,883668175,603,182
604,444,2,883668175,603,435
604,5,2,883668261,603,4
604,200,1,883668261,603,197
604,441,2,883668261,603,433
604,672,1,883668261,603,659
605,300,2,879365101,604,297
605,325,2,879365219,604,321
605,117,2,879365748,604,114
605,678,1,879366335,604,664
605,143,1,879424345,604,140
605,238,1,879424783,604,235
605,1040,2,879425689,604,1010
605,121,1,879429706,604,118
605,930,2,879429706,604,903
605,546,2,879429729,604,536
605,831,1,879429729,604,812
605,255,2,879510904,604,252
605,284,2,880762139,604,281
605,338,2,881015064,604,334
606,108,1,880923349,605,105
606,225,1,880923349,605,222
606,294,2,880923349,605,291
606,455,2,880923349,605,446
606,919,2,880923349,605,892
606,1047,2,880923349,605,1017
606,8,2,880923579,605,7
606,12,2,880924384,605,11
606,537,2,880925074,605,528
606,230,2,880926084,605,227
606,816,2,880927358,605,798
606,1110,2,880927358,605,1075
606,951,2,880928181,605,924
607,121,2,883879811,606,118
608,300,1,880402327,607,297
608,310,1,880402450,607,307
608,327,2,880402450,607,323
608,886,1,880402564,607,863
608,301,1,880402633,607,298
608,321,2,880402633,607,317
608,199,1,880403606,607,196
608,1204,2,880403606,607,1162
608,50,1,880403765,607,49
608,168,1,880403810,607,165
608,509,1,880403855,607,500
608,132,2,880403899,607,129
608,276,2,880404975,607,273
608,157,1,880405085,607,154
608,163,1,880405085,607,160
608,126,1,880405165,607,123
608,8,2,880405484,607,7
608,1183,1,880405484,607,1141
608,195,1,880405527,607,192
608,172,1,880405927,607,169
608,418,1,880405971,607,414
608,111,1,880406507,607,108
608,58,2,880406800,607,57
608,1221,2,880406800,607,1178
608,702,1,880406862,607,688
608,16,2,880406950,607,15
609,288,2,886894677,608,285
609,147,1,886895016,608,144
609,294,2,886895346,608,291
610,271,1,888702795,609,268
610,294,1,888702795,609,291
610,352,1,888702795,609,348
610,7,2,888703137,609,6
610,95,2,888703316,609,94
610,204,1,888703343,609,201
610,477,2,888703475,609,468
610,699,2,888703507,609,685
611,887,2,891636125,610,864
611,299,1,891636223,610,296
611,906,2,891636223,610,882
611,355,1,891636399,610,351
612,243,2,875324355,611,240
612,878,2,875324400,611,855
612,926,2,875324789,611,899
612,477,2,875324876,611,468
612,127,2,875325049,611,124
613,1157,2,891227204,612,1119
614,288,2,879463630,613,285
614,289,2,879463669,613,286
614,546,1,879463965,613,536
614,7,2,879464215,613,6
614,237,2,879464216,613,234
614,25,1,879464376,613,24
614,535,2,879464376,613,526
614,286,2,879464507,613,283
615,937,2,879447530,614,910
615,332,2,879447585,614,328
615,259,1,879447642,614,256
615,271,2,879447642,614,268
615,683,1,879447642,614,669
615,289,2,879447670,614,286
615,886,2,879447692,614,863
615,325,2,879447693,614,321
615,678,1,879447713,614,664
615,988,1,879447735,614,958
615,666,2,879448270,614,653
615,1128,1,879448715,614,1093
615,708,2,879448882,614,694
615,72,2,879449164,614,71
616,307,2,891224448,615,304
616,333,2,891224448,615,329
616,678,2,891224718,615,664
617,269,1,883788511,616,266
617,294,1,883788511,616,291
617,313,1,883788511,616,310
617,345,1,883788511,616,341
617,1316,1,883788511,616,1253
617,1612,1,883788511,616,1421
617,288,1,883788566,616,285
617,174,1,883788820,616,171
617,531,2,883788859,616,522
617,170,1,883788929,616,167
617,604,2,883788955,616,591
617,132,1,883789006,616,129
617,98,2,883789080,616,97
617,496,1,883789080,616,487
617,631,2,883789212,616,618
617,423,1,883789294,616,419
617,475,1,883789294,616,466
617,56,1,883789425,616,55
617,184,1,883789464,616,181
617,218,2,883789464,616,215
617,547,1,883789464,616,537
617,854,1,883789464,616,834
617,201,1,883789465,616,198
617,17,1,883789507,616,16
617,217,1,883789507,616,214
617,559,1,883789507,616,549
617,53,1,883789537,616,52
617,569,1,883789537,616,559
617,396,1,883789590,616,392
617,446,2,883789590,616,437
617,452,1,883789590,616,443
617,667,2,883789590,616,654
617,670,1,883789590,616,657
617,413,1,883789635,616,409
617,669,1,883789635,616,656
617,774,1,883789635,616,760
617,860,1,883789635,616,838
618,497,2,891307019,617,488
618,776,2,891307098,617,762
618,382,2,891307540,617,378
618,462,2,891307540,617,453
618,955,2,891307540,617,928
618,202,2,891307714,617,199
618,521,2,891307784,617,512
618,962,1,891307784,617,934
618,676,2,891307977,617,663
618,628,2,891308019,617,615
618,55,2,891308063,617,54
618,123,2,891308063,617,120
618,150,2,891308175,617,147
618,214,2,891308176,617,211
618,25,2,891308260,617,24
618,549,2,891308342,617,539
618,238,1,891308391,617,235
618,4,2,891308459,617,3
618,24,2,891308515,617,23
618,124,1,891308542,617,121
618,1071,1,891308542,617,1041
618,109,2,891308615,617,106
618,679,1,891308615,617,665
618,709,2,891308665,617,695
618,477,2,891308791,617,468
618,939,2,891308791,617,912
618,925,2,891308854,617,898
618,746,2,891308946,617,732
618,2,2,891309091,617,1
618,1032,2,891309192,617,1002
618,944,2,891309266,617,917
618,1163,2,891309266,617,1124
618,942,2,891309293,617,915
618,763,2,891309319,617,749
618,33,2,891309351,617,32
618,90,1,891309351,617,89
618,1225,2,891309382,617,1182
618,433,2,891309410,617,428
618,1212,2,891309410,617,1170
618,1185,2,891309471,617,1143
618,731,2,891309514,617,717
618,356,2,891309608,617,352
618,1221,2,891309636,617,1178
618,755,2,891309670,617,741
618,62,2,891309697,617,61
618,770,2,891309756,617,756
619,333,2,885953574,618,329
619,307,2,885953601,618,304
619,326,2,885953601,618,322
619,294,1,885953684,618,291
619,328,1,885953684,618,324
619,515,1,885953778,618,506
619,546,2,885953826,618,536
619,825,2,885953850,618,807
619,406,2,885953931,618,402
619,11,2,885954019,618,10
619,55,1,885954053,618,54
619,39,2,885954083,618,38
619,17,1,885954184,618,16
619,849,2,885954184,618,830
619,62,1,885954185,618,61
619,363,2,885954215,618,359
619,1231,2,885954215,618,1187
619,29,1,885954238,618,28
619,809,1,885954238,618,791
620,682,2,889986985,619,668
620,100,1,889987073,619,99
620,758,2,889987073,619,744
620,834,2,889987073,619,815
620,125,2,889987255,619,122
620,930,2,889987875,619,903
620,596,2,889987954,619,585
620,422,1,889988036,619,418
620,91,2,889988069,619,90
620,101,2,889988069,619,100
620,419,2,889988169,619,415
621,88,2,874962772,620,87
621,72,2,874962900,620,71
621,451,1,874963028,620,442
621,94,2,874963081,620,93
621,383,2,874963166,620,379
621,401,1,874963210,620,397
621,1029,2,874963210,620,999
621,795,1,874963273,620,778
621,63,1,874963445,620,62
621,1036,1,874963446,620,1006
621,398,2,874964605,620,394
621,576,2,874964605,620,566
621,542,2,874965093,620,533
621,143,2,874965208,620,140
621,299,1,880227012,620,296
621,1013,2,880738282,620,983
621,122,2,880738838,620,119
621,881,2,883798770,620,858
621,876,2,883799203,620,853
621,890,1,883799608,620,867
621,539,1,883799884,620,530
621,263,1,883800011,620,260
621,894,1,883800011,620,871
622,284,1,882590670,621,281
622,685,2,882590862,621,671
622,121,1,882590955,621,118
622,106,2,882591172,621,103
622,978,2,882591453,621,950
622,866,2,882591484,621,843
622,252,1,882591582,621,249
622,118,1,882591663,621,115
622,1079,2,882591663,621,1048
622,934,2,882591726,621,907
622,977,2,882591804,621,949
622,558,2,882592523,621,548
622,375,2,882592625,621,371
622,120,1,882592643,621,117
622,541,2,882592781,621,532
622,229,2,882592850,621,226
622,449,2,882592850,621,440
622,450,1,882592850,621,441
622,1231,2,882670653,621,1187
622,797,2,882670862,621,780
622,206,1,882670899,621,203
622,674,2,882670929,621,661
622,809,2,882671081,621,791
622,1074,2,882671185,621,1044
622,396,1,882671222,621,392
622,542,2,882671346,621,533
622,67,1,882671463,621,66
622,739,2,882671554,621,725
623,286,2,891032107,622,283
623,288,1,891032140,622,285
623,298,2,891032433,622,295
623,815,2,891034053,622,797
623,202,1,891034620,622,199
624,323,2,879792155,623,319
624,260,2,879792251,623,257
624,240,2,879793129,623,237
624,1059,1,879793358,623,1029
624,1089,2,879793408,623,1056
624,1095,2,879793408,623,1061
624,824,2,879793582,623,806
625,519,2,891263703,624,510
625,1016,2,891273699,624,986
625,597,2,891273801,624,586
625,546,2,891273897,624,536
625,255,2,891629673,624,252
625,25,2,891632018,624,24
625,476,2,891632164,624,467
626,289,1,878771281,625,286
626,292,1,878771281,625,289
626,333,1,878771281,625,329
626,748,2,878771281,625,734
626,948,1,878771281,625,921
626,988,1,878771281,625,958
626,270,2,878771355,625,267
626,879,1,878771418,625,856
626,264,1,878771476,625,261
626,266,1,878771476,625,263
626,680,1,878771476,625,666
626,336,1,878771477,625,332
626,681,1,878771477,625,667
626,243,1,878771505,625,240
626,323,1,878771505,625,319
626,328,1,878771505,625,324
626,358,1,878771505,625,354
626,678,1,878771505,625,664
627,215,1,879529767,626,212
627,521,2,879529767,626,512
627,387,2,879529916,626,383
627,97,2,879529958,626,96
627,175,1,879530110,626,172
627,673,2,879530110,626,660
627,276,2,879530173,626,273
627,693,2,879530205,626,679
627,699,1,879530263,626,685
627,77,2,879530305,626,76
627,724,2,879530305,626,710
627,1134,1,879530305,626,1099
627,284,2,879530306,626,281
627,713,2,879530306,626,699
627,47,2,879530346,626,46
627,125,2,879530346,626,122
627,468,2,879530408,626,459
627,942,2,879530408,626,915
627,282,2,879530463,626,279
627,956,2,879530463,626,929
627,740,1,879530501,626,726
627,729,1,879530600,626,715
627,403,2,879530694,626,399
627,949,2,879530824,626,922
627,289,2,879530899,626,286
627,1044,2,879530899,626,1014
627,144,2,879531158,626,141
627,4,2,879531248,626,3
627,56,2,879531248,626,55
627,568,2,879531301,626,558
627,161,2,879531302,626,158
627,233,2,879531351,626,230
627,385,2,879531351,626,381
627,550,1,879531352,626,540
627,17,2,879531397,626,16
627,33,1,879531397,626,32
627,226,1,879531397,626,223
627,720,2,879531397,626,706
627,229,2,879531459,626,226
627,562,2,879531504,626,552
628,8,2,880777167,627,7
629,991,1,880115923,628,961
629,340,2,880115971,628,336
629,324,2,880116023,628,320
629,690,2,880116067,628,676
629,11,2,880116789,628,10
629,273,2,880117001,628,270
629,42,2,880117430,628,41
629,7,2,880117635,628,6
629,39,2,880117747,628,38
630,243,2,885666301,629,240
630,988,2,885666301,629,958
630,264,2,885666353,629,261
630,9,2,885666536,629,8
630,127,2,885666536,629,124
630,250,1,885666650,629,247
630,25,2,885666779,629,24
630,871,2,885666918,629,848
630,276,1,885667108,629,273
630,932,2,885667108,629,905
630,280,2,885667148,629,277
630,252,2,885667464,629,249
630,412,1,885667508,629,408
630,1079,1,885667508,629,1048
630,832,2,885667528,629,813
630,1061,2,885667581,629,1031
630,31,2,885667968,629,30
630,70,2,885667994,629,69
630,213,2,885667994,629,210
630,465,1,885668203,629,456
630,735,2,885668231,629,721
630,640,1,885668276,629,627
631,334,2,888464941,630,330
631,873,2,888465084,630,850
632,588,2,879457217,631,578
632,150,2,879457525,631,147
632,276,2,879457856,631,273
632,55,2,879457857,631,54
632,1183,2,879458142,631,1141
632,508,2,879458570,631,499
632,693,2,879458692,631,679
632,550,2,879458900,631,540
632,68,1,879459394,631,67
632,685,2,879459394,631,671
632,25,1,879459418,631,24
632,367,2,879459544,631,363
632,1028,2,879459649,631,998
633,288,2,875324233,632,285
633,498,2,875324922,632,489
633,1132,2,875325691,632,1097
633,410,2,875325865,632,406
633,148,1,875326138,632,145
633,56,2,875326491,632,55
633,778,2,877211886,632,763
634,283,2,875728783,633,280
634,1084,2,875728783,633,1051
634,1199,1,875728913,633,1157
634,221,1,875729105,633,218
634,988,1,875729217,633,958
634,473,2,875729558,633,464
634,21,2,875729668,633,20
634,147,2,875729749,633,144
634,740,2,875729749,633,726
634,840,2,875729794,633,821
634,1009,2,875729794,633,979
634,819,2,876171049,633,801
634,678,2,877017632,633,664
634,1008,2,877017951,633,978
634,1335,2,877017975,633,1263
634,1049,2,877018004,633,1019
634,934,2,877018033,633,907
634,325,1,877974690,633,321
634,919,2,877979309,633,892
635,682,2,878878685,634,668
635,358,1,878878838,634,354
635,688,2,878878838,634,674
635,748,2,878878838,634,734
635,875,2,878878838,634,852
635,1025,2,878878901,634,995
635,13,2,878879164,634,12
637,268,2,882898692,636,265
637,323,1,882899182,636,319
637,301,1,882899527,636,298
637,873,1,882899608,636,850
637,325,1,882899928,636,321
637,289,2,882900047,636,286
637,127,2,882901356,636,124
637,149,2,882901356,636,146
637,922,1,882902487,636,895
637,9,1,882902924,636,8
637,7,1,882903044,636,6
637,475,1,882903191,636,466
637,1226,2,882903191,636,1183
637,405,1,882903250,636,401
637,508,2,882903301,636,499
637,150,1,882903447,636,147
637,246,2,882903447,636,243
637,24,2,882903511,636,23
637,237,2,882903511,636,234
637,257,2,882903511,636,254
637,596,2,882903582,636,585
637,741,1,882903644,636,727
637,147,1,882903645,636,144
637,244,1,882903645,636,241
637,283,2,882903822,636,280
637,471,2,882903822,636,462
637,619,2,882903914,636,606
637,740,2,882903914,636,726
637,117,2,882904148,636,114
637,363,2,882904148,636,359
637,410,2,882904148,636,406
637,1060,2,882904148,636,1030
637,235,1,882904233,636,232
637,13,1,882904458,636,12
637,1244,1,882904458,636,1199
638,187,2,876694704,637,184
638,127,2,876694861,637,124
638,29,2,876694917,637,28
638,82,2,876694917,637,81
638,449,2,876694995,637,440
638,229,1,876695108,637,226
638,227,2,876695259,637,224
638,450,1,876695415,637,441
638,504,2,876695560,637,495
638,514,2,876695714,637,505
639,313,1,891238514,638,310
639,750,2,891238514,638,736
639,305,1,891238668,638,302
639,990,1,891238689,638,960
639,323,1,891238876,638,319
639,423,2,891239030,638,419
639,1065,1,891239030,638,1035
639,285,1,891239131,638,282
639,215,1,891239271,638,212
639,660,2,891239271,638,647
639,237,1,891239296,638,234
639,179,1,891239324,638,176
639,664,2,891239324,638,651
639,471,2,891239349,638,462
639,1163,1,891239349,638,1124
639,356,2,891239380,638,352
639,953,2,891239407,638,926
639,549,2,891239427,638,539
639,865,1,891239427,638,842
639,173,1,891239492,638,170
639,517,2,891239492,638,508
639,202,2,891239581,638,199
639,381,2,891239581,638,377
639,580,2,891239581,638,570
639,662,2,891239581,638,649
639,51,2,891239613,638,50
639,111,2,891239613,638,108
639,727,2,891239613,638,713
639,731,2,891239613,638,717
639,512,2,891239759,638,503
639,584,2,891239790,638,574
639,1005,2,891239813,638,975
639,1195,2,891239838,638,1153
639,198,2,891239885,638,195
639,1121,2,891239885,638,1086
639,714,2,891239886,638,700
639,382,2,891239913,638,378
639,97,1,891240495,638,96
639,100,1,891240495,638,99
639,274,1,891240495,638,271
639,371,1,891240495,638,367
640,301,2,886353820,639,298
640,1054,1,886474010,639,1024
641,496,2,879370337,640,487
642,318,2,885602369,641,314
642,432,2,885602369,641,427
642,99,2,885602446,641,98
642,1503,2,885602446,641,1371
642,1126,1,885603495,641,1091
642,357,2,885603565,641,353
642,234,1,885603662,641,231
642,969,2,885603662,641,941
642,501,2,885603740,641,492
642,443,2,885603870,641,434
642,288,1,885604085,641,285
642,53,2,885604940,641,52
642,949,1,885605834,641,922
642,1037,2,885605866,641,1007
642,94,2,885605909,641,93
642,996,2,885605932,641,966
642,410,1,885605988,641,406
642,1425,2,885606024,641,1314
642,235,2,885606047,641,232
642,110,2,885606048,641,107
642,369,2,885606090,641,365
642,934,2,885606137,641,907
642,412,2,885606271,641,408
642,1095,2,885606271,641,1061
642,122,2,885606463,641,119
642,946,2,885606581,641,919
642,679,2,885606986,641,665
642,1181,2,885607143,641,1140
642,673,2,886130929,641,660
642,975,2,886130929,641,947
642,570,1,886131332,641,560
642,827,1,886131332,641,809
642,473,1,886131585,641,464
642,375,1,886131744,641,371
642,70,2,886132189,641,69
642,398,2,886454837,641,394
642,156,1,886454965,641,153
642,89,2,886455538,641,88
642,581,2,886569209,641,571
642,139,1,886569417,641,136
642,444,1,886569417,641,435
642,569,2,886569538,641,559
642,217,2,886569659,641,214
642,452,1,886569699,641,443
642,940,2,886569847,641,913
642,1480,1,886569922,641,1354
642,441,1,886569942,641,433
642,35,2,886570027,641,34
642,726,2,886570131,641,712
642,292,2,887663326,641,289
643,118,2,891445741,642,115
643,597,2,891446301,642,586
643,325,2,891446581,642,321
643,1074,2,891448630,642,1044
643,451,2,891449301,642,442
643,155,2,891449345,642,152
643,88,2,891449417,642,87
643,226,2,891449476,642,223
643,29,2,891449901,642,28
644,289,1,889076364,643,286
645,748,1,892052039,644,734
645,301,2,892052070,644,298
645,243,1,892052232,644,240
645,627,2,892055244,644,614
646,346,2,888528392,645,342
646,347,2,888528392,645,343
648,286,1,882210926,647,283
648,14,2,882211223,647,13
648,117,2,882211301,647,114
648,676,2,882211384,647,663
648,458,2,882211418,647,449
648,125,2,882211654,647,122
648,25,2,882211760,647,24
648,240,2,882211857,647,237
648,820,2,882212131,647,802
648,831,1,882212131,647,812
648,763,2,882212200,647,749
648,151,2,882212288,647,148
648,411,2,882212288,647,407
648,1028,2,882212288,647,998
648,1033,2,882212288,647,1003
648,1047,2,882212288,647,1017
648,1060,2,882212373,647,1030
648,225,1,882212527,647,222
648,687,1,882212527,647,673
648,122,1,882212609,647,119
648,413,2,882212609,647,409
648,931,2,882212609,647,904
648,663,1,882213502,647,650
648,475,1,884364250,647,466
648,1258,2,884366613,647,1207
648,368,2,884366748,647,364
648,756,2,884366939,647,742
648,456,2,884367180,647,447
648,840,1,884367180,647,821
648,1376,2,884367180,647,1281
648,412,1,884367318,647,408
648,112,2,884367366,647,109
648,743,1,884367366,647,729
648,180,1,884368643,647,177
648,1176,1,884628278,647,1135
648,357,2,884628534,647,353
648,69,1,884628564,647,68
648,904,2,884794555,647,880
648,9,1,884795447,647,8
648,15,1,884795447,647,14
648,713,2,884795447,647,699
648,758,2,884795447,647,744
648,924,1,884795447,647,897
648,203,1,884796571,647,200
648,507,1,884796598,647,498
648,215,2,884796689,647,212
648,514,2,884796822,647,505
648,414,1,884797033,647,410
648,56,1,884881592,647,55
648,70,2,884881592,647,69
648,4,1,884881646,647,3
648,49,2,884881679,647,48
648,33,1,884881722,647,32
648,428,2,884881754,647,423
648,47,2,884881807,647,46
648,17,2,884882078,647,16
648,728,2,884882078,647,714
648,410,2,884882375,647,406
648,862,1,884882441,647,839
648,780,1,884882501,647,765
648,1072,2,884882527,647,1042
648,1030,2,884882552,647,1000
648,997,1,884882636,647,967
648,1029,2,884882636,647,999
648,68,1,884882916,647,67
648,231,2,884882987,647,228
648,665,2,884882987,647,652
648,29,2,884883149,647,28
648,443,2,884883424,647,434
648,637,2,884883424,647,624
648,675,2,884883424,647,662
648,200,2,884883476,647,197
648,635,2,884883476,647,622
648,559,2,884883578,647,549
649,121,2,891440214,648,118
649,275,2,891440412,648,272
650,751,2,891369001,649,737
650,355,2,891369190,649,351
650,243,2,891369215,649,240
650,127,2,891369520,649,124
650,227,2,891369836,649,224
650,229,2,891370031,649,226
650,928,2,891370093,649,901
650,452,2,891370155,649,443
650,581,2,891370155,649,571
650,233,2,891370243,649,230
650,177,2,891371061,649,174
650,215,2,891371152,649,212
650,650,2,891372203,649,637
650,187,2,891381585,649,184
650,231,2,891381709,649,228
650,849,2,891381745,649,830
650,665,2,891381819,649,652
650,363,2,891382876,649,359
650,29,2,891382877,649,28
650,69,2,891382877,649,68
650,281,2,891382877,649,278
650,373,1,891382877,649,369
650,391,2,891382877,649,387
650,450,1,891382877,649,441
650,546,1,891382877,649,536
650,554,2,891382877,649,544
650,576,1,891382877,649,566
650,380,2,891383735,649,376
650,179,2,891383786,649,176
650,737,2,891383832,649,723
650,620,2,891383977,649,607
650,1135,2,891383977,649,1100
650,451,2,891384202,649,442
650,155,2,891384249,649,152
650,739,2,891384328,649,725
650,301,2,891385035,649,298
650,54,2,891385876,649,53
650,72,2,891386755,649,71
651,294,1,879348880,650,291
651,292,2,879348881,650,289
651,116,2,879348966,650,113
652,288,2,882566890,651,285
652,294,2,882566890,651,291
652,301,1,882566948,651,298
652,259,2,882567058,651,256
652,984,2,882567180,651,955
653,294,2,878853618,652,291
653,11,2,878854145,652,10
653,686,2,878854247,652,672
653,175,2,878854332,652,172
653,98,2,878854633,652,97
653,411,2,878854906,652,407
653,763,1,878854906,652,749
653,111,2,878854996,652,108
653,756,1,878854996,652,742
653,410,1,878855024,652,406
653,476,2,878855211,652,467
653,237,2,878855365,652,234
653,527,2,878855510,652,518
653,458,2,878866475,652,449
653,238,1,878866604,652,235
653,642,1,878866604,652,629
653,638,1,878866636,652,625
653,496,2,878866679,652,487
653,732,2,878866724,652,718
653,518,2,878866755,652,509
653,1101,2,878866755,652,1066
653,7,2,878866951,652,6
653,152,2,878866951,652,149
653,125,2,878866973,652,122
653,502,2,878866995,652,493
653,153,2,878867228,652,150
653,407,1,878867398,652,403
653,211,1,880149947,652,208
653,136,1,880149965,652,133
653,510,2,880150040,652,501
653,205,1,880150126,652,202
653,213,2,880150190,652,210
653,482,2,880150218,652,473
653,517,1,880150330,652,508
653,659,1,880150330,652,646
653,973,2,880150348,652,945
653,631,2,880150412,652,618
653,70,2,880151340,652,69
653,403,2,880151461,652,399
653,402,1,880151488,652,398
653,1042,2,880151488,652,1012
653,196,2,880151539,652,193
653,428,1,880151580,652,423
653,1046,1,880151580,652,1016
653,81,1,880151651,652,80
653,693,1,880151651,652,679
653,436,1,880151673,652,431
653,356,1,880151734,652,352
653,658,2,880151817,652,645
653,42,2,880151818,652,41
653,2,1,880151839,652,1
653,737,1,880151839,652,723
653,692,2,880151884,652,678
653,423,2,880152039,652,419
653,371,1,880152058,652,367
653,1065,1,880152085,652,1035
653,451,2,880152351,652,442
653,232,2,880152426,652,229
653,393,2,880152426,652,389
653,416,1,880152426,652,412
653,790,2,880152523,652,773
653,708,2,880152598,652,694
653,944,2,880152657,652,917
653,1135,2,880152759,652,1100
653,1136,2,880152759,652,1101
653,219,1,880152780,652,216
653,722,1,880152800,652,708
653,581,1,880152819,652,571
653,573,1,880152843,652,563
653,386,1,880152864,652,382
653,366,2,880152901,652,362
653,670,1,880152902,652,657
653,1028,2,880152902,652,998
653,576,1,880152955,652,566
653,696,1,880152989,652,682
653,578,1,880153009,652,568
653,802,2,880153040,652,785
653,941,1,880153040,652,914
653,63,2,880153077,652,62
653,755,2,880153077,652,741
653,1035,2,880153099,652,1005
653,139,2,880153123,652,136
653,967,2,880153123,652,939
653,765,1,880153207,652,751
653,1087,2,880153207,652,1054
653,546,2,880153253,652,536
653,1267,1,880153253,652,1215
653,53,2,880153304,652,52
653,1044,1,880153304,652,1014
653,444,1,880153329,652,435
653,1183,1,880153329,652,1141
653,1207,1,880153329,652,1165
653,1231,2,880153349,652,1187
653,142,2,880153378,652,139
653,862,2,880153378,652,839
653,1228,2,880153378,652,1185
653,409,2,880153406,652,405
653,563,1,880153406,652,553
653,571,1,880153406,652,561
653,575,1,880153406,652,565
653,679,2,880153406,652,665
653,167,2,880153429,652,164
653,1132,1,880153429,652,1097
653,779,1,880153467,652,764
653,94,2,880153494,652,93
653,572,2,880153522,652,562
653,585,2,880153522,652,575
653,728,2,880153568,652,714
653,823,2,880153568,652,805
653,1188,1,880153568,652,1146
653,395,1,880153674,652,391
653,1133,2,880153674,652,1098
653,145,2,880153705,652,142
653,388,2,880153705,652,384
653,1210,2,880153705,652,1168
653,1478,2,880153705,652,1352
653,797,2,880153841,652,780
653,1140,1,880153841,652,1105
653,215,2,880606619,652,212
653,425,2,880606619,652,420
653,506,2,880606619,652,497
653,185,2,880606620,652,182
653,381,2,880606620,652,377
653,447,2,880606620,652,438
653,654,2,880606620,652,641
653,771,2,880606620,652,757
653,780,2,880606620,652,765
653,472,1,880606675,652,463
653,471,2,884405560,652,462
653,1014,2,884405682,652,984
653,225,1,886052230,652,222
653,1620,2,886052291,652,1426
654,268,1,887863017,653,265
654,508,1,887863355,653,499
654,25,1,887863381,653,24
654,100,1,887863436,653,99
654,246,1,887863471,653,243
654,255,2,887863513,653,252
654,14,2,887863557,653,13
654,250,1,887863557,653,247
654,248,2,887863596,653,245
654,1283,1,887863779,653,1228
654,13,1,887863780,653,12
654,276,1,887863866,653,273
654,118,2,887863914,653,115
654,370,2,887863914,653,366
654,473,2,887863933,653,464
654,252,2,887864031,653,249
654,218,2,887864330,653,215
654,81,2,887864831,653,80
655,301,2,887424991,654,298
655,328,2,887425025,654,324
655,325,2,887425197,654,321
655,330,2,887425295,654,326
655,117,2,887426030,654,114
655,125,2,887426200,654,122
655,845,2,887426446,654,826
655,220,2,887426583,654,217
655,676,2,887426665,654,663
655,118,2,887426666,654,115
655,685,2,887426666,654,671
655,126,2,887426732,654,123
655,281,2,887426732,654,278
655,284,2,887426732,654,281
655,461,2,887427130,654,452
655,582,2,887427131,654,572
655,1101,2,887427243,654,1066
655,11,2,887427307,654,10
655,1136,2,887427568,654,1101
655,744,2,887427636,654,730
655,1267,2,887427840,654,1215
655,686,2,887427866,654,672
655,433,2,887428030,654,428
655,954,2,887428031,654,927
655,796,2,887428280,654,779
655,393,2,887428334,654,389
655,781,1,887428384,654,766
655,49,1,887428417,654,48
655,239,2,887428507,654,236
655,396,2,887428507,654,392
655,1061,2,887428623,654,1031
655,476,2,887428671,654,467
655,1560,2,887429136,654,1405
655,55,2,887429302,654,54
655,82,2,887429559,654,81
655,825,2,887429669,654,807
655,161,2,887429758,654,158
655,391,2,887429784,654,387
655,53,2,887429812,654,52
655,930,2,887429812,654,903
655,38,2,887429875,654,37
655,405,2,887429900,654,401
655,176,2,887429999,654,173
655,164,2,887430072,654,161
655,800,2,887430197,654,783
655,378,1,887430410,654,374
655,156,2,887430634,654,153
655,54,2,887430746,654,53
655,717,1,887430830,654,703
655,402,2,887431019,654,398
655,553,2,887431019,654,543
655,728,2,887431019,654,714
655,794,1,887431019,654,777
655,722,1,887431047,654,708
655,764,1,887431074,654,750
655,1173,2,887431157,654,1132
655,899,2,887433492,654,875
655,337,2,887433538,654,333
655,1278,2,887433780,654,1223
655,19,2,887472719,654,18
655,333,2,887472879,654,329
655,750,2,887472879,654,736
655,1514,2,887472879,654,1377
655,215,2,887472943,654,212
655,559,2,887472965,654,549
655,786,2,887472965,654,770
655,1069,1,887473535,654,1039
655,70,2,887474727,654,69
655,1029,1,887475032,654,999
655,1479,2,887475032,654,1353
655,726,2,887475055,654,712
655,1112,2,887475641,654,1077
655,945,2,887476008,654,918
655,729,2,887476031,654,715
655,116,2,887476999,654,113
655,581,2,887477000,654,571
655,974,2,887477025,654,946
655,702,2,887477262,654,688
655,690,2,887477489,654,676
655,65,2,887477511,654,64
655,1284,2,887477511,654,1229
655,578,2,887488694,654,568
655,1053,1,887489159,654,1023
655,574,2,887489222,654,564
655,1490,2,887489792,654,1361
655,1529,2,887489792,654,1388
655,785,2,887490946,654,769
655,880,2,887523271,654,857
655,1009,2,887523271,654,979
655,516,2,887523581,654,507
655,122,2,887523605,654,119
655,5,2,887523641,654,4
655,153,2,887523641,654,150
655,171,2,887523641,654,168
655,1042,2,887523641,654,1012
655,111,2,887523664,654,108
655,775,2,887523815,654,761
655,831,2,887564549,654,812
655,44,2,887564639,654,43
655,4,2,887611649,654,3
655,51,2,887611677,654,50
655,550,2,887611677,654,540
655,1554,2,887611677,654,1402
655,699,2,887650593,654,685
655,1067,2,887650593,654,1037
655,1,2,887650876,654,0
655,222,2,887650944,654,219
655,258,2,887650944,654,255
655,202,2,887651114,654,199
655,533,2,887651114,654,524
655,500,2,887651149,654,491
655,572,2,887651149,654,562
655,815,2,887651149,654,797
655,534,2,887693376,654,525
655,435,2,887860616,654,430
655,805,2,888474327,654,787
655,481,2,888474390,654,472
655,1426,2,888474390,654,1315
655,22,2,888474424,654,21
655,252,2,888474490,654,249
655,280,2,888474490,654,277
655,919,2,888474490,654,892
655,326,2,888474742,654,322
655,1238,2,888474843,654,1193
655,304,2,888475101,654,301
655,660,2,888475101,654,647
655,716,2,888475101,654,702
655,248,2,888685759,654,245
655,823,2,888685759,654,805
655,21,2,888685787,654,20
655,535,2,888685914,654,526
655,727,2,888685914,654,713
655,36,2,888685955,654,35
655,640,2,888685955,654,627
655,662,2,888686011,654,649
655,761,2,888686011,654,747
655,1628,2,888729735,654,1430
655,417,2,888771346,654,413
655,518,2,888813186,654,509
655,906,2,888813416,654,882
655,1085,2,888813416,654,1052
655,576,2,888893313,654,566
655,762,2,888984255,654,748
655,375,2,888984293,654,371
655,1071,2,888984293,654,1041
655,980,2,888984354,654,952
655,1273,2,888984386,654,1219
655,869,2,889282952,654,846
655,292,2,889293132,654,289
655,219,2,890497653,654,216
655,730,2,890497653,654,716
655,778,2,890497653,654,763
655,66,2,890887261,654,65
655,88,2,890887261,654,87
655,459,2,891408204,654,450
655,847,2,891585279,654,828
655,410,2,891585344,654,406
655,1142,2,891585344,654,1107
655,672,2,891585573,654,659
655,403,2,891585574,654,399
655,354,2,891667570,654,350
655,1106,2,891817472,654,1071
655,1214,2,891999461,654,1171
655,312,2,892011201,654,309
655,770,2,892011201,654,756
656,286,1,892318343,655,283
657,302,2,884237291,656,299
657,300,2,884237751,656,297
657,327,1,884238247,656,323
657,258,2,884238559,656,255
657,455,1,884239498,656,446
657,109,1,884239886,656,106
658,235,2,875145572,657,232
658,1079,2,875145572,657,1048
658,919,2,875145841,657,892
658,952,2,875145926,657,925
659,257,2,891044849,658,254
659,179,1,891384077,658,176
659,474,2,891384739,658,465
659,670,2,891385689,658,657
659,88,2,891385955,658,87
659,642,2,891386492,658,629
659,855,2,891386576,658,835
659,90,2,891386577,658,89
659,559,1,891386641,658,549
659,569,2,891386910,658,559
660,362,2,891197585,659,358
660,266,2,891197639,659,263
660,243,2,891197757,659,240
660,358,2,891197796,659,354
660,121,2,891197954,659,118
660,222,2,891198063,659,219
660,123,2,891198109,659,120
660,249,2,891198109,659,246
660,846,2,891198174,659,827
660,742,2,891198312,659,728
660,472,2,891198421,659,463
660,298,2,891198441,659,295
660,1615,2,891198441,659,1423
660,252,2,891198459,659,249
660,118,2,891198479,659,115
660,405,2,891198479,659,401
660,825,2,891198549,659,807
660,546,2,891198588,659,536
660,930,2,891198762,659,903
660,120,1,891198996,659,117
660,122,1,891198996,659,119
660,456,1,891198996,659,447
660,473,2,891198996,659,464
660,890,1,891198996,659,867
660,87,2,891199133,659,86
660,265,2,891199241,659,262
660,462,2,891199293,659,453
660,79,2,891199348,659,78
660,419,2,891199348,659,415
660,515,2,891199391,659,506
660,183,2,891199499,659,180
660,657,2,891199579,659,644
660,202,2,891199683,659,199
660,8,2,891199781,659,7
660,216,2,891199804,659,213
660,663,2,891199833,659,650
660,470,2,891199883,659,461
660,163,2,891199992,659,160
660,177,2,891200014,659,174
660,357,2,891200014,659,353
660,474,2,891200037,659,465
660,392,2,891200072,659,388
660,33,2,891200193,659,32
660,658,1,891200193,659,645
660,182,2,891200213,659,179
660,164,2,891200307,659,161
660,71,2,891200430,659,70
660,47,2,891200456,659,46
660,82,2,891200491,659,81
660,95,2,891200491,659,94
660,1181,1,891200594,659,1140
660,404,2,891200621,659,400
660,99,2,891200704,659,98
660,636,2,891200704,659,623
660,159,1,891200817,659,156
660,217,2,891200817,659,214
660,386,2,891200904,659,382
660,239,2,891200989,659,236
660,755,2,891201026,659,741
660,1065,2,891201049,659,1035
660,1183,1,891201049,659,1141
660,559,2,891201069,659,549
660,679,2,891201069,659,665
660,1035,2,891201116,659,1005
660,2,2,891201151,659,1
660,227,2,891201172,659,224
660,161,1,891201223,659,158
660,640,1,891201223,659,627
660,62,2,891201243,659,61
660,1411,2,891201294,659,1308
660,90,2,891201346,659,89
660,1074,1,891201399,659,1044
660,1133,2,891201419,659,1098
660,569,2,891201499,659,559
660,1078,2,891201521,659,1047
660,393,2,891201541,659,389
660,550,2,891201541,659,540
660,167,2,891201565,659,164
660,809,2,891201565,659,791
660,380,2,891201587,659,376
660,926,2,891201587,659,899
660,40,2,891201674,659,39
660,800,2,891201675,659,783
660,1135,2,891201675,659,1100
660,946,2,891201696,659,919
660,797,2,891201753,659,780
660,80,1,891201796,659,79
660,63,2,891201823,659,62
660,84,2,891201823,659,83
660,391,2,891201823,659,387
660,1110,2,891201823,659,1075
660,38,2,891201842,659,37
660,67,1,891201859,659,66
660,94,2,891201887,659,93
660,542,2,891201887,659,533
660,739,2,891201925,659,725
660,444,2,891201948,659,435
660,1139,2,891201966,659,1104
660,771,2,891201984,659,757
660,145,2,891202022,659,142
660,1419,1,891202022,659,1312
660,139,2,891202060,659,136
660,17,1,891265453,659,16
660,41,1,891265453,659,40
660,56,1,891265453,659,55
660,722,1,891265453,659,708
660,786,1,891265453,659,770
660,996,1,891265453,659,966
660,1178,1,891265453,659,1137
660,29,2,891357371,659,28
660,231,2,891357371,659,228
660,254,1,891357371,659,251
660,680,2,891405088,659,666
660,3,1,891405958,659,2
660,366,1,891405958,659,362
660,219,1,891406212,659,216
660,229,2,891406212,659,226
661,145,1,876035968,660,142
661,219,2,876035968,660,216
661,762,2,876037121,660,748
661,121,2,876037619,660,118
661,304,2,886829961,660,301
661,175,2,888299899,660,172
661,652,2,888300680,660,639
662,291,2,880570487,661,288
662,1380,2,880570952,661,1284
663,299,2,889491739,662,296
663,259,2,889491861,662,256
663,260,2,889491861,662,257
663,289,1,889491861,662,286
663,351,2,889491919,662,347
663,324,2,889492019,662,320
663,748,2,889492019,662,734
663,678,2,889492140,662,664
663,319,1,889492229,662,315
663,323,2,889492230,662,319
663,9,2,889492435,662,8
663,1059,2,889492614,662,1029
663,455,2,889492679,662,446
663,1017,2,889492679,662,987
663,108,2,889492796,662,105
663,827,2,889492796,662,809
663,844,2,889492841,662,825
663,235,2,889492917,662,232
663,363,2,889492990,662,359
664,326,2,876523225,663,322
664,678,2,876523288,663,664
664,531,2,876523833,663,522
664,22,2,876524731,663,21
664,237,2,876525002,663,234
664,582,1,876525044,663,572
664,717,1,876526555,663,703
664,431,2,876526631,663,426
664,449,2,876526718,663,440
664,1090,1,876526739,663,1057
664,627,1,878090125,663,614
664,845,2,878090381,663,826
664,73,2,878090764,663,72
665,346,2,884289897,664,342
665,294,2,884289922,664,291
665,271,2,884290055,664,268
665,687,2,884290143,664,673
665,121,2,884290480,664,118
665,685,2,884290515,664,671
665,508,2,884290751,664,499
665,546,2,884291376,664,536
665,1047,1,884291376,664,1017
665,1132,2,884291662,664,1097
665,105,2,884291810,664,102
665,566,2,884293741,664,556
665,33,2,884293873,664,32
665,1225,2,884294286,664,1182
665,97,2,884294329,664,96
665,631,2,884294459,664,618
665,215,2,884294880,664,212
666,210,2,880139493,665,207
666,181,2,880139563,665,178
666,186,2,880139587,665,183
666,410,2,880313447,665,406
666,151,2,880313582,665,148
666,866,2,880313582,665,843
666,924,2,880313582,665,897
666,591,2,880313604,665,581
666,405,2,880313662,665,401
666,122,2,880313723,665,119
666,370,2,880313811,665,366
666,831,2,880313841,665,812
666,106,2,880313992,665,103
666,143,2,880568064,665,140
666,5,2,880568465,665,4
667,301,1,891034513,666,298
667,234,2,891034730,666,231
668,258,2,881523929,667,255
668,289,2,881523929,667,286
668,231,2,881605433,667,228
668,69,1,881702566,667,68
668,97,2,881702632,667,96
668,252,2,881702925,667,249
669,348,1,891182572,668,344
669,258,2,891182622,668,255
669,354,1,891182622,668,350
669,326,1,891182678,668,322
669,879,2,891182703,668,856
669,329,1,891182771,668,325
669,323,1,891182792,668,319
669,355,2,891182792,668,351
669,898,1,891182812,668,874
669,271,2,891182948,668,268
669,902,2,891182948,668,878
669,96,2,891260392,668,95
669,79,2,891260474,668,78
669,56,2,891260497,668,55
669,195,2,891260542,668,192
669,117,1,891260577,668,114
669,208,2,891517215,668,205
669,290,2,892549820,668,287
669,118,2,892549838,668,115
669,235,2,892549865,668,232
669,252,2,892549865,668,249
670,949,2,877974465,669,922
670,515,2,877974699,669,506
670,969,2,877975070,669,941
670,650,2,877975200,669,637
670,161,2,877975392,669,158
670,175,2,877975448,669,172
671,327,1,875387273,670,323
671,841,2,875388720,670,822
671,56,1,883546120,670,55
671,79,2,883546120,670,78
671,176,2,883546120,670,173
671,31,2,883546333,670,30
671,222,1,883546333,670,219
671,431,2,883546677,670,426
671,1109,2,883546677,670,1074
671,770,2,883547351,670,756
671,5,2,883949781,670,4
671,1491,1,884034132,670,1362
671,581,2,884035173,670,571
671,986,2,884035173,670,957
671,526,2,884035406,670,517
671,1597,1,884035892,670,1413
671,147,1,884035992,670,144
671,188,2,884035992,670,185
671,810,2,884036050,670,792
672,220,2,879787729,671,217
672,280,2,879787729,671,277
672,237,2,879787811,671,234
673,258,2,888786969,672,255
673,268,1,888786997,672,265
673,323,2,888787508,672,319
675,312,2,889488624,674,309
675,321,2,889488708,674,317
675,891,2,889488779,674,868
676,269,2,892685224,675,266
676,258,2,892685370,675,255
676,288,1,892685437,675,285
676,895,1,892685562,675,872
676,326,2,892685592,675,322
676,345,2,892685621,675,341
676,1527,1,892685657,675,1387
676,688,1,892685695,675,674
676,682,1,892685716,675,668
676,1234,1,892685775,675,1190
676,687,1,892685803,675,673
676,948,1,892685803,675,921
676,352,1,892685875,675,348
676,890,1,892685900,675,867
676,9,2,892686134,675,8
676,508,1,892686134,675,499
676,295,1,892686220,675,292
676,13,1,892686319,675,12
677,286,1,889399113,676,283
677,289,1,889399113,676,286
677,351,2,889399113,676,347
677,457,1,889399113,676,448
677,14,1,889399265,676,13
677,126,1,889399265,676,123
677,740,1,889399265,676,726
677,290,1,889399295,676,287
677,109,1,889399327,676,106
677,980,2,889399470,676,952
678,924,2,879544397,677,897
678,275,2,879544450,677,272
678,25,2,879544915,677,24
678,1129,1,879544915,677,1094
679,294,1,884312763,678,291
679,8,2,884486856,678,7
679,153,2,884486904,678,150
679,143,2,884487135,678,140
679,290,2,884487715,678,287
680,1089,2,877075214,679,1056
681,270,1,885409370,680,267
681,258,1,885409516,680,255
681,894,1,885409742,680,871
681,288,1,885409810,680,285
681,682,1,885409810,680,668
681,259,2,885409882,680,256
682,678,1,888516814,681,664
682,243,1,888516865,681,240
682,323,2,888516865,681,319
682,948,2,888516865,681,921
682,223,1,888517011,681,220
682,124,2,888517097,681,121
682,509,2,888517235,681,500
682,942,2,888517324,681,915
682,291,1,888517364,681,288
682,1440,2,888517538,681,1324
682,583,2,888517587,681,573
682,582,1,888517816,681,572
682,556,2,888517840,681,546
682,47,1,888517870,681,46
682,660,2,888517870,681,647
682,1107,2,888517896,681,1072
682,1232,2,888517896,681,1188
682,570,2,888517948,681,560
682,581,2,888517948,681,571
682,1135,2,888518035,681,1100
682,723,1,888518063,681,709
682,1084,2,888518164,681,1051
682,86,2,888518206,681,85
682,362,2,888518251,681,358
682,300,2,888518320,681,297
682,346,2,888518320,681,342
682,339,2,888518364,681,335
682,352,1,888518424,681,348
682,683,2,888518503,681,669
682,263,1,888518541,681,260
682,890,2,888518564,681,867
682,257,2,888518704,681,254
682,1016,2,888518747,681,986
682,254,2,888518871,681,251
682,687,2,888518871,681,673
682,991,2,888518871,681,961
682,1089,2,888518871,681,1056
682,558,1,888519276,681,548
682,53,2,888519519,681,52
682,659,1,888520638,681,646
682,233,2,888520864,681,230
682,802,2,888521047,681,785
682,1090,2,888521047,681,1057
682,540,2,888521291,681,531
682,783,2,888521291,681,768
682,80,1,888521803,681,79
682,235,1,888521833,681,232
682,781,2,888521833,681,766
682,1178,1,888521866,681,1137
682,412,1,888521907,681,408
682,824,1,888521907,681,806
682,940,2,888521907,681,913
682,386,2,888521942,681,382
682,756,2,888521942,681,742
682,999,2,888521942,681,969
682,775,1,888521981,681,761
682,719,2,888521982,681,705
682,932,1,888522017,681,905
682,862,1,888522021,681,839
682,384,2,888522073,681,380
682,716,2,888522074,681,702
682,476,1,888522100,681,467
682,167,2,888522101,681,164
682,866,2,888522101,681,843
682,290,1,888522217,681,287
682,158,2,888522260,681,155
682,401,1,888522260,681,397
682,833,1,888522260,681,814
682,405,2,888522456,681,401
682,550,2,888522541,681,540
682,231,1,888522612,681,228
682,363,2,888522612,681,359
682,1231,2,888522612,681,1187
682,797,2,888522613,681,780
682,823,2,888522613,681,805
682,29,2,888522699,681,28
682,597,1,888522699,681,586
682,849,2,888522699,681,830
682,1228,1,888522699,681,1185
682,1303,2,888522699,681,1245
682,562,2,888522700,681,552
682,586,1,888522700,681,576
682,809,2,888522755,681,791
682,219,2,888522857,681,216
682,447,2,888522857,681,438
682,672,2,888522894,681,659
682,769,2,888522951,681,755
682,551,2,888522977,681,541
682,542,2,888523227,681,533
682,147,1,888523619,681,144
683,313,2,893282664,682,310
683,900,1,893282740,682,876
683,286,2,893282977,682,283
683,915,2,893282977,682,888
683,914,2,893283104,682,887
683,245,2,893283728,682,242
683,301,2,893283728,682,298
683,328,2,893283728,682,324
683,331,2,893283728,682,327
683,322,2,893283903,682,318
683,358,2,893283948,682,354
683,678,1,893283948,682,664
683,264,2,893283997,682,261
683,682,1,893284032,682,668
683,895,2,893284138,682,872
683,350,2,893284184,682,346
683,325,2,893286346,682,321
684,217,2,875811965,683,214
684,147,2,878232961,683,144
684,218,1,878232961,683,215
684,763,2,878232961,683,749
684,924,2,878232961,683,897
684,371,2,878576866,683,367
684,274,2,878759884,683,271
684,716,2,878761751,683,702
684,381,2,878762033,683,377
686,542,1,879546443,684,533
686,97,2,879546847,684,96
687,324,2,884651648,685,320
687,323,2,884651894,685,319
687,336,2,884652144,685,332
688,336,2,884153728,686,332
689,879,2,876674692,687,856
689,410,1,876676293,687,406
689,295,1,876676334,687,292
689,13,1,876676397,687,12
690,73,2,881177271,688,72
690,202,2,881177349,688,199
690,85,1,881177430,688,84
690,514,1,881177430,688,505
690,629,1,881177459,688,616
690,1118,1,881177459,688,1083
690,428,1,881177506,688,423
690,239,2,881177532,688,236
690,746,2,881177532,688,732
690,72,2,881177553,688,71
690,167,2,881177662,688,164
690,781,2,881177662,688,766
690,1185,1,881177778,688,1143
690,396,2,881177861,688,392
690,585,2,881177970,688,575
690,47,1,881179469,688,46
690,90,1,881179469,688,89
690,120,1,881179469,688,117
690,240,1,881179469,688,237
690,716,1,881179469,688,702
690,89,2,881179505,688,88
690,705,1,881179505,688,691
690,70,2,881179584,688,69
690,431,2,881179856,688,426
690,53,2,881180005,688,52
691,243,1,875542944,689,240
691,672,1,875543153,689,659
691,8,2,875543346,689,7
692,66,2,876953130,690,65
692,168,2,876953204,690,165
692,1012,1,876953553,690,982
692,1047,2,876953616,690,1017
692,756,2,876953681,690,742
693,300,2,875481397,691,297
693,191,2,875482136,691,188
693,28,2,875482280,691,27
693,942,2,875482396,691,915
693,508,2,875482447,691,499
693,192,2,875482477,691,189
693,582,2,875482477,691,572
693,222,2,875482524,691,219
693,196,2,875482548,691,193
693,664,2,875482689,691,651
693,77,2,875482860,691,76
693,1311,1,875482939,691,1249
693,403,2,875483049,691,399
693,1145,2,875483049,691,1110
693,1232,2,875483114,691,1188
693,130,1,875483144,691,127
693,649,2,875483169,691,636
693,546,1,875483234,691,536
693,176,2,875483268,691,173
693,183,2,875483301,691,180
693,234,2,875483330,691,231
693,230,2,875483381,691,227
693,449,2,875483407,691,440
693,229,2,875483435,691,226
693,566,2,875483473,691,556
693,636,1,875483473,691,623
693,121,2,875483564,691,118
693,118,2,875483597,691,115
693,443,2,875483741,691,434
693,188,2,875483847,691,185
693,228,2,875483947,691,225
693,572,2,875484148,691,562
693,576,2,875484148,691,566
693,419,2,875484501,691,415
693,528,1,875484613,691,519
693,211,2,875484789,691,208
693,186,2,875484882,691,183
693,506,2,875484932,691,497
693,520,2,875485037,691,511
693,288,2,883975203,691,285
693,378,2,883975537,691,374
693,855,2,883975636,691,835
695,300,1,888805767,693,297
695,313,2,888805836,693,310
695,895,1,888805864,693,872
695,333,2,888805952,693,329
695,682,1,888805952,693,668
695,324,2,888805981,693,320
695,289,2,888806150,693,286
696,347,1,886403578,694,343
696,689,1,886404208,694,675
696,748,1,886404268,694,734
697,288,2,882621431,695,285
697,682,2,882621523,695,668
697,881,2,882621523,695,858
697,1022,1,882621523,695,992
697,1025,2,882621523,695,995
697,895,2,882621548,695,872
697,263,1,882621714,695,260
697,339,2,882621714,695,335
697,683,1,882621813,695,669
697,989,2,882621813,695,959
697,252,1,882621940,695,249
697,254,2,882621958,695,251
697,975,1,882622044,695,947
697,1059,2,882622208,695,1029
697,1245,1,882622526,695,1200
698,988,1,886365802,696,958
698,513,2,886366558,696,504
698,526,2,886366611,696,517
698,423,2,886366731,696,419
698,204,2,886366770,696,201
698,606,2,886366770,696,593
698,707,2,886366814,696,693
698,28,2,886366916,696,27
698,187,2,886366916,696,184
698,663,1,886366955,696,650
698,427,1,886367013,696,422
698,199,2,886367065,696,196
698,211,2,886367066,696,208
698,480,2,886367100,696,471
698,945,2,886367100,696,918
698,656,1,886367133,696,643
698,177,1,886367366,696,174
698,421,2,886367366,696,417
698,191,2,886367406,696,188
698,482,2,886367406,696,473
698,662,2,886367406,696,649
698,1063,2,886367406,696,1033
698,198,2,886367442,696,195
699,9,2,878882133,697,8
699,7,2,878882272,697,6
699,15,1,878882511,697,14
699,717,1,878882511,697,703
699,482,2,878883038,697,473
699,523,2,878883038,697,514
699,211,1,878883113,697,208
699,977,2,879147550,697,949
699,243,2,879147597,697,240
699,748,2,879382698,697,734
699,591,2,880696196,697,581
699,930,2,880696344,697,903
699,820,2,880696597,697,802
699,1028,2,880696678,697,998
699,456,1,880696679,697,447
699,147,2,883279472,697,144
699,831,2,884152570,697,812
699,328,2,885775345,697,324
699,220,2,885775430,697,217
699,619,2,887503290,697,606
702,288,1,885767306,700,285
702,346,1,885767306,700,342
702,307,2,885767336,700,304
702,350,1,885767336,700,346
702,690,1,885767392,700,676
702,1127,2,885767414,700,1092
702,352,1,885767435,700,348
702,271,1,885767534,700,268
702,895,1,885767534,700,872
702,294,1,885767555,700,291
702,748,2,885767556,700,734
702,683,1,885767576,700,669
702,289,2,885767604,700,286
702,879,1,885767604,700,856
702,343,2,885767629,700,339
702,687,1,885767629,700,673
702,688,1,885767629,700,674
702,450,1,885767775,700,441
703,294,2,875242281,701,291
703,323,2,875242281,701,319
703,259,1,875242336,701,256
703,9,2,875242814,701,8
703,235,1,875242885,701,232
703,764,2,875242885,701,750
703,819,2,875242912,701,801
703,864,2,875242912,701,841
704,304,2,891396595,702,301
704,300,2,891396674,702,297
704,322,2,891396881,702,318
704,259,2,891396904,702,256
704,172,2,891397058,702,169
704,22,2,891397441,702,21
704,606,2,891397441,702,593
704,639,2,891397667,702,626
704,152,2,891397819,702,149
704,214,2,891398702,702,211
705,363,2,883427530,703,359
705,252,1,883427552,703,249
705,173,2,883427640,703,170
705,843,2,883427796,703,824
705,862,1,883427875,703,839
705,423,2,883427904,703,419
705,142,2,883427932,703,139
705,560,2,883427951,703,550
705,183,2,883427988,703,180
705,550,2,883428058,703,540
705,89,2,883428083,703,88
705,195,2,883428083,703,192
705,554,2,883428201,703,544
705,1228,2,883428258,703,1185
706,325,1,880996945,704,321
706,333,1,880996945,704,329
706,682,2,880996945,704,668
706,687,1,880996945,704,673
706,100,1,880997211,704,99
706,742,2,880997324,704,728
707,1176,2,879438910,705,1135
707,294,2,879438988,705,291
707,1142,1,880059921,705,1107
707,220,2,880060549,705,217
707,815,2,880060609,705,797
707,866,2,880060974,705,843
707,950,2,880061287,705,923
707,309,2,880684605,705,306
707,490,2,886285792,705,481
707,962,2,886285792,705,934
707,199,2,886285824,705,196
707,641,1,886285907,705,628
707,163,2,886285939,705,160
707,135,2,886286032,705,132
707,174,2,886286133,705,171
707,172,2,886286134,705,169
707,504,1,886286246,705,495
707,487,2,886286360,705,478
707,173,2,886286380,705,170
707,81,2,886286491,705,80
707,200,2,886286491,705,197
707,506,2,886286742,705,497
707,492,2,886286818,705,483
707,716,2,886287051,705,702
707,140,2,886287191,705,137
707,133,2,886287268,705,130
707,526,1,886287405,705,517
707,640,2,886287471,705,627
707,614,2,886287876,705,601
707,739,2,886287919,705,725
707,1113,2,886287990,705,1078
707,167,2,886288133,705,164
707,1545,2,886288189,705,1399
707,449,2,886288688,705,440
707,313,2,886288754,705,310
707,869,1,886289521,705,846
707,1397,1,886289521,705,1296
707,880,2,887860711,705,857
708,9,1,877325135,706,8
708,21,1,877325316,706,20
708,473,1,877325656,706,464
708,1047,2,877325726,706,1017
708,535,2,877325838,706,526
708,276,2,877325905,706,273
708,112,1,877325934,706,109
708,1040,2,877326037,706,1010
708,756,2,877326062,706,742
708,1049,2,877326086,706,1019
708,412,1,877326159,706,408
708,1028,2,877326217,706,998
708,597,2,877326345,706,586
708,362,1,892718575,706,358
708,352,1,892718596,706,348
708,538,2,892718762,706,529
708,271,1,892718796,706,268
708,1280,1,892718819,706,1225
708,887,2,892718820,706,864
708,336,2,892718846,706,332
708,299,1,892718964,706,296
708,358,2,892719007,706,354
708,678,2,892719007,706,664
708,687,2,892719062,706,673
708,871,1,892719101,706,848
708,225,2,892719172,706,222
708,846,2,892719269,706,827
709,129,2,879846332,707,126
709,65,2,879846868,707,64
709,214,1,879846922,707,211
709,447,2,879848167,707,438
709,413,2,879848209,707,409
709,672,2,879848239,707,659
709,567,2,879848272,707,557
709,564,1,879848318,707,554
709,816,2,879848318,707,798
709,227,2,879848551,707,224
709,230,2,879848551,707,227
709,229,2,879848645,707,226
709,825,2,879848744,707,807
710,258,2,882063224,708,255
710,334,2,882063327,708,330
710,264,2,882063564,708,261
710,335,1,882063564,708,331
710,887,2,882063612,708,864
710,282,2,882063921,708,279
711,111,2,876185574,709,108
711,121,1,876185726,709,118
711,763,1,876185767,709,749
711,250,2,876185855,709,247
711,288,1,879991364,709,285
711,240,1,879991425,709,237
711,1289,2,879991458,709,1233
711,472,1,879991585,709,463
711,1152,1,879991762,709,1115
711,829,2,879992018,709,811
711,120,2,879992038,709,117
711,254,2,879992038,709,251
711,955,1,879992739,709,928
711,144,2,879993871,709,141
711,265,2,879994536,709,262
711,1446,2,879994608,709,1329
711,167,2,879995146,709,164
711,566,2,879995259,709,556
711,94,2,879995728,709,93
711,542,1,879995754,709,533
711,219,2,879995792,709,216
712,510,2,874729749,710,501
712,42,1,874729935,710,41
712,234,2,874729935,710,231
712,177,2,874730155,710,174
712,59,2,874730420,710,58
712,136,1,874730443,710,133
712,60,1,874730520,710,59
712,168,2,874956357,710,165
712,178,2,874956357,710,175
712,26,2,874957053,710,25
712,955,2,874957293,710,928
713,300,2,888881939,711,297
713,362,1,888882040,711,358
713,327,2,888882085,711,323
713,1656,2,888882085,711,1442
714,100,1,892775786,712,99
714,255,2,892777140,712,252
714,276,2,892777242,712,273
714,477,2,892777408,712,468
714,1152,2,892777651,712,1115
714,472,2,892777730,712,463
715,100,2,875961816,713,99
715,252,1,875962049,713,249
715,106,2,875962140,713,103
715,235,2,875962140,713,232
715,756,2,875962280,713,742
715,976,1,875962339,713,948
715,118,2,875962395,713,115
715,1088,1,875962454,713,1055
715,826,2,875962652,713,808
715,977,2,875962718,713,949
715,254,1,875962762,713,251
715,1215,1,875962762,713,1172
715,412,2,875962783,713,408
715,250,2,875962806,713,247
715,743,2,875962806,713,729
715,433,2,875963082,713,428
715,399,2,875963418,713,395
715,217,2,875963452,713,214
715,697,2,875963566,713,683
715,145,2,875963657,713,142
715,944,2,875963755,713,917
715,629,2,875963921,713,616
715,53,1,875963946,713,52
715,1217,2,875963998,713,1174
715,941,2,875964072,713,914
715,135,2,875964203,713,132
715,564,2,875964300,713,554
715,576,2,875964468,713,566
715,376,2,875964545,713,372
715,40,1,875964681,713,39
715,739,2,875964681,713,725
715,755,2,875964704,713,741
715,1188,2,875964843,713,1146
716,260,1,879793001,714,257
716,13,2,879793376,714,12
716,118,2,879793763,714,115
716,546,1,879794094,714,536
716,235,2,879794154,714,232
716,108,2,879794290,714,105
716,826,2,879794410,714,808
716,105,2,879794450,714,102
716,696,2,879794615,714,682
716,122,2,879794727,714,119
716,412,2,879794727,714,408
716,177,2,879794935,714,174
716,96,2,879795122,714,95
716,1203,2,879795239,714,1161
716,1286,2,879795239,714,1231
716,471,2,879795375,714,462
716,729,2,879795375,714,715
716,195,1,879795425,714,192
716,144,2,879795467,714,141
716,175,2,879795644,714,172
716,385,1,879796011,714,381
716,4,2,879796046,714,3
716,183,2,879796279,714,180
716,636,2,879796651,714,623
716,946,2,879796718,714,919
716,675,2,879796766,714,662
716,559,2,879796846,714,549
716,392,2,879796895,714,388
716,102,2,879797256,714,101
716,160,2,879797303,714,157
717,288,1,884641717,715,285
717,271,2,884641842,715,268
717,260,1,884641911,715,257
717,358,2,884642001,715,354
717,890,1,884642001,715,867
717,24,2,884642297,715,23
717,455,2,884642479,715,446
717,825,2,884642558,715,807
717,121,2,884642762,715,118
717,975,2,884642843,715,947
717,240,2,884642868,715,237
717,826,2,884642868,715,808
717,866,1,884642932,715,843
717,130,2,884642958,715,127
718,879,2,883348355,716,856
718,926,2,883348912,716,899
718,975,2,883349301,716,947
718,1048,2,883349363,716,1018
719,294,2,877311109,717,291
719,289,2,877311150,717,286
719,7,2,877311269,717,6
719,237,2,877917981,717,234
719,890,1,879358395,717,867
719,50,2,879358671,717,49
719,118,2,879360001,717,115
719,254,1,879360298,717,251
719,87,2,879360617,717,86
719,509,2,879360933,717,500
719,214,2,879360965,717,211
719,382,2,879360965,717,378
719,121,1,879372253,717,118
719,240,1,879372631,717,237
719,456,1,879373729,717,447
720,345,2,891262762,718,341
721,264,1,877135806,719,261
721,334,1,877136831,719,330
721,327,2,877136967,719,323
721,948,1,877137109,719,921
721,358,1,877137214,719,354
721,81,2,877139301,719,80
721,809,1,877139384,719,791
721,65,1,877140221,719,64
721,518,2,877140221,719,509
721,655,2,877140490,719,642
721,58,2,877140781,719,57
721,581,2,877141373,719,571
721,162,2,877147503,719,159
721,715,2,877147726,719,701
722,294,2,891280219,720,291
723,289,2,880498816,721,286
724,308,1,883757170,722,305
724,750,2,883757170,722,736
724,1234,1,883757170,722,1190
724,343,1,883757259,722,339
724,352,1,883757259,722,348
724,879,1,883757259,722,856
724,751,2,883757397,722,737
724,1176,1,883757397,722,1135
724,344,1,883757468,722,340
724,690,1,883757468,722,676
724,906,1,883757468,722,882
724,1591,1,883757468,722,1409
724,349,2,883757537,722,345
724,538,2,883757537,722,529
724,872,1,883757537,722,849
724,1105,1,883757537,722,1070
724,311,1,883757597,722,308
724,995,1,883757597,722,965
724,1434,1,883757597,722,1320
724,289,1,883757703,722,286
724,346,1,883757703,722,342
724,682,1,883757703,722,668
724,1617,1,883757703,722,1425
724,259,2,883757726,722,256
725,321,2,876103700,723,317
725,264,1,876103811,723,261
726,898,2,889829235,724,874
726,763,2,889831115,724,749
726,1038,2,889832053,724,1008
726,255,2,889832297,724,252
726,248,2,889832422,724,245
726,249,1,889832422,724,246
726,1028,2,889832592,724,998
726,1014,1,889832744,724,984
727,1025,2,883708149,725,995
727,260,1,883708265,725,257
727,358,2,883708462,725,354
727,890,1,883708478,725,867
727,539,2,883708523,725,530
727,257,2,883708806,725,254
727,100,2,883708830,725,99
727,7,2,883708927,725,6
727,249,2,883708927,725,246
727,283,2,883709009,725,280
727,933,1,883709009,725,906
727,109,2,883709266,725,106
727,258,2,883709325,725,255
727,278,2,883709325,725,275
727,472,2,883709374,725,463
727,148,2,883709438,725,145
727,252,2,883709438,725,249
727,820,2,883709539,725,802
727,546,2,883709607,725,536
727,410,2,883709710,725,406
727,413,2,883709710,725,409
727,1049,1,883709711,725,1019
727,1047,2,883709750,725,1017
727,122,2,883709802,725,119
727,105,1,883709884,725,102
727,840,2,883709884,725,821
727,1088,2,883709884,725,1055
727,1615,1,883709884,725,1423
727,369,2,883709948,725,365
727,977,2,883709948,725,949
727,553,2,883710186,725,543
727,419,2,883710236,725,415
727,132,2,883710271,725,129
727,92,2,883710806,725,91
727,238,2,883710910,725,235
727,507,2,883710948,725,498
727,17,1,883711011,725,16
727,135,2,883711069,725,132
727,432,2,883711298,725,427
727,229,2,883711476,725,226
727,790,2,883711616,725,773
727,131,2,883711699,725,128
727,234,2,883711699,725,231
727,729,2,883711720,725,715
727,101,2,883711771,725,100
727,1185,1,883711847,725,1143
727,941,2,883711874,725,914
727,441,2,883711924,725,433
727,159,2,883712016,725,156
727,1028,2,883712016,725,998
727,720,2,883712037,725,706
727,1042,2,883712068,725,1012
727,465,2,883712159,725,456
727,371,2,883712193,725,367
727,808,2,883712245,725,790
727,1035,2,883712245,725,1005
727,559,2,883712282,725,549
727,1206,2,883712315,725,1164
727,65,2,883712343,725,64
727,747,2,883712519,725,733
727,1188,2,883712632,725,1146
727,810,2,883712652,725,792
727,779,2,883712717,725,764
727,552,2,883712751,725,542
727,39,2,883712780,725,38
727,397,2,883712780,725,393
727,765,2,883712780,725,751
727,802,2,883712780,725,785
727,384,2,883712804,725,380
727,379,2,883712805,725,375
727,386,2,883712805,725,382
727,755,2,883712828,725,741
727,53,1,883712851,725,52
727,444,2,883712851,725,435
727,38,1,883712993,725,37
727,542,2,883712993,725,533
727,722,2,883712993,725,708
727,570,2,883713194,725,560
727,801,2,883713194,725,784
727,585,2,883713257,725,575
727,569,2,883713286,725,559
727,616,2,883713348,725,603
727,849,2,883713348,725,830
727,567,2,883713388,725,557
727,760,1,883713388,725,746
727,167,2,883713419,725,164
727,635,2,883713419,725,622
727,1411,2,883713419,725,1308
727,63,2,883713454,725,62
728,243,2,879442892,726,240
728,546,2,879443155,726,536
728,871,2,879443321,726,848
729,690,2,893286149,727,676
729,346,1,893286168,727,342
729,288,2,893286261,727,285
729,294,2,893286338,727,291
729,338,1,893286373,727,334
729,901,1,893286491,727,877
729,683,2,893286511,727,669
729,894,1,893286511,727,871
730,327,2,880309964,728,323
730,873,2,880310035,728,850
730,328,2,880310201,728,324
730,875,2,880310201,728,852
730,301,1,880310202,728,298
730,322,1,880310202,728,318
730,273,2,880310324,728,270
730,410,1,880310440,728,406
730,181,2,880310465,728,178
730,535,2,880310506,728,526
731,56,2,886179161,729,55
731,1,2,886184421,729,0
731,591,1,886184577,729,581
731,8,2,886184681,729,7
731,845,2,886184681,729,826
731,521,1,886184682,729,512
731,133,1,886184852,729,130
731,168,1,886185744,729,165
731,183,1,886185744,729,180
731,195,1,886185851,729,192
731,510,1,886186091,729,501
731,1086,1,886186091,729,1053
731,1087,1,886186091,729,1054
731,613,2,886186568,729,600
731,140,2,886186811,729,137
731,320,1,886186811,729,316
731,434,1,886186811,729,429
731,508,1,886186811,729,499
731,1275,1,886186940,729,1220
733,1,2,879535129,731,0
733,284,2,879535129,731,281
733,458,2,879535129,731,449
733,296,2,879535265,731,293
733,129,2,879535299,731,126
733,544,1,879535407,731,535
733,150,2,879535440,731,147
733,250,1,879535502,731,247
733,298,2,879535502,731,295
733,1163,2,879535603,731,1124
733,288,2,879535694,731,285
733,933,1,879535752,731,906
733,117,2,879535779,731,114
733,125,2,879535814,731,122
733,1173,2,879535814,731,1132
733,846,2,879535848,731,827
733,244,2,879535886,731,241
733,126,2,879535938,731,123
733,147,1,879535938,731,144
733,279,2,879535968,731,276
733,294,2,879536001,731,291
733,277,1,879536523,731,274
733,322,2,879536523,731,318
734,582,2,891022684,732,572
734,198,1,891022734,732,195
734,56,1,891022752,732,55
734,230,2,891022803,732,227
734,222,1,891022849,732,219
734,144,2,891023019,732,141
734,821,2,891023086,732,803
734,482,2,891025591,732,473
734,294,1,891025891,732,291
735,289,1,876698022,733,286
735,325,1,876698022,733,321
735,93,2,876698604,733,92
735,147,1,876698643,733,144
735,756,2,876698684,733,742
735,100,2,876698796,733,99
735,283,2,876698796,733,280
735,741,2,876698796,733,727
736,748,2,878708465,734,734
736,181,2,878708646,734,178
736,255,1,878709025,734,252
736,323,1,878709187,734,319
736,1089,1,878709187,734,1056
736,678,1,878709212,734,664
736,254,1,878709262,734,251
736,1278,1,878709262,734,1223
737,96,2,884314715,735,95
737,174,2,884314740,735,171
737,501,1,884314922,735,492
738,260,2,875348571,736,257
738,254,2,875349111,736,251
738,100,2,875349968,736,99
738,405,2,875349968,736,401
738,42,2,875350012,736,41
738,235,2,875350764,736,232
738,665,2,875351873,736,652
738,951,2,875351906,736,924
738,697,2,875353869,736,683
738,269,2,892938254,736,266
739,286,2,886825020,737,283
739,288,1,886825083,737,285
739,168,1,886958831,737,165
739,661,2,886958831,737,648
739,197,1,886958860,737,194
739,176,1,886958938,737,173
739,55,1,886958972,737,54
739,465,1,886959039,737,456
739,969,1,886959039,737,941
740,271,2,879522753,738,268
740,873,2,879522872,738,850
740,938,1,879522906,738,911
741,173,2,891018366,739,170
741,95,2,891018400,739,94
741,692,1,891019587,739,678
741,393,2,891040490,739,389
741,228,2,891455610,739,225
741,17,2,891455711,739,16
741,226,2,891455711,739,223
741,121,2,891455766,739,118
741,281,2,891455792,739,278
741,38,2,891455832,739,37
741,118,1,891455855,739,115
741,1090,1,891455880,739,1057
741,239,2,891456040,739,236
741,367,2,891457280,739,363
741,1074,2,891457395,739,1044
741,399,2,891457456,739,395
741,1029,1,891457506,739,999
743,308,2,881277314,741,305
743,294,2,881277656,741,291
743,288,2,881277690,741,285
743,321,2,881277690,741,317
743,338,1,881277800,741,334
745,1,2,880122809,743,0
745,936,1,880122907,743,909
745,50,2,880122928,743,49
745,151,2,880122948,743,148
745,181,2,880122965,743,178
745,127,2,880122986,743,124
745,222,2,880123126,743,219
745,205,2,880123205,743,202
745,182,2,880123314,743,179
745,507,1,880123335,743,498
745,483,1,880123361,743,474
745,230,2,880123572,743,227
745,1126,2,880123572,743,1091
745,207,2,880123609,743,204
745,28,2,880123671,743,27
745,20,1,880123905,743,19
745,275,1,880123905,743,272
745,276,1,880123905,743,273
745,285,1,880123905,743,282
745,286,1,880123905,743,283
746,127,2,885075243,744,124
746,230,1,885075337,744,227
746,229,2,885075399,744,226
746,38,2,885075476,744,37
746,231,2,885075476,744,228
746,405,2,885075476,744,401
746,449,1,885075476,744,440
746,135,1,885075655,744,132
747,258,2,888638335,745,255
747,301,1,888638335,745,298
747,664,2,888638876,745,651
747,216,2,888639060,745,213
747,44,2,888639437,745,43
747,1427,2,888639594,745,1316
747,1159,2,888639685,745,1121
747,117,2,888639780,745,114
747,196,2,888640046,745,193
747,845,2,888640046,745,826
747,222,2,888640180,745,219
747,675,2,888640180,745,662
747,282,2,888640475,745,279
747,951,2,888640648,745,924
747,591,2,888640776,745,581
747,985,2,888732640,745,956
747,783,1,888732921,745,768
747,21,2,888733111,745,20
747,393,2,888733111,745,389
747,695,2,888733111,745,681
747,1170,2,888733182,745,1129
747,88,2,888733218,745,87
747,1003,1,888733314,745,973
747,1067,2,888733348,745,1037
747,726,2,888733387,745,712
747,1179,1,888733387,745,1138
747,40,2,888733480,745,39
747,1028,1,888733480,745,998
747,3,2,888733567,745,2
747,409,1,888733595,745,405
747,952,2,888733630,745,925
748,678,2,879454233,746,664
748,402,2,879454476,746,398
748,650,1,879454573,746,637
748,118,2,879455040,746,115
749,294,2,878846265,747,291
749,678,2,878846423,747,664
749,56,2,878847404,747,55
749,448,2,878847645,747,439
749,184,2,878848137,747,181
749,642,2,878848137,747,629
749,763,1,878848483,747,749
749,405,2,878848673,747,401
749,167,2,878848701,747,164
749,627,2,878848951,747,614
749,24,2,878849508,747,23
749,105,1,878849508,747,102
749,780,1,878849682,747,765
749,155,2,878849829,747,152
749,401,1,878850015,747,397
749,1133,2,878850084,747,1098
749,637,1,878850456,747,624
749,80,1,878850533,747,79
749,1263,2,878850533,747,1211
749,833,2,878850565,747,814
749,67,1,878850588,747,66
749,444,2,878850632,747,435
749,240,1,878850656,747,237
749,1034,2,878850656,747,1004
749,110,2,878850703,747,107
749,635,1,878850703,747,622
749,1013,1,881073081,747,983
750,322,2,879445877,748,318
750,1280,1,879445877,748,1225
750,683,1,879445911,748,669
750,688,1,879446013,748,674
751,300,2,887134622,749,297
751,305,2,887134730,749,302
751,748,2,887135437,749,734
751,323,1,888871598,749,319
751,689,2,888871738,749,675
751,237,2,889132301,749,234
751,591,1,889132375,749,581
751,479,2,889132776,749,470
751,11,1,889133177,749,10
751,704,2,889133429,749,690
751,856,2,889134393,749,836
751,161,2,889134419,749,158
751,381,1,889134419,749,377
751,865,2,889135211,749,842
751,417,2,889297615,749,413
751,52,2,889297948,749,51
751,118,2,889298074,749,115
751,1101,1,889298379,749,1066
751,1035,2,889298585,749,1005
751,1446,2,889298694,749,1329
752,310,1,891207791,750,307
752,315,2,891207791,750,311
752,750,2,891207791,750,736
752,887,1,891207846,750,864
752,345,1,891207898,750,341
752,286,1,891207940,750,283
752,905,2,891207940,750,881
752,268,2,891208036,750,265
752,355,2,891208036,750,351
752,1527,1,891208077,750,1387
752,325,2,891208126,750,321
752,1176,2,891208170,750,1135
752,322,1,891208261,750,318
752,323,1,891208261,750,319
752,354,2,891208261,750,350
752,289,1,891208299,750,286
752,326,1,891208299,750,322
753,300,1,891401167,751,297
753,347,2,891401167,751,343
753,750,2,891401167,751,736
753,96,1,891401366,751,95
753,179,2,891401410,751,176
753,23,2,891401665,751,22
753,180,2,891401712,751,177
753,183,1,891401798,751,180
753,195,1,891401851,751,192
754,340,2,879451010,752,336
754,243,1,879451163,752,240
754,118,2,879451775,752,115
755,299,2,882569732,753,296
755,340,1,882569732,753,336
755,881,1,882569732,753,858
755,288,1,882569771,753,285
755,327,2,882569801,753,323
755,872,1,882569844,753,849
755,289,1,882569912,753,286
755,271,1,882570023,753,268
755,875,1,882570023,753,852
756,135,2,874827884,754,132
756,9,2,874828453,754,8
756,403,2,874828826,754,399
756,118,2,874828967,754,115
756,222,2,874828967,754,219
756,399,2,874828967,754,395
756,550,2,874829152,754,540
756,554,1,874829152,754,544
756,3,1,874829174,754,2
756,197,2,874829446,754,194
756,88,1,874829743,754,87
756,642,2,874829924,754,629
756,860,1,874830068,754,838
756,983,2,874830305,754,954
756,123,2,874830344,754,120
756,1031,2,874830819,754,1001
756,138,2,874830864,754,135
756,225,1,874830864,754,222
756,409,2,874830998,754,405
756,122,1,874831227,754,119
757,678,2,888443531,755,664
757,121,2,888444635,755,118
757,931,2,888445150,755,904
757,254,2,888445172,755,251
757,743,2,888445172,755,729
757,122,1,888445218,755,119
757,231,2,888466614,755,228
757,29,2,888466683,755,28
757,771,2,888467160,755,757
757,1090,2,888467187,755,1057
757,1210,2,888467187,755,1168
757,1273,2,888467187,755,1219
757,450,2,888467205,755,441
757,561,2,888467380,755,551
757,125,2,888467666,755,122
757,658,2,888467765,755,645
758,328,1,880672321,756,324
758,289,2,880672402,756,286
758,300,2,880672402,756,297
758,748,1,880672522,756,734
758,536,2,880672747,756,527
758,689,1,881295176,756,675
758,39,2,881974931,756,38
758,276,2,881976574,756,273
758,6,2,881976919,756,5
758,955,2,881977021,756,928
758,125,2,881977205,756,122
758,676,2,881977428,756,663
758,123,1,881977872,756,120
758,356,2,881977872,756,352
758,118,2,881978326,756,115
758,62,2,881978368,756,61
758,387,2,881978495,756,383
758,542,2,881978495,756,533
758,217,2,881978805,756,214
758,597,2,881978805,756,586
758,121,2,881978864,756,118
758,716,2,881978864,756,702
758,1135,2,881980034,756,1100
758,765,2,881980315,756,751
758,155,1,882054226,756,152
758,1074,1,882054297,756,1044
758,764,1,882054519,756,750
758,105,2,882054936,756,102
758,977,2,882055347,756,949
758,1090,1,882055460,756,1057
758,343,2,882055987,756,339
758,665,2,882055988,756,652
758,346,2,883099368,756,342
758,892,2,883190434,756,869
758,750,2,883518021,756,736
759,678,2,875227742,757,664
759,127,2,875227798,757,124
759,984,2,881476642,757,955
760,300,1,875665867,758,297
760,819,1,875666064,758,801
760,928,1,875666242,758,901
760,25,2,875666317,758,24
760,65,2,875667131,758,64
760,183,2,875667366,758,180
760,216,2,875667366,758,213
760,185,2,875667450,758,182
761,678,2,876189689,759,664
761,326,1,876189715,759,322
761,988,1,876189715,759,958
761,261,1,876189871,759,258
761,289,2,876189871,759,286
761,688,2,876189913,759,674
761,877,2,876189931,759,854
761,263,1,876189950,759,260
761,457,1,876189950,759,448
761,1,1,876190094,759,0
761,508,1,876190206,759,499
761,9,2,876190235,759,8
761,477,1,876190235,759,468
761,1014,1,876190256,759,984
761,742,2,876190370,759,728
761,151,2,876190394,759,148
761,1012,1,876190417,759,982
761,455,2,876190439,759,446
761,476,2,876190468,759,467
761,214,1,876190510,759,211
761,426,1,876190510,759,421
761,201,2,876190511,759,198
761,1558,1,876190511,759,1404
761,458,1,876190623,759,449
761,1152,2,876190623,759,1115
761,1163,2,876190752,759,1124
761,1277,1,876190752,759,1222
762,332,1,878718996,760,328
762,749,1,878718996,760,735
762,116,1,878719186,760,113
762,246,1,878719294,760,243
762,1662,1,878719324,760,1444
762,111,2,878719371,760,108
762,815,1,878719406,760,797
762,934,1,878719406,760,907
763,280,2,878915015,761,277
763,1180,2,878915765,761,1139
763,819,2,878915766,761,801
763,692,2,878915958,761,678
763,955,2,878917433,761,928
763,96,2,878918213,761,95
763,111,2,878918871,761,108
763,87,2,878919019,761,86
763,737,2,878919055,761,723
763,1006,2,878919116,761,976
763,738,2,878922982,761,724
764,321,1,876233034,762,317
764,13,2,876242755,762,12
764,25,2,876243015,762,24
764,743,1,876243100,762,729
764,21,2,876243794,762,20
764,106,2,876243990,762,103
764,1057,1,876243990,762,1027
765,50,2,880346255,763,49
765,222,2,880346340,763,219
765,248,2,880346392,763,245
765,15,2,880346491,763,14
766,294,2,891307007,764,291
766,176,2,891308927,764,173
766,1021,2,891309011,764,991
766,607,1,891309090,764,594
766,526,2,891309558,764,517
766,664,2,891309589,764,651
766,214,2,891309667,764,211
766,367,2,891309878,764,363
766,739,2,891310241,764,725
766,77,2,891310313,764,76
766,90,1,891310313,764,89
766,568,2,891310313,764,558
766,380,2,891310475,764,376
766,1444,2,891310508,764,1327
768,245,2,879523820,766,242
768,340,2,879523820,766,336
768,845,2,880135875,766,826
768,151,2,880135923,766,148
768,620,2,880136410,766,607
768,1014,2,882816126,766,984
768,895,2,883750415,766,872
768,1016,2,883834814,766,986
768,15,2,883835210,766,14
768,278,2,883835210,766,275
768,284,1,883835210,766,281
768,475,2,883835210,766,466
768,597,2,883835210,766,586
768,762,1,883835210,766,748
768,763,2,883835210,766,749
768,826,1,883835210,766,808
768,1061,1,883835210,766,1031
768,235,2,885319496,766,232
769,748,2,885422821,767,734
769,597,2,885424001,767,586
769,405,2,885424214,767,401
770,302,2,875971568,768,299
770,678,2,875971655,768,664
770,240,2,875972582,768,237
771,286,2,880659235,769,283
771,154,2,880659426,769,151
771,128,2,880659482,769,125
771,203,1,880659482,769,200
771,144,1,880659507,769,141
771,82,2,880659686,769,81
771,222,2,880659709,769,219
771,79,1,880659729,769,78
771,4,1,880659748,769,3
771,241,1,880659791,769,238
771,97,1,880659919,769,96
771,197,1,880659919,769,194
771,762,2,880659970,769,748
771,98,1,880659990,769,97
771,164,2,880660025,769,161
772,259,2,877533957,770,256
772,288,2,889028773,770,285
773,354,2,888538143,771,350
773,343,1,888538175,771,339
773,887,2,888538175,771,864
773,288,2,888538199,771,285
773,260,2,888538348,771,257
773,264,2,888538348,771,261
773,895,2,888538417,771,872
773,948,2,888538438,771,921
773,855,2,888538726,771,835
773,212,2,888538980,771,209
773,588,1,888539232,771,578
773,240,2,888539273,771,237
773,56,2,888539328,771,55
773,210,2,888539398,771,207
773,367,2,888539576,771,363
773,1071,2,888539662,771,1041
773,393,2,888539711,771,389
773,384,2,888539766,771,380
773,940,2,888539766,771,913
773,1188,2,888539842,771,1146
773,11,2,888539963,771,10
773,7,2,888539992,771,6
773,184,2,888540041,771,181
773,96,2,888540063,771,95
773,431,1,888540063,771,426
773,68,2,888540091,771,67
773,403,2,888540091,771,399
773,568,1,888540091,771,558
773,233,1,888540112,771,230
773,265,2,888540146,771,262
773,924,1,888540146,771,897
773,121,2,888540163,771,118
773,231,2,888540186,771,228
773,809,1,888540186,771,791
773,541,1,888540187,771,532
773,665,2,888540187,771,652
773,27,1,888540218,771,26
773,29,2,888540218,771,28
773,720,1,888540218,771,706
773,840,1,888540218,771,821
773,234,2,888540279,771,231
773,218,2,888540295,771,215
773,559,2,888540314,771,549
773,567,2,888540352,771,557
773,769,1,888540390,771,755
773,221,2,888540448,771,218
774,258,1,888555792,772,255
774,294,1,888555792,772,291
774,300,2,888555792,772,297
774,307,1,888555792,772,304
774,795,1,888555864,772,778
774,208,2,888555897,772,205
774,56,2,888555928,772,55
774,168,1,888555964,772,165
774,210,1,888555964,772,207
774,523,2,888555964,772,514
774,514,2,888555998,772,505
774,655,1,888555998,772,642
774,367,2,888556047,772,363
774,4,2,888556090,772,3
774,8,1,888556090,772,7
774,201,2,888556090,772,198
774,393,1,888556090,772,389
774,428,1,888556090,772,423
774,72,1,888556121,772,71
774,232,2,888556121,772,229
774,692,1,888556121,772,678
774,399,2,888556169,772,395
774,401,2,888556169,772,397
774,451,1,888556169,772,442
774,712,1,888556169,772,698
774,88,1,888556193,772,87
774,386,2,888556225,772,382
774,585,1,888556225,772,575
774,94,2,888556248,772,93
774,577,2,888556278,772,567
774,515,2,888556398,772,506
774,357,2,888556434,772,353
774,318,1,888556483,772,314
774,521,2,888556483,772,512
774,510,2,888556484,772,501
774,673,2,888556545,772,660
774,22,2,888556600,772,21
774,97,2,888556600,772,96
774,423,1,888556634,772,419
774,58,1,888556698,772,57
774,429,1,888556698,772,424
774,527,1,888556698,772,518
774,197,1,888556746,772,194
774,518,1,888556746,772,509
774,54,1,888556814,772,53
774,403,2,888556814,772,399
774,732,1,888556814,772,718
774,553,2,888556867,772,543
774,537,2,888556893,772,528
774,650,1,888556893,772,637
774,708,2,888556893,772,694
774,77,1,888556938,772,76
774,402,2,888556938,772,398
774,380,2,888556968,772,376
774,468,2,888556968,772,459
774,365,2,888556989,772,361
774,89,2,888557198,772,88
774,79,2,888557236,772,78
774,230,2,888557237,772,227
774,96,2,888557276,772,95
774,947,2,888557276,772,920
774,82,2,888557277,772,81
774,550,2,888557277,772,540
774,566,2,888557277,772,556
774,229,2,888557329,772,226
774,385,1,888557329,772,381
774,568,2,888557329,772,558
774,684,1,888557329,772,670
774,226,2,888557330,772,223
774,2,1,888557383,772,1
774,231,1,888557383,772,228
774,233,2,888557383,772,230
775,270,2,891032742,773,267
776,485,2,891628656,774,476
776,947,2,891628836,774,920
776,432,1,891628977,774,427
776,525,2,891629157,774,516
776,1172,2,892051948,774,1131
776,848,2,892210321,774,829
776,422,2,892210688,774,418
776,53,2,892313246,774,52
776,241,1,892313489,774,238
776,567,2,892920351,774,557
776,145,2,892920381,774,142
777,286,2,875979137,775,283
777,100,1,875979380,775,99
777,1079,2,875979431,775,1048
777,127,1,875980391,775,124
777,153,1,875980541,775,150
778,246,2,890769632,776,243
778,196,2,890769633,776,193
778,629,2,890802784,776,616
779,509,2,875999211,777,500
780,433,1,891363826,778,428
780,183,2,891363860,778,180
780,70,2,891363969,778,69
780,98,1,891364027,778,97
780,497,2,891364059,778,488
780,603,2,891364059,778,590
781,286,1,879633495,779,283
781,878,1,879633752,779,855
781,245,2,879633862,779,242
781,258,2,879633862,779,255
781,268,2,879633862,779,265
781,288,2,879633862,779,285
781,294,1,879633862,779,291
781,322,2,879633862,779,318
782,354,2,891497698,780,350
782,1127,2,891497793,780,1092
782,346,2,891497854,780,342
782,286,2,891497906,780,283
782,902,2,891497906,780,878
782,894,2,891498031,780,871
782,260,2,891498079,780,257
782,347,1,891498139,780,343
782,271,2,891498213,780,268
782,683,1,891498213,780,669
782,259,1,891498267,780,256
782,876,2,891498267,780,853
782,342,2,891498322,780,338
782,751,2,891498323,780,737
782,321,2,891498381,780,317
782,324,2,891498381,780,320
782,1025,2,891498436,780,995
782,352,1,891498513,780,348
782,872,2,891498513,780,849
782,1527,2,891498641,780,1387
782,338,2,891498676,780,334
782,325,2,891498720,780,321
782,343,2,891498821,780,339
782,984,2,891498821,780,955
782,261,2,891498865,780,258
782,680,1,891498865,780,666
782,687,2,891498865,780,673
782,890,1,891498865,780,867
782,335,2,891498918,780,331
782,688,2,891498918,780,674
782,937,1,891498918,780,910
782,266,1,891498919,780,263
782,1399,2,891498919,780,1298
782,1405,2,891499213,780,1304
782,293,2,891499278,780,290
782,295,2,891499321,780,292
782,1643,2,891499321,780,1436
782,1012,2,891499344,780,982
782,532,2,891499370,780,523
782,992,2,891499370,780,962
782,249,2,891499399,780,246
782,1226,2,891499439,780,1183
782,1258,2,891499440,780,1207
782,1283,2,891499469,780,1228
782,1300,2,891499469,780,1242
782,1598,2,891499556,780,1414
782,1014,2,891499611,780,984
782,1088,2,891499611,780,1055
782,254,2,891499660,780,251
782,1089,2,891499660,780,1056
782,948,2,891499699,780,921
782,1138,2,891499699,780,1103
782,247,1,891499700,780,244
785,137,2,879438810,783,134
785,423,2,879438957,783,419
786,276,1,882841875,784,273
786,121,2,882842416,784,118
786,240,1,882842762,784,237
786,455,1,882842762,784,446
786,871,1,882842762,784,848
786,709,2,882843607,784,695
786,849,2,882844052,784,830
786,449,2,882844096,784,440
786,231,2,882844127,784,228
786,451,2,882844171,784,442
787,288,1,888979236,785,285
787,324,2,888979605,785,320
787,1024,2,888979606,785,994
787,352,2,888979657,785,348
787,1434,1,888979657,785,1320
787,271,1,888979721,785,268
787,350,1,888979721,785,346
787,906,1,888979721,785,882
787,342,2,888979875,785,338
788,270,2,880867855,786,267
788,301,2,880867855,786,298
788,665,2,880867890,786,652
788,174,2,880868316,786,171
788,427,2,880868316,786,422
788,431,2,880868401,786,426
788,11,2,880868513,786,10
788,182,2,880868599,786,179
788,693,2,880868705,786,679
788,432,1,880869323,786,427
788,448,2,880869355,786,439
788,630,2,880869355,786,617
788,130,2,880869396,786,127
788,433,2,880869621,786,428
788,151,1,880869908,786,148
788,708,2,880869908,786,694
788,85,1,880869984,786,84
788,629,1,880870149,786,616
788,739,2,880870149,786,725
788,637,2,880870516,786,624
788,798,2,880870827,786,781
788,370,2,880870881,786,366
788,679,2,880871057,786,665
788,363,2,880871088,786,359
788,556,2,880871128,786,546
789,286,1,880332039,787,283
789,137,2,880332189,787,134
790,294,2,884460878,788,291
790,259,2,884461023,788,256
790,748,1,884461073,788,734
790,687,1,884461162,788,673
790,1025,1,884461188,788,995
790,100,2,884461334,788,99
790,283,2,884461517,788,280
790,546,1,884461590,788,536
790,25,2,884461925,788,24
790,1016,2,884461925,788,986
790,10,1,884461988,788,9
790,931,2,884462105,788,904
790,472,2,884462416,788,463
790,235,1,884462551,788,232
790,1014,2,884462551,788,984
790,926,2,884462598,788,899
790,1244,1,884462598,788,1199
790,826,1,884462714,788,808
790,1215,1,884462737,788,1172
790,105,2,884462907,788,102
790,122,2,884462954,788,119
790,368,2,884462954,788,364
790,1040,2,884462954,788,1010
790,358,2,885154848,788,354
790,69,1,885155209,788,68
790,209,1,885155540,788,206
790,792,2,885155603,788,775
790,97,2,885155770,788,96
790,157,2,885156193,788,154
790,393,2,885156290,788,389
790,417,2,885156538,788,413
790,609,2,885156773,788,596
790,402,2,885156796,788,398
790,131,2,885156852,788,128
790,47,2,885156988,788,46
790,944,1,885157299,788,917
790,17,2,885157399,788,16
790,90,2,885157440,788,89
790,583,2,885157489,788,573
790,376,2,885157533,788,372
790,80,2,885157575,788,79
790,449,2,885157594,788,440
790,72,2,885157661,788,71
790,585,2,885157686,788,575
790,1091,1,885157728,788,1058
790,139,2,885157748,788,136
790,158,2,885157797,788,155
790,215,2,885157797,788,212
790,63,2,885157837,788,62
790,790,2,885157928,788,773
790,38,2,885157929,788,37
790,1183,2,885157956,788,1141
790,552,2,885157984,788,542
790,570,2,885158057,788,560
790,29,2,885158082,788,28
790,577,2,885158122,788,567
790,364,2,885158161,788,360
790,386,2,885158208,788,382
790,977,1,885158208,788,949
790,1185,2,885158257,788,1143
790,145,2,885158299,788,142
790,391,2,885158299,788,387
790,1132,2,885158329,788,1097
790,384,2,885158374,788,380
790,862,1,885158374,788,839
790,1471,2,885158374,788,1347
791,331,1,879447940,789,327
791,299,2,879448035,789,296
791,319,2,879448086,789,315
792,591,2,877909865,790,581
792,25,2,877909892,790,24
792,476,1,877910206,790,467
792,508,2,877910478,790,499
792,118,2,877910538,790,115
792,840,2,877910539,790,821
792,291,2,877910629,790,288
792,831,2,877910666,790,812
792,1054,1,877910666,790,1024
793,118,2,875104119,791,115
793,1187,2,875104167,791,1145
793,406,2,875104221,791,402
794,118,2,891035413,792,115
795,742,2,880556833,793,728
795,825,2,880559026,793,807
795,410,2,880559227,793,406
795,931,2,880560078,793,904
795,831,2,880560971,793,812
795,3,2,880561783,793,2
795,473,2,880561783,793,464
795,926,2,880561783,793,899
795,79,2,880568325,793,78
795,423,2,881265617,793,419
795,97,2,881529761,793,96
795,96,2,881530415,793,95
795,658,2,883251696,793,645
795,17,2,883252686,793,16
795,567,2,883253903,793,557
795,118,2,883254314,793,115
796,286,2,892610876,794,283
796,321,2,892611871,794,317
796,301,1,892611903,794,298
796,323,2,892611953,794,319
796,1,2,892660251,794,0
796,477,2,892660465,794,468
796,273,2,892660856,794,270
796,249,1,892661011,794,246
796,488,2,892662400,794,479
796,1126,1,892662826,794,1091
796,474,2,892663009,794,465
796,180,2,892675606,794,177
796,188,2,892675654,794,185
796,433,2,892675694,794,428
796,1299,2,892676043,794,1241
796,234,2,892690173,794,231
796,23,2,892690382,794,22
796,184,1,892761544,794,181
796,339,2,892874859,794,335
796,26,2,893047208,794,25
796,517,2,893047208,794,508
796,724,2,893047241,794,710
796,1048,2,893047288,794,1018
796,1297,2,893047504,794,1239
796,775,2,893047691,794,761
796,807,2,893047691,794,789
796,1074,1,893047691,794,1044
796,36,1,893047967,794,35
796,1037,2,893047967,794,1007
796,1057,2,893047967,794,1027
796,570,2,893048505,794,560
796,636,2,893048505,794,623
796,665,2,893048622,794,652
796,540,2,893048672,794,531
796,53,1,893048713,794,52
796,554,2,893048713,794,544
796,1303,2,893048713,794,1245
796,831,2,893049303,794,812
796,826,2,893049362,794,808
796,735,2,893188514,794,721
796,106,2,893194895,794,103
796,564,1,893194929,794,554
796,928,2,893194929,794,901
796,977,2,893194992,794,949
796,443,2,893202878,794,434
796,145,2,893218485,794,142
796,396,2,893218621,794,392
796,859,2,893218622,794,837
796,432,2,893218728,794,427
796,871,1,893219001,794,848
796,91,2,893219033,794,90
796,768,2,893219065,794,754
796,1001,2,893219180,794,971
797,286,2,879438957,795,283
797,327,2,879438992,795,323
797,300,2,879439031,795,297
797,243,2,879439104,795,240
797,748,1,879439105,795,734
797,328,2,879439136,795,324
797,336,2,879439136,795,332
797,307,2,879439190,795,304
797,687,2,879439190,795,673
797,948,1,879439230,795,921
797,988,1,879439230,795,958
798,14,2,875295930,796,13
798,111,1,875296109,796,108
798,473,2,875296109,796,464
798,740,2,875296148,796,726
798,197,2,875303502,796,194
798,961,1,875303558,796,933
798,707,2,875303559,796,693
798,586,2,875303765,796,576
798,280,2,875554523,796,277
798,476,2,875637822,796,467
798,563,2,875638323,796,553
798,97,1,875638474,796,96
798,451,2,875638547,796,442
798,1034,2,875638547,796,1004
798,732,2,875638759,796,718
798,231,2,875638817,796,228
798,1224,2,875638842,796,1181
798,554,2,875638884,796,544
798,781,2,875639061,796,766
798,202,2,875639095,796,199
798,444,2,875639115,796,435
798,671,2,875639115,796,658
798,953,2,875639290,796,926
798,577,2,875639441,796,567
798,98,1,875639581,796,97
798,1411,1,875639656,796,1308
798,1435,2,875639836,796,1321
798,946,2,875639889,796,919
798,719,1,875743196,796,705
798,158,2,875914604,796,155
798,940,1,875914898,796,913
798,1183,1,875915190,796,1141
798,384,2,875915279,796,380
798,1066,2,876175427,796,1036
799,748,2,879253755,797,734
800,457,2,887646168,798,448
801,681,1,890332820,799,667
802,286,2,875984532,800,283
802,327,2,875984861,800,323
802,259,2,875984938,800,256
802,330,2,875985031,800,326
802,263,1,875985032,800,260
802,447,2,875985686,800,438
802,674,2,875985768,800,661
802,396,2,875985840,800,392
802,559,2,875985840,800,549
802,669,1,875985840,800,656
803,261,1,880054754,801,258
803,754,2,880054754,801,740
803,990,2,880054792,801,960
803,271,2,880054833,801,268
803,683,1,880054885,801,669
803,748,1,880054885,801,734
803,259,2,880054971,801,256
803,322,2,880055043,801,318
803,688,1,880055043,801,674
803,264,2,880055309,801,261
804,260,2,879440787,802,257
804,292,2,879441099,802,289
804,1244,2,879441132,802,1199
804,993,2,879441236,802,963
804,624,2,879445536,802,611
804,1285,2,879445766,802,1230
804,401,2,879445798,802,397
804,412,2,879445955,802,408
804,162,2,879446037,802,159
804,451,2,879446063,802,442
805,294,1,879970879,803,291
805,338,1,879970974,803,334
805,259,1,879971049,803,256
805,322,2,879971215,803,318
805,748,2,879971215,803,734
805,337,2,881180971,803,333
805,11,2,881694423,803,10
805,22,1,881694423,803,21
805,385,1,881694693,803,381
805,431,1,881694713,803,426
805,4,2,881694798,803,3
805,161,1,881694823,803,158
805,229,2,881694885,803,226
805,241,2,881694923,803,238
805,472,2,881695040,803,463
805,554,1,881695080,803,544
805,810,2,881695105,803,792
805,288,1,881695244,803,285
805,217,2,881695293,803,214
805,413,2,881695414,803,409
805,569,1,881695414,803,559
805,145,2,881695445,803,142
805,406,1,881695445,803,402
805,418,2,881695527,803,414
805,588,2,881695527,803,578
805,99,2,881695560,803,98
805,101,2,881695591,803,100
805,946,2,881695591,803,919
805,1091,2,881695591,803,1058
805,581,2,881695793,803,571
805,148,2,881695911,803,145
805,769,2,881695999,803,755
805,216,2,881696699,803,213
805,724,2,881696699,803,710
805,202,2,881696729,803,199
805,371,1,881696759,803,367
805,88,2,881696876,803,87
805,319,2,881696876,803,315
805,155,1,881696923,803,152
805,402,2,881697013,803,398
805,739,1,881697013,803,725
805,162,2,881698069,803,159
805,423,1,881698175,803,419
805,196,2,881698778,803,193
805,214,2,881700713,803,211
805,546,2,881703473,803,536
805,204,2,881704016,803,201
805,42,2,881704193,803,41
805,21,2,881705055,803,20
805,274,2,881705055,803,271
805,105,2,881705238,803,102
805,959,2,881705327,803,931
805,235,2,881705350,803,232
805,411,2,881705350,803,407
805,90,2,881705412,803,89
805,94,1,881705412,803,93
805,866,1,881705412,803,843
805,476,1,881705592,803,467
805,1002,1,881705592,803,972
805,934,1,881705611,803,907
805,141,2,881705843,803,138
805,225,1,881705892,803,222
805,417,2,881705918,803,413
805,768,2,881706049,803,754
805,383,2,881706146,803,379
805,273,2,883415418,803,270
806,324,2,882384513,804,320
806,690,2,882384589,804,676
806,181,2,882384988,804,178
806,6,2,882385063,804,5
806,237,2,882385135,804,234
806,117,2,882385237,804,114
806,240,2,882385455,804,237
806,952,2,882385578,804,925
806,3,2,882385916,804,2
806,252,1,882386110,804,249
806,1016,1,882386110,804,986
806,227,2,882388353,804,224
806,70,2,882388628,804,69
807,543,2,892528427,805,534
807,154,2,892528919,805,151
807,381,2,892530004,805,377
807,235,1,892530173,805,232
807,843,2,892684615,805,824
807,206,2,892684932,805,203
807,94,2,892823225,805,93
807,139,2,893082430,805,136
807,1411,1,893082619,805,1308
807,1413,2,893083486,805,1309
808,325,1,883949873,806,321
809,331,2,891036809,807,327
811,289,2,886377426,809,286
812,286,2,877625109,810,283
812,245,2,877625367,810,242
812,261,1,877625461,810,258
812,289,1,877625461,810,286
813,294,1,883752051,811,291
813,898,1,883752264,811,874
813,877,1,883752331,811,854
813,304,1,883752380,811,301
813,335,2,883752417,811,331
813,342,1,883752417,811,338
814,358,2,885410837,812,354
814,201,2,885410957,812,198
815,250,1,878691779,813,247
815,993,2,878691939,813,963
815,471,2,878692149,813,462
815,240,2,878692319,813,237
815,121,2,878692344,813,118
815,472,1,878692826,813,463
815,871,1,878693073,813,848
815,514,1,878693183,813,505
815,179,2,878694228,813,176
815,135,2,878694493,813,132
815,227,2,878695147,813,224
815,582,1,878695311,813,572
815,158,2,878695645,813,155
815,1078,2,878695903,813,1047
815,615,2,878696181,813,602
815,650,2,878696213,813,637
815,386,2,878696563,813,382
815,639,2,878696681,813,626
815,616,1,878697189,813,603
815,167,2,878697705,813,164
815,391,2,878697734,813,387
815,444,2,878698407,813,435
815,131,2,878698449,813,128
815,665,2,878698525,813,652
815,210,2,878698553,813,207
815,449,2,878698661,813,440
815,675,2,878698831,813,662
815,1157,2,884267828,813,1119
815,252,2,884267891,813,249
816,259,2,891711423,814,256
816,355,2,891711472,814,351
816,687,2,891711554,814,673
817,245,2,874815789,815,242
817,289,2,874815789,815,286
817,324,2,874815789,815,320
818,300,2,891870222,816,297
818,322,2,891870389,816,318
819,258,2,879952538,817,255
819,862,2,884012586,817,839
819,255,1,884105841,817,252
821,100,2,874792285,819,99
821,106,2,874793196,819,103
822,539,2,891035086,820,530
822,588,2,891037394,820,578
823,866,2,878438179,821,843
823,1217,1,878438435,821,1174
823,128,2,878438733,821,125
823,374,1,878438733,821,370
823,219,2,878439038,821,216
823,640,1,878439315,821,627
823,450,1,878439412,821,441
823,94,2,878439497,821,93
823,227,1,878439497,821,224
824,286,2,877020871,822,283
824,319,2,877020927,822,315
825,137,2,880756224,823,134
825,283,2,880756224,823,280
825,740,2,880756320,823,726
825,1015,2,880756321,823,985
825,276,1,880756575,823,273
825,924,2,880756725,823,897
825,288,1,880931932,823,285
825,919,1,881099316,823,892
825,1013,2,881185672,823,983
825,289,1,882109193,823,286
825,1008,1,889020680,823,978
826,422,2,885690379,824,418
826,426,2,885690379,824,421
826,1409,2,885690442,824,1306
826,679,2,885690712,824,665
828,355,2,891035437,826,351
828,895,2,891035437,826,872
828,271,2,891035438,826,268
828,325,2,891035438,826,321
828,345,1,891035438,826,341
828,347,1,891035438,826,343
828,748,2,891035438,826,734
828,752,1,891035438,826,738
828,886,1,891035438,826,863
828,900,2,891035438,826,876
828,6,1,891035614,826,5
828,547,2,891035864,826,537
828,20,2,891035969,826,19
828,1196,2,891036492,826,1154
828,509,2,891036630,826,500
828,1056,1,891036630,826,1026
828,463,2,891036717,826,454
828,694,2,891036717,826,680
828,557,2,891036826,826,547
828,702,2,891037466,826,688
828,213,2,891037865,826,210
828,640,2,891037948,826,627
828,737,1,891037948,826,723
828,1622,1,891038060,826,1427
828,1268,2,891038098,826,1216
828,961,2,891038222,826,933
829,259,2,881707829,827,256
829,294,2,881707829,827,291
829,1018,2,881707829,827,988
829,1120,2,881707829,827,1085
829,14,2,881712488,827,13
829,278,1,881712488,827,275
829,733,2,887584684,827,719
829,339,2,891992167,827,335
830,56,2,891464054,828,55
830,187,2,891464054,828,184
830,751,2,891464054,828,737
830,229,2,891561937,828,226
830,231,2,891561938,828,228
830,288,1,891899475,828,285
830,413,1,891899475,828,409
830,449,2,891899475,828,440
830,820,1,891899475,828,802
830,834,1,891899475,828,815
830,29,1,891899476,828,28
830,790,1,891899476,828,773
830,696,2,892502651,828,682
831,327,2,891353940,829,323
831,258,2,891354020,829,255
831,288,1,891354043,829,285
831,307,2,891354064,829,304
831,271,2,891354225,829,268
831,749,2,891354225,829,735
831,245,2,891354226,829,242
831,301,2,891354275,829,298
831,323,2,891354275,829,319
831,748,2,891354297,829,734
831,260,2,891354371,829,257
831,358,2,891354371,829,354
831,877,2,891354391,829,854
831,687,2,891354424,829,673
831,688,1,891354424,829,674
831,208,2,891354612,829,205
831,741,2,891354726,829,727
831,129,2,891354866,829,126
833,288,2,875035487,831,285
833,289,1,875035487,831,286
833,262,2,875035534,831,259
833,328,2,875035534,831,324
833,50,2,875035718,831,49
833,108,2,875036102,831,105
833,13,2,875036139,831,12
833,591,2,875036139,831,581
833,181,2,875036321,831,178
833,546,2,875036354,831,536
833,460,2,875036827,831,451
833,1335,2,875038433,831,1263
833,118,2,875038483,831,115
833,174,2,875038529,831,171
833,467,2,875038626,831,458
833,176,2,875038850,831,173
833,522,2,875039039,831,513
833,479,2,875039101,831,470
833,1006,1,875039153,831,976
833,204,1,875039255,831,201
833,69,2,875039326,831,68
833,238,2,875124225,831,235
833,919,2,875124348,831,892
833,76,2,875124382,831,75
833,670,1,875124428,831,657
833,58,2,875124495,831,57
833,860,2,875124604,831,838
833,614,2,875131539,831,601
833,655,2,875131810,831,642
833,506,2,875132079,831,497
833,157,2,875132195,831,154
833,121,1,875133458,831,118
833,186,1,875133458,831,183
833,249,1,875133458,831,246
833,403,1,875133458,831,399
833,544,1,875133458,831,535
833,597,1,875133458,831,586
833,819,1,875133458,831,801
833,1016,1,875133458,831,986
833,1181,1,875133458,831,1140
833,517,2,875133633,831,508
833,715,2,875133633,831,701
833,26,1,875133661,831,25
833,451,1,875134016,831,442
833,152,2,875134063,831,149
833,111,2,875134110,831,108
833,428,2,875134110,831,423
833,33,2,875134264,831,32
833,940,2,875134411,831,913
833,72,2,875134724,831,71
833,824,1,875134843,831,806
833,1029,1,875134940,831,999
833,122,2,875135058,831,119
833,401,2,875135113,831,397
833,577,1,875135113,831,567
833,92,2,875135363,831,91
833,233,2,875223756,831,230
833,431,2,875223813,831,426
833,581,1,875223813,831,571
833,230,1,875223923,831,227
833,449,2,875223923,831,440
833,573,1,875223976,831,563
833,53,1,875224039,831,52
833,379,2,875224178,831,375
833,452,1,875224178,831,443
833,217,2,875224252,831,214
833,436,2,875224252,831,431
833,441,1,875224352,831,433
833,667,1,875224381,831,654
833,172,2,875224482,831,169
833,161,1,875224515,831,158
833,578,1,875224603,831,568
833,540,1,875224687,831,531
833,840,2,875297195,831,821
833,831,1,875297256,831,812
833,826,2,875297292,831,808
833,267,1,875655669,831,264
833,264,2,878077967,831,261
833,336,2,878078056,831,332
833,435,2,878078229,831,430
833,5,1,879818535,831,4
833,164,2,879818575,831,161
833,227,2,879818619,831,224
833,159,2,879818659,831,156
833,928,2,879818689,831,901
833,761,2,879818719,831,747
833,38,1,879818760,831,37
833,106,2,879818799,831,103
833,977,2,879818799,831,949
833,1210,1,879818799,831,1168
833,284,1,885328485,831,281
834,342,2,890860334,832,338
834,323,2,890860471,832,319
834,1017,2,890862563,832,987
834,13,2,890862648,832,12
834,287,2,890862974,832,284
835,288,2,891032224,833,285
835,225,2,891032898,833,222
836,288,1,885753475,834,285
836,900,2,885753475,834,876
836,322,2,885753639,834,318
836,260,2,885753691,834,257
836,289,1,885753691,834,286
836,875,1,885753752,834,852
836,419,2,885753979,834,415
836,793,2,885754029,834,776
837,16,2,875721793,835,15
837,276,1,875721843,835,273
837,250,2,875722104,835,247
837,284,1,875722104,835,281
837,763,1,875722123,835,749
838,300,2,887060778,836,297
838,121,2,887064248,836,118
838,235,2,887064515,836,232
839,319,1,875751411,837,315
839,321,1,875751470,837,317
839,260,2,875751560,837,257
839,713,2,875751774,837,699
839,7,2,875751992,837,6
839,277,2,875752082,837,274
839,410,1,875752274,837,406
839,106,2,875752317,837,103
839,118,2,875752317,837,115
840,121,2,891204056,838,118
840,96,2,891204592,838,95
841,353,1,889067253,839,349
842,344,1,891217835,840,340
842,328,2,891218192,840,324
842,754,1,891218251,840,740
842,1105,2,891218353,840,1070
843,218,2,879443297,841,215
843,447,2,879443297,841,438
843,637,2,879443297,841,624
843,219,2,879443394,841,216
843,379,2,879443394,841,375
843,436,2,879443394,841,431
843,674,2,879443394,841,661
843,53,2,879443442,841,52
843,444,2,879443442,841,435
843,452,2,879443442,841,443
843,413,2,879443482,841,409
843,569,1,879443482,841,559
843,440,1,879443544,841,432
843,441,2,879443544,841,433
843,635,2,879443544,841,622
843,563,2,879443545,841,553
843,667,2,879443597,841,654
843,159,2,879443951,841,156
843,628,2,879443951,841,615
843,77,2,879443975,841,76
843,450,2,879444083,841,441
843,298,2,879444531,841,295
843,182,2,879444739,841,179
843,188,2,879444767,841,185
843,161,2,879444891,841,158
843,403,2,879444934,841,399
843,127,2,879445059,841,124
843,194,2,879445590,841,191
843,79,2,879445658,841,78
843,582,2,879445658,841,572
843,498,2,879446155,841,489
843,173,2,879446215,841,170
843,211,2,879446255,841,208
843,427,2,879446281,841,422
843,521,2,879446359,841,512
843,654,2,879446359,841,641
843,152,2,879446458,841,149
843,435,2,879446477,841,430
843,357,2,879446502,841,353
843,603,2,879446596,841,590
843,419,2,879446617,841,415
843,197,2,879446638,841,194
843,23,2,879446696,841,22
843,95,2,879446716,841,94
843,196,2,879446806,841,193
843,216,2,879446806,841,213
843,170,1,879446863,841,167
843,504,2,879446911,841,495
843,151,2,879447007,841,148
843,482,2,879447007,841,473
843,485,2,879447007,841,476
843,52,2,879447110,841,51
843,632,2,879447146,841,619
843,186,2,879447170,841,183
843,215,2,879447214,841,212
843,432,2,879447326,841,427
844,294,2,877381206,842,291
844,260,1,877381312,842,257
844,109,2,877381850,842,106
844,405,2,877382189,842,401
844,930,2,877382574,842,903
844,1099,2,877387391,842,1064
845,303,1,885409374,843,300
845,306,2,885409374,843,303
845,1238,2,885409374,843,1193
845,1463,1,885409374,843,1340
845,1022,2,885409493,843,992
845,340,1,885409719,843,336
845,751,2,885409719,843,737
845,877,2,885409719,843,854
846,44,1,883947737,844,43
846,464,2,883947778,844,455
846,429,2,883947819,844,424
846,82,2,883948089,844,81
846,211,2,883948089,844,208
846,735,2,883948141,844,721
846,640,1,883948642,844,627
846,723,2,883948949,844,709
846,426,1,883949046,844,421
846,57,2,883949121,844,56
846,1179,2,883949121,844,1138
846,469,2,883949290,844,460
846,675,2,883949379,844,662
846,941,2,883949379,844,914
846,29,2,883949508,844,28
846,139,2,883949508,844,136
846,555,2,883949508,844,545
846,802,2,883949508,844,785
846,944,2,883949547,844,917
846,585,2,883949643,844,575
846,719,2,883949643,844,705
846,949,2,883949643,844,922
846,1078,2,883949982,844,1047
846,90,2,883950001,844,89
846,377,2,883950155,844,373
846,392,2,883950185,844,388
846,1518,2,883950186,844,1381
846,40,2,883950253,844,39
846,102,2,883950286,844,101
846,365,2,883950434,844,361
846,1220,2,883950434,844,1177
846,1439,2,883950463,844,1323
846,796,1,883950524,844,779
846,1178,2,883950524,844,1137
846,1188,2,883950524,844,1146
846,575,2,883950569,844,565
846,415,2,883950605,844,411
846,700,2,883950605,844,686
846,1239,2,883950634,844,1194
846,36,2,883950665,844,35
846,376,2,883950665,844,372
846,231,2,883950711,844,228
846,540,2,883950711,844,531
846,1133,2,883950711,844,1098
847,261,1,878774763,845,258
847,948,1,878774764,845,921
847,243,1,878774856,845,240
847,93,1,878775570,845,92
847,117,2,878775570,845,114
847,225,1,878775647,845,222
847,455,2,878775647,845,446
847,1012,1,878775729,845,982
847,763,1,878775914,845,749
847,235,1,878776020,845,232
847,756,1,878776020,845,742
847,926,1,878938792,845,899
847,410,1,878938855,845,406
847,473,2,878938855,845,464
847,685,2,878938922,845,671
847,108,2,878939266,845,105
847,240,1,878939309,845,237
847,120,1,878939349,845,117
847,411,1,878939349,845,407
847,820,1,878939375,845,802
847,456,1,878939393,845,447
847,369,1,878939451,845,365
847,185,2,878939503,845,182
847,527,2,878939536,845,518
847,234,2,878939645,845,231
847,47,2,878939700,845,46
847,1172,1,878939803,845,1131
847,180,2,878939945,845,177
847,56,1,878939975,845,55
847,238,2,878939975,845,235
847,99,2,878940013,845,98
847,89,2,878940332,845,88
847,609,2,878940383,845,596
847,157,1,878940463,845,154
847,426,2,878940485,845,421
847,39,2,878940531,845,38
847,482,2,878940584,845,473
847,161,2,878940830,845,158
847,663,2,878940954,845,650
847,1031,2,878941005,845,1001
847,88,2,878941168,845,87
848,689,1,887037584,846,675
848,640,1,887037935,846,627
848,496,2,887037980,846,487
848,432,2,887038022,846,427
848,812,2,887038475,846,794
848,65,2,887038527,846,64
848,180,2,887038993,846,177
848,495,2,887039018,846,486
848,23,2,887040025,846,22
848,42,2,887040097,846,41
848,200,2,887040302,846,197
848,69,2,887043340,846,68
848,118,2,887047243,846,115
848,1065,2,887048154,846,1035
848,162,2,887048541,846,159
850,663,2,883194768,848,650
850,56,1,883195034,848,55
850,98,1,883195192,848,97
851,687,2,874728168,849,673
851,1009,2,874789084,849,979
851,818,2,875730279,849,800
851,1051,2,875730279,849,1021
851,1277,2,875730418,849,1222
851,1094,1,875730455,849,1060
851,828,2,875730482,849,810
851,1276,2,875730601,849,1221
851,112,1,875730629,849,109
851,456,2,875730719,849,447
851,1376,2,875730895,849,1281
851,974,2,875730979,849,946
851,1291,2,875730979,849,1234
851,983,2,875731021,849,954
851,122,2,875731105,849,119
851,412,2,875731105,849,408
851,975,2,875731105,849,947
851,1034,1,875731105,849,1004
851,1540,2,875731529,849,1395
851,367,2,875731674,849,363
851,406,2,875731674,849,402
851,343,2,883148773,849,339
851,1025,2,884205201,849,995
851,332,1,884205263,849,328
851,892,2,886534635,849,869
851,681,1,886534672,849,667
851,342,2,888540205,849,338
851,264,2,890343477,849,261
851,352,1,890343544,849,348
851,1120,2,890343707,849,1085
851,682,1,890804746,849,668
852,289,2,891035325,850,286
852,1615,2,891036457,850,1423
852,827,2,891036866,850,809
852,122,1,891037738,850,119
853,301,1,879364744,851,298
853,307,1,879364744,851,304
853,340,1,879364744,851,336
853,690,2,879364744,851,676
853,331,2,879364822,851,327
853,877,2,879364882,851,854
853,748,2,879364883,851,734
853,326,2,879364955,851,322
853,294,2,879365035,851,291
853,358,1,879365035,851,354
853,330,1,879365091,851,326
854,286,1,882811742,852,283
854,294,2,882811742,852,291
854,322,1,882811865,852,318
854,328,1,882811865,852,324
854,264,1,882811888,852,261
854,289,2,882811962,852,286
854,358,2,882812001,852,354
854,1335,2,882812288,852,1263
854,1281,2,882812314,852,1226
854,619,2,882812376,852,606
854,123,1,882812406,852,120
854,1016,2,882812406,852,986
854,591,2,882812451,852,581
854,628,2,882812451,852,615
854,744,2,882812787,852,730
854,255,1,882812852,852,252
854,762,2,882812905,852,748
854,455,2,882812906,852,446
854,1047,1,882812906,852,1017
854,471,2,882812928,852,462
854,282,2,882812960,852,279
854,742,2,882812960,852,728
854,696,2,882812961,852,682
854,1284,2,882812961,852,1229
854,815,2,882812981,852,797
854,3,1,882813047,852,2
854,1011,2,882813047,852,981
854,1283,2,882813047,852,1228
854,121,1,882813074,852,118
854,291,2,882813074,852,288
854,411,2,882813143,852,407
854,472,1,882813143,852,463
854,597,2,882813143,852,586
854,20,2,882813179,852,19
854,235,2,882813179,852,232
854,290,1,882813179,852,287
854,925,2,882813179,852,898
854,118,2,882813219,852,115
854,829,2,882813287,852,811
854,823,2,882813316,852,805
854,225,1,882813364,852,222
854,840,2,882813364,852,821
854,409,2,882813421,852,405
854,1028,2,882813421,852,998
854,1061,1,882813421,852,1031
854,620,2,882813453,852,607
854,826,2,882813453,852,808
854,1013,1,882813453,852,983
854,22,2,882813691,852,21
854,522,2,882814189,852,513
854,4,2,882814436,852,3
855,170,2,879825383,853,167
855,86,2,879825462,853,85
856,347,2,891489217,854,343
856,312,2,891489450,854,309
856,326,2,891489450,854,322
857,348,1,883432170,855,344
857,304,2,883432301,855,301
857,325,1,883432397,855,321
857,988,2,883432423,855,958
857,687,1,883432470,855,673
858,323,2,879459926,856,319
858,678,1,879459926,856,664
858,181,2,879460595,856,178
859,151,2,885775067,857,148
859,257,2,885775330,857,254
859,1095,2,885775513,857,1061
860,294,2,880829225,858,291
860,890,2,880829225,858,867
860,301,2,880829226,858,298
860,332,2,880829226,858,328
860,894,2,883678286,858,871
860,393,2,885991129,858,389
861,321,1,881274504,859,317
861,179,1,881274672,859,176
861,582,2,881274796,859,572
862,405,2,879303123,860,401
862,1199,2,879303729,860,1157
862,974,2,879304113,860,946
862,208,2,879304282,860,205
862,184,2,879305097,860,181
863,303,1,889288911,861,300
863,901,1,889288972,861,877
863,898,1,889288973,861,874
863,1607,2,889288973,861,1420
863,292,2,889289067,861,289
863,347,2,889289067,861,343
863,1313,1,889289067,861,1251
863,362,1,889289122,861,358
863,538,2,889289122,861,529
863,319,2,889289123,861,315
863,879,2,889289123,861,856
863,329,2,889289157,861,325
863,330,2,889289191,861,326
863,354,1,889289191,861,350
863,259,1,889289240,861,256
863,872,2,889289240,861,849
863,908,1,889289240,861,883
863,342,1,889289241,861,338
863,683,1,889289241,861,669
863,877,1,889289277,861,854
863,322,1,889289327,861,318
863,336,2,889289327,861,332
863,1038,1,889289327,861,1008
863,299,2,889289385,861,296
863,990,1,889289385,861,960
863,749,2,889289419,861,735
863,348,2,889289456,861,344
863,885,1,889289456,861,862
863,349,1,889289457,861,345
863,350,1,889289457,861,346
863,876,2,889289457,861,853
863,352,1,889289491,861,348
863,873,2,889289491,861,850
863,1022,2,889289569,861,992
863,1434,2,889289618,861,1320
864,432,2,888887502,862,427
864,710,2,888888115,862,696
864,230,2,888889129,862,227
864,85,2,888889327,862,84
864,672,2,888889389,862,659
864,716,2,888889744,862,702
864,214,2,888890052,862,211
864,692,2,888890316,862,678
864,972,2,888890475,862,944
864,1425,2,888890475,862,1314
864,658,2,888890690,862,645
864,1208,2,888890731,862,1166
864,1303,2,888890997,862,1245
864,1112,2,888891097,862,1077
864,800,1,888891154,862,783
864,775,1,888891473,862,761
864,1033,2,888891473,862,1003
864,373,2,888892053,862,369
864,722,2,888892091,862,708
864,1140,1,888892491,862,1105
864,541,2,888892667,862,532
864,1210,2,888892667,862,1168
864,476,2,888892917,862,467
864,780,2,888892968,862,765
865,271,1,880142778,863,268
865,1,1,880143424,863,0
865,222,2,880143482,863,219
865,471,1,880143612,863,462
865,108,1,880143680,863,105
865,240,2,880143680,863,237
865,763,1,880143680,863,749
865,117,2,880143746,863,114
865,546,1,880143917,863,536
865,121,1,880144024,863,118
865,1028,1,880144024,863,998
865,111,1,880144123,863,108
865,825,1,880144123,863,807
865,845,1,880144123,863,826
865,411,1,880144153,863,407
865,676,2,880144153,863,663
865,405,2,880144194,863,401
865,21,2,880144229,863,20
865,118,1,880144229,863,115
865,472,1,880144229,863,463
865,1047,1,880144265,863,1017
865,597,1,880144368,863,586
865,928,1,880144368,863,901
865,456,1,880144405,863,447
865,926,1,880144405,863,899
865,1011,1,880144405,863,981
865,831,1,880144480,863,812
865,412,1,880144504,863,408
865,743,1,880144504,863,729
865,929,2,880144539,863,902
865,71,1,880235059,863,70
865,95,1,880235059,863,94
865,432,1,880235059,863,427
866,300,1,891220881,864,297
866,302,2,891220955,864,299
866,313,1,891220955,864,310
866,272,2,891221006,864,269
866,305,2,891221006,864,302
866,889,2,891221006,864,866
866,896,2,891221006,864,873
866,340,2,891221165,864,336
866,344,2,891221165,864,340
866,882,2,891221165,864,859
867,300,2,880077751,865,297
867,252,2,880078179,865,249
867,69,2,880078797,865,68
867,276,1,880079020,865,273
868,358,2,877103098,866,354
868,621,2,877103449,866,608
868,662,2,877103714,866,649
868,385,2,877103834,866,381
868,429,2,877103834,866,424
868,164,2,877104157,866,161
868,65,2,877104212,866,64
868,195,2,877104212,866,192
868,201,2,877104264,866,198
868,204,2,877105882,866,201
868,153,2,877105916,866,150
868,588,1,877106421,866,578
868,68,2,877106505,866,67
868,367,2,877106505,866,363
868,96,2,877107056,866,95
868,161,2,877107056,866,158
868,946,1,877107189,866,919
868,447,2,877107284,866,438
868,423,2,877107373,866,419
868,69,2,877107416,866,68
868,159,2,877107416,866,156
868,496,2,877107597,866,487
868,219,2,877107817,866,216
868,1035,1,877107817,866,1005
868,568,1,877107847,866,558
868,470,1,877107924,866,461
868,378,2,877108056,866,374
868,417,1,877108087,866,413
868,193,2,877108123,866,190
868,73,1,877108220,866,72
868,579,1,877108241,866,569
868,47,2,877108302,866,46
868,95,2,877108302,866,94
868,133,2,877108302,866,130
868,24,2,877108385,866,23
868,432,2,877108624,866,427
868,738,2,877108624,866,724
868,237,1,877108989,866,234
868,145,1,877109082,866,142
868,232,1,877109082,866,229
868,398,1,877109082,866,394
868,405,1,877109082,866,401
868,746,2,877109082,866,732
868,186,2,877109234,866,183
868,216,2,877109234,866,213
868,139,1,877109300,866,136
868,778,2,877109375,866,763
868,825,1,877109435,866,807
868,1031,1,877109535,866,1001
868,233,2,877109566,866,230
868,747,2,877109566,866,733
868,581,2,877109748,866,571
868,843,1,877109748,866,824
868,94,1,877109814,866,93
868,142,1,877109874,866,139
868,217,2,877109895,866,214
868,726,2,877109926,866,712
868,1285,2,877109926,866,1230
868,227,1,877110060,866,224
868,1188,1,877110060,866,1146
868,167,1,877110191,866,164
868,727,2,877110277,866,713
868,117,2,877110332,866,114
868,448,2,877110401,866,439
868,158,1,877111328,866,155
868,452,2,877111394,866,443
868,566,1,877111394,866,556
868,685,1,877111394,866,671
868,80,2,877111453,866,79
868,225,1,877111453,866,222
868,121,2,877111542,866,118
868,739,2,877111542,866,725
868,155,2,877111623,866,152
868,403,2,877111837,866,399
868,1480,1,877111932,866,1354
868,82,2,877112001,866,81
869,242,2,884490097,867,239
869,312,2,884490251,867,309
869,25,2,884491767,867,24
869,126,2,884491927,867,123
869,284,1,884491966,867,281
869,815,1,884491966,867,797
869,15,1,884491993,867,14
869,287,2,884492047,867,284
869,846,2,884492201,867,827
869,1163,2,884492238,867,1124
869,118,1,884492338,867,115
869,1061,1,884492377,867,1031
869,1134,1,884492445,867,1099
869,476,1,884492519,867,467
869,1047,2,884492571,867,1017
869,756,1,884492780,867,742
869,1132,1,884492906,867,1097
869,696,2,884493021,867,682
869,1079,2,884493021,867,1048
870,289,2,875050332,868,286
870,873,2,875050370,868,850
870,988,2,875050439,868,958
870,284,2,875051072,868,281
870,517,2,875680597,868,508
870,841,2,878737915,868,822
870,591,2,879270212,868,581
870,4,2,879270213,868,3
870,42,2,879270213,868,41
870,88,2,879270213,868,87
870,549,2,879270213,868,539
870,692,2,879270213,868,678
870,722,2,879270213,868,708
870,1041,2,879270213,868,1011
870,1074,2,879270213,868,1044
870,1267,2,879270213,868,1215
870,458,1,879377028,868,449
870,148,2,879377064,868,145
870,421,2,879539965,868,417
870,943,2,879714310,868,916
870,2,2,879714351,868,1
870,53,2,879714351,868,52
870,219,2,879714351,868,216
870,583,2,879714351,868,573
870,54,2,879714458,868,53
870,51,2,879714500,868,50
870,559,2,879714532,868,549
870,569,2,879714631,868,559
870,570,2,879714681,868,560
870,1044,2,879714772,868,1014
870,554,2,879714800,868,544
870,1112,2,879714902,868,1077
870,736,1,879901654,868,722
870,1042,2,879902127,868,1012
870,1208,2,879902128,868,1166
870,579,2,879902161,868,569
870,1090,2,879902161,868,1057
870,1210,1,879902161,868,1168
870,574,1,879902181,868,564
870,332,2,879982785,868,328
870,52,2,880584400,868,51
870,1006,2,881001249,868,976
870,1021,2,881001249,868,991
870,631,2,882123130,868,618
870,732,2,882123355,868,718
870,566,2,882123618,868,556
870,644,2,882123665,868,631
870,315,2,883876178,868,311
870,1014,2,884789665,868,984
870,690,2,886372265,868,676
870,255,2,889409590,868,252
871,333,2,888192202,869,329
871,272,2,888192859,869,269
871,511,2,888193177,869,502
871,947,2,888193177,869,920
871,27,2,888193275,869,26
871,190,2,888193275,869,187
871,651,2,888193337,869,638
872,347,2,888478743,870,343
872,268,1,888478864,870,265
872,1011,1,888479333,870,981
872,151,2,888479434,870,148
872,290,2,888479537,870,287
872,928,2,888479582,870,901
872,1376,2,888479603,870,1281
873,286,2,891392091,871,283
873,269,2,891392092,871,266
873,289,2,891392577,871,286
873,321,1,891392577,871,317
873,875,1,891392577,871,852
873,879,2,891392577,871,856
874,325,2,888633197,872,321
875,294,2,876464755,873,291
875,692,2,876465230,873,678
875,71,2,876465336,873,70
876,878,2,879428253,874,855
877,286,2,882675993,875,283
877,302,2,882676054,875,299
877,328,2,882676366,875,324
877,582,2,882677280,875,572
877,640,2,882677311,875,627
877,737,1,882677749,875,723
877,155,2,882677997,875,152
877,222,2,882678484,875,219
878,690,2,880865230,876,676
878,321,2,880865300,876,317
878,236,2,880865470,876,233
878,100,2,880865661,876,99
878,20,2,880865715,876,19
878,740,2,880865813,876,726
878,463,2,880866177,876,454
878,707,2,880866409,876,693
878,531,2,880866564,876,522
878,215,2,880866687,876,212
878,956,2,880866810,876,929
878,650,2,880866883,876,637
878,22,2,880866918,876,21
878,640,1,880867751,876,627
878,1121,2,880867895,876,1086
878,451,2,880869135,876,442
878,796,2,880869473,876,779
878,116,2,880869638,876,113
878,175,2,880869911,876,172
878,204,2,880869911,876,201
878,588,2,880870048,876,578
878,140,2,880870486,876,137
878,755,2,880870486,876,741
878,151,1,880870609,876,148
878,535,1,880871600,876,526
878,662,1,880871600,876,649
878,699,1,880871600,876,685
878,702,1,880871600,876,688
878,781,1,880871600,876,766
878,1041,1,880871600,876,1011
878,1065,1,880871600,876,1035
879,751,2,887760879,877,737
879,597,2,887761229,877,586
879,596,2,887761380,877,585
879,1047,2,887761477,877,1017
880,628,2,880166799,878,615
880,282,2,880166966,878,279
880,121,2,880167030,878,118
880,148,2,880167030,878,145
880,928,2,880167435,878,901
880,1001,2,880167435,878,971
880,252,2,880167551,878,249
880,930,2,880167551,878,903
880,254,2,880167599,878,251
880,1215,1,880167599,878,1172
880,161,2,880167778,878,158
880,231,2,880167880,878,228
880,1188,2,880167880,878,1146
880,227,2,880167918,878,224
880,541,2,880167918,878,532
880,29,2,880167965,878,28
880,720,2,880167965,878,706
880,721,1,880174749,878,707
880,1225,2,880174834,878,1182
880,40,2,880174904,878,39
880,21,2,880174961,878,20
880,791,2,880174961,878,774
880,396,2,880174995,878,392
880,1185,1,880174995,878,1143
880,3,1,880175023,878,2
880,67,1,880175023,878,66
880,80,2,880175050,878,79
880,585,1,880175050,878,575
880,158,2,880175128,878,155
880,571,2,880175187,878,561
880,783,1,880175187,878,768
880,41,1,880175239,878,40
880,1023,2,880175405,878,993
880,818,2,880175468,878,800
880,120,2,880175503,878,117
880,368,1,880175503,878,364
880,369,1,880175503,878,365
880,407,1,880175503,878,403
880,1052,1,880175503,878,1022
880,366,2,880242257,878,362
880,697,2,880242281,878,683
880,1058,2,880242421,878,1028
880,1518,2,880242422,878,1381
880,365,2,880242660,878,361
880,375,1,880242782,878,371
880,768,2,880242848,878,754
880,409,2,880243069,878,405
880,1415,2,880243093,878,1310
880,795,2,880243147,878,778
880,1030,2,880243147,878,1000
880,1036,2,880243147,878,1006
880,280,2,880243204,878,277
880,421,2,880243204,878,417
880,451,2,880243230,878,442
880,595,1,880243541,878,584
880,976,2,880243588,878,948
880,245,2,892958350,878,242
880,243,2,892958608,878,240
881,289,1,876535544,879,286
881,243,2,876535663,879,240
881,678,2,876535695,879,664
881,225,2,876536012,879,222
881,151,2,876536241,879,148
881,412,1,876536523,879,408
881,473,2,876536636,879,464
881,1033,1,876536745,879,1003
881,685,2,876536877,879,671
881,112,2,876536978,879,109
881,1089,1,876537011,879,1056
881,820,2,876537285,879,802
881,175,2,876537418,879,172
881,238,1,876537679,879,235
881,705,1,876537679,879,691
881,140,2,876538098,879,137
881,417,2,876538131,879,413
881,200,2,876538185,879,197
881,582,1,876538465,879,572
881,77,2,876538627,879,76
881,542,1,876538763,879,533
881,434,2,876538889,879,429
881,94,2,876539020,879,93
881,849,2,876539051,879,830
881,29,2,876539091,879,28
881,1540,1,876539091,879,1395
881,400,2,876539128,879,396
881,679,1,876539129,879,665
881,451,1,876539186,879,442
881,70,2,876539220,879,69
881,72,2,876539220,879,71
881,559,2,876539220,879,549
881,401,1,876539260,879,397
881,575,2,876539330,879,565
881,1133,2,876539360,879,1098
881,375,1,876539387,879,371
881,795,2,876539418,879,778
881,1177,1,876539418,879,1136
881,53,2,876539448,879,52
881,812,2,876539505,879,794
881,441,2,876539549,879,433
881,1411,2,876539595,879,1308
881,554,1,876539636,879,544
881,1480,2,876539636,879,1354
881,286,2,876961961,879,283
881,56,1,876962037,879,55
881,323,2,879051487,879,319
881,14,1,879051971,879,13
881,826,1,879052109,879,808
881,240,1,879052141,879,237
882,815,2,879861678,880,797
882,25,2,879862652,880,24
882,546,2,879863031,880,536
882,929,1,879863176,880,902
882,412,1,879863735,880,408
882,122,2,879863831,880,119
882,407,2,879863831,880,403
882,21,2,879863909,880,20
882,841,1,879863909,880,822
882,1052,2,879864125,880,1022
882,33,2,879868197,880,32
883,271,2,891692116,881,268
883,19,2,891692657,881,18
883,213,2,891693058,881,210
883,396,2,891695743,881,392
883,739,2,891696715,881,725
883,11,2,891696824,881,10
883,385,1,891696999,881,381
883,69,2,891717356,881,68
883,147,2,891717419,881,144
883,496,2,891755066,881,487
883,349,2,892557605,881,345
884,323,2,876857745,882,319
884,300,1,876857789,882,297
884,1009,2,876859024,882,979
884,640,1,876859161,882,627
885,245,2,885712224,883,242
885,290,1,885712921,883,287
885,756,2,885713101,883,742
885,1061,2,885713138,883,1031
885,153,2,885713357,883,150
885,209,2,885713502,883,206
885,72,1,885713631,883,71
885,386,2,885713680,883,382
885,451,2,885713716,883,442
885,94,2,885713833,883,93
885,383,2,885713939,883,379
885,1030,1,885713975,883,1000
885,135,2,885714159,883,132
885,179,1,885714226,883,176
885,65,2,885714336,883,64
885,29,1,885714487,883,28
885,582,2,885714487,883,572
885,1311,2,885714582,883,1249
886,512,1,876031526,884,503
886,160,1,876031550,884,157
886,546,1,876031550,884,536
886,159,2,876031695,884,156
886,20,2,876031739,884,19
886,27,2,876031829,884,26
886,212,2,876031897,884,209
886,69,2,876031932,884,68
886,772,1,876031973,884,758
886,582,1,876032029,884,572
886,941,2,876032072,884,914
886,433,2,876032165,884,428
886,231,2,876032247,884,228
886,273,2,876032274,884,270
886,381,2,876032308,884,377
886,1324,2,876032308,884,1257
886,685,2,876032378,884,671
886,53,1,876032422,884,52
886,466,1,876032577,884,457
886,1093,1,876032654,884,1059
886,118,1,876032673,884,115
886,179,2,876032673,884,176
886,396,2,876032739,884,392
886,217,2,876032776,884,214
886,826,1,876032929,884,808
886,799,1,876032973,884,782
886,623,1,876033069,884,610
886,230,2,876033106,884,227
886,43,2,876033134,884,42
886,559,2,876033265,884,549
886,726,1,876033340,884,712
886,697,1,876033368,884,683
886,715,1,876033434,884,701
886,371,1,876033435,884,367
886,29,1,876033576,884,28
886,117,2,876033624,884,114
886,1074,2,876033645,884,1044
886,1046,2,876033755,884,1016
886,783,1,876033784,884,768
886,388,1,876033850,884,384
886,1095,2,876033897,884,1061
886,1303,1,876033987,884,1245
886,1209,2,876034041,884,1167
886,1421,2,876034174,884,1313
887,718,1,881377812,885,704
887,100,2,881377854,885,99
887,258,1,881377893,885,255
887,1278,2,881378087,885,1223
887,9,2,881378118,885,8
887,1012,1,881378153,885,982
887,243,1,881378370,885,240
887,274,1,881378478,885,271
887,25,2,881378537,885,24
887,477,1,881378570,885,468
887,1079,1,881378773,885,1048
887,13,1,881378928,885,12
887,932,2,881379009,885,905
887,476,1,881379059,885,467
887,832,2,881379059,885,813
887,929,1,881379059,885,902
887,826,1,881379239,885,808
887,183,1,881379449,885,180
887,1473,1,881379522,885,1349
887,491,2,881379566,885,482
887,568,2,881379566,885,558
887,699,1,881379566,885,685
887,655,1,881379609,885,642
887,419,2,881379748,885,415
887,423,2,881379954,885,419
887,1063,1,881380404,885,1033
887,416,2,881380539,885,412
887,697,1,881380623,885,683
887,200,1,881380883,885,197
887,142,1,881381207,885,139
887,548,1,881381555,885,538
889,338,1,880176666,887,334
889,749,2,880176718,887,735
889,676,2,880176874,887,663
889,279,2,880177104,887,276
889,831,2,880177387,887,812
889,411,2,880177541,887,407
889,405,2,880177567,887,401
889,1079,2,880177647,887,1048
889,819,2,880177738,887,801
889,1014,2,880177778,887,984
889,687,2,880177797,887,673
889,209,2,880178019,887,206
889,650,2,880178130,887,637
889,219,2,880178131,887,216
889,514,1,880178158,887,505
889,382,2,880178248,887,378
889,649,2,880178511,887,636
889,789,2,880179508,887,772
889,732,2,880179612,887,718
889,1103,2,880180071,887,1068
889,135,2,880180101,887,132
889,488,2,880180265,887,479
889,684,2,880180376,887,670
889,509,2,880180650,887,500
889,39,2,880181191,887,38
889,647,2,880181191,887,634
889,731,2,880181191,887,717
889,212,2,880181225,887,209
889,203,2,880181275,887,200
889,290,2,880181601,887,287
889,627,2,880181646,887,614
890,667,2,882404652,888,654
890,452,2,882404723,888,443
890,229,2,882405059,888,226
890,265,2,882405059,888,262
890,451,2,882575274,888,442
890,101,2,882915661,888,100
890,118,2,882915661,888,115
890,121,2,882915661,888,118
890,211,2,882915661,888,208
890,403,1,882915661,888,399
890,448,2,882915661,888,439
890,449,1,882915661,888,440
890,739,2,882915661,888,725
890,186,2,882916276,888,183
890,516,2,882916537,888,507
892,143,2,886608238,890,140
892,214,2,886608897,890,211
892,155,2,886609435,890,152
892,763,2,886609726,890,749
892,90,2,886610078,890,89
892,420,2,886610267,890,416
892,849,2,886610341,890,830
892,826,2,886610523,890,808
892,29,2,886610565,890,28
892,449,2,886610565,890,440
892,765,2,886610840,890,751
892,422,1,886610996,890,418
892,542,1,886611023,890,533
892,1091,2,886611079,890,1058
892,1219,2,886611079,890,1176
893,323,2,874827595,891,319
893,260,2,874828296,891,257
893,358,2,874828296,891,354
893,1245,2,874828812,891,1200
893,976,1,874828981,891,948
893,122,2,874829249,891,119
894,289,2,879896109,892,286
894,260,2,879896268,892,257
894,323,2,879896268,892,319
894,25,2,880416137,892,24
894,109,1,880416219,892,106
894,290,2,880416285,892,287
894,271,2,880993335,892,268
894,343,2,883518895,892,339
894,1089,2,885428261,892,1056
894,885,2,887044250,892,862
895,885,2,879437868,893,862
896,300,2,887157234,894,297
896,302,2,887157234,894,299
896,271,1,887157278,894,268
896,260,2,887157732,894,257
896,325,1,887157732,894,321
896,789,2,887157978,894,772
896,11,2,887158333,894,10
896,282,2,887158555,894,279
896,28,2,887158738,894,27
896,39,2,887158739,894,38
896,274,2,887158865,894,271
896,468,2,887158866,894,459
896,508,2,887159035,894,499
896,425,2,887159110,894,420
896,1101,2,887159110,894,1066
896,23,2,887159145,894,22
896,117,2,887159173,894,114
896,19,2,887159211,894,18
896,632,2,887159261,894,619
896,1221,2,887159261,894,1178
896,1214,2,887159302,894,1171
896,387,2,887159368,894,383
896,91,2,887159369,894,90
896,596,2,887159426,894,585
896,147,2,887159464,894,144
896,202,2,887159464,894,199
896,631,2,887159464,894,618
896,742,1,887159464,894,728
896,133,2,887159502,894,130
896,470,2,887159531,894,461
896,175,2,887159603,894,172
896,568,2,887159603,894,558
896,179,2,887159630,894,176
896,713,2,887159630,894,699
896,371,2,887159723,894,367
896,455,2,887159723,894,446
896,739,2,887159723,894,725
896,380,2,887159748,894,376
896,118,2,887159805,894,115
896,379,2,887159805,894,375
896,86,1,887159926,894,85
896,708,2,887159926,894,694
896,820,2,887159926,894,802
896,51,2,887159951,894,50
896,582,2,887160040,894,572
896,637,2,887160041,894,624
896,1267,2,887160165,894,1215
896,1248,2,887160187,894,1201
896,33,2,887160209,894,32
896,549,2,887160209,894,539
896,405,2,887160270,894,401
896,92,1,887160296,894,91
896,1011,2,887160296,894,981
896,1622,2,887160296,894,1427
896,674,2,887160446,894,661
896,1217,2,887160446,894,1174
896,403,1,887160554,894,399
896,1028,2,887160554,894,998
896,212,2,887160582,894,209
896,1046,2,887160583,894,1016
896,54,2,887160606,894,53
896,148,2,887160606,894,145
896,233,2,887160631,894,230
896,578,2,887160653,894,568
896,768,2,887160653,894,754
896,572,2,887160676,894,562
896,576,2,887160677,894,566
896,640,2,887160701,894,627
896,642,2,887160702,894,629
896,426,2,887160722,894,421
896,46,2,887160750,894,45
896,231,1,887160771,894,228
896,809,2,887160771,894,791
896,411,2,887160842,894,407
896,1183,2,887160842,894,1141
896,384,2,887160860,894,380
896,159,2,887160880,894,156
896,550,2,887160880,894,540
896,1231,1,887160880,894,1187
896,29,2,887160916,894,28
896,80,2,887160938,894,79
896,546,2,887160938,894,536
896,810,1,887160958,894,792
896,1284,2,887160958,894,1229
896,67,2,887160983,894,66
896,472,2,887160983,894,463
896,798,2,887160983,894,781
896,139,2,887161033,894,136
896,1220,1,887161033,894,1177
896,399,1,887161151,894,395
896,1042,2,887161151,894,1012
896,281,2,887161172,894,278
896,802,2,887161172,894,785
896,217,2,887161198,894,214
896,235,1,887161198,894,232
896,570,2,887161198,894,560
896,554,2,887161199,894,544
896,763,2,887161199,894,749
896,672,2,887161218,894,659
896,473,2,887161393,894,464
896,1074,2,887161393,894,1044
896,1222,2,887161393,894,1179
896,145,1,887161413,894,142
896,562,2,887161448,894,552
896,398,2,887161469,894,394
896,575,2,887161469,894,565
896,840,2,887161469,894,821
896,62,2,887161488,894,61
896,569,2,887161488,894,559
896,225,1,887161518,894,222
896,1249,2,887161518,894,1202
896,476,2,887161541,894,467
896,824,1,887161541,894,806
896,1004,2,887161542,894,974
896,849,2,887161563,894,830
896,801,2,887161564,894,784
896,450,1,887161728,894,441
896,752,1,887161916,894,738
896,27,1,887235026,894,26
896,53,1,887235026,894,52
896,719,1,887235026,894,705
896,720,1,887235026,894,706
896,1471,1,887235026,894,1347
896,20,1,887235027,894,19
896,458,1,887235027,894,449
896,696,1,887235027,894,682
897,202,2,879990683,895,199
897,11,2,879990744,895,10
897,371,2,879991007,895,367
897,56,2,879991037,895,55
897,708,2,879991226,895,694
897,684,2,879991524,895,670
897,566,2,879991976,895,556
897,239,2,879992310,895,236
897,25,2,879993346,895,24
897,368,1,879993886,895,364
897,717,1,879993912,895,703
898,300,2,888294375,896,297
898,286,2,888294408,896,283
898,328,2,888294567,896,324
898,243,1,888294707,896,240
898,312,2,888294707,896,309
899,250,2,884120105,897,247
899,147,2,884120106,897,144
899,597,2,884120270,897,586
899,546,2,884120317,897,536
899,827,2,884120388,897,809
899,717,1,884120967,897,703
899,179,2,884121267,897,176
899,238,2,884121424,897,235
899,188,2,884121720,897,185
899,658,2,884121911,897,645
899,356,2,884122087,897,352
899,414,2,884122228,897,410
899,640,1,884122228,897,627
899,229,2,884122254,897,226
899,151,2,884122367,897,148
899,51,1,884122387,897,50
899,410,1,884122535,897,406
899,747,1,884122535,897,733
899,431,1,884122645,897,426
900,288,2,877832113,898,285
900,325,1,877832320,898,321
900,121,2,877832803,898,118
900,9,2,877832868,898,8
900,864,2,877833000,898,841
900,117,2,877833029,898,114
900,696,2,877833195,898,682
900,744,2,877833195,898,730
900,471,2,877833259,898,462
900,284,2,877833287,898,281
900,410,2,877833326,898,406
900,458,2,877833326,898,449
900,280,2,877833364,898,277
900,1132,1,877833364,898,1097
900,1028,2,877833393,898,998
900,871,1,877833443,898,848
900,130,1,877833512,898,127
900,834,1,877833536,898,815
900,493,2,877833603,898,484
900,200,2,877833632,898,197
900,136,2,877833712,898,133
900,429,2,877833747,898,424
901,13,1,877129839,899,12
901,243,2,877129839,899,240
901,259,2,877129839,899,256
901,321,1,877129839,899,317
901,688,2,877129839,899,674
901,826,2,877129839,899,808
901,20,1,877130406,899,19
901,56,1,877130999,899,55
901,403,2,877131086,899,399
901,636,2,877131147,899,623
901,91,1,877131817,899,90
902,294,2,879463212,900,291
902,268,1,879463373,900,265
902,301,2,879463373,900,298
902,271,2,879463433,900,268
902,1016,2,879464783,900,986
902,298,2,879465016,900,295
902,246,1,879465073,900,243
902,295,2,879465128,900,292
902,989,2,879465336,900,959
903,7,2,891031259,901,6
903,248,2,891031309,901,245
903,1067,2,891031412,901,1037
903,845,1,891031450,901,826
903,544,2,891031470,901,535
903,595,2,891031714,901,584
903,928,2,891031749,901,901
903,977,1,891031810,901,949
903,106,2,891031883,901,103
903,931,2,891032038,901,904
903,412,2,891032077,901,408
903,120,2,891032101,901,117
903,254,2,891032101,901,251
903,96,2,891032842,901,95
903,746,2,891033302,901,732
903,11,2,891033335,901,10
904,328,2,879735136,902,324
904,202,2,879735584,902,199
904,762,2,879735617,902,748
904,1041,2,879735710,902,1011
904,90,2,879735731,902,89
905,319,2,884983463,903,315
905,748,2,884983627,903,734
906,1009,2,879435212,904,979
907,340,2,880158425,905,336
907,619,2,880159038,905,606
907,260,2,885860511,905,257
908,322,2,879722169,906,318
908,192,2,879722489,906,189
908,200,2,879722642,906,197
908,147,2,879722932,906,144
910,181,1,880821033,908,178
910,250,1,880821033,908,247
910,298,2,880821124,908,295
910,628,1,880821319,908,615
910,121,1,880821492,908,118
910,307,2,880821815,908,304
910,332,2,880821834,908,328
910,245,2,881420474,908,242
910,1025,2,881420507,908,995
910,3,2,881421019,908,2
910,252,2,881421035,908,249
910,291,1,881421090,908,288
910,831,1,881421142,908,812
910,254,1,881421240,908,251
911,313,2,892838135,909,310
911,98,2,892839015,909,97
911,238,2,892839970,909,235
911,451,2,892840253,909,442
911,240,1,892840297,909,237
911,82,2,892840888,909,81
911,374,1,892841118,909,370
912,268,2,875965695,910,265
912,661,2,875965981,910,648
912,56,2,875966027,910,55
912,204,2,875966202,910,201
912,520,2,875966429,910,511
913,268,2,880753802,911,265
913,301,1,880753802,911,298
913,288,2,880755823,911,285
913,69,2,880757553,911,68
913,1,2,880758579,911,0
913,8,2,880825916,911,7
913,465,2,880826366,911,456
913,164,2,880826620,911,161
913,210,2,880826706,911,207
913,531,2,880946475,911,522
913,1240,2,881037004,911,1195
913,260,1,881037229,911,257
913,343,1,881037310,911,339
913,209,2,881367150,911,206
913,596,1,881367210,911,585
913,530,2,881367312,911,521
913,227,1,881368310,911,224
913,235,1,881725960,911,232
914,451,2,887122085,912,442
914,732,2,887123465,912,718
914,1355,1,887123886,912,1270
915,301,2,891030032,913,298
915,305,2,891030070,913,302
915,346,2,891030070,913,342
915,896,2,891030070,913,873
915,1038,2,891030070,913,1008
915,258,2,891030108,913,255
916,678,2,880843249,914,664
916,748,2,880843249,914,734
916,24,2,880843419,914,23
916,117,2,880843509,914,114
916,295,2,880843551,914,292
916,147,1,880843578,914,144
916,405,2,880843579,914,401
916,820,2,880843636,914,802
916,284,2,880843666,914,281
916,597,2,880843727,914,586
916,685,2,880843727,914,671
916,825,1,880843750,914,807
916,476,2,880843775,914,467
916,931,1,880843798,914,904
916,1079,2,880843811,914,1048
916,118,2,880843838,914,115
916,948,2,880843838,914,921
916,252,2,880843864,914,249
916,280,2,880843864,914,277
916,546,2,880843864,914,536
916,831,1,880843864,914,812
916,148,2,880843892,914,145
916,369,2,880843906,914,365
916,930,2,880843934,914,903
916,978,1,880843949,914,950
916,720,2,880844920,914,706
916,550,2,880844985,914,540
916,578,1,880844985,914,568
916,393,2,880845067,914,389
916,85,2,880845115,914,84
916,33,2,880845135,914,32
916,380,2,880845206,914,376
916,541,2,880845206,914,532
916,1208,2,880845249,914,1166
916,944,2,880845476,914,917
916,1206,2,880845543,914,1164
916,755,2,880845574,914,741
916,569,2,880845606,914,559
916,1217,1,880845606,914,1174
916,51,2,880845658,914,50
916,1046,2,880845722,914,1016
917,751,2,882910409,915,737
917,328,2,882910506,915,324
917,879,2,882910604,915,856
917,312,2,882910627,915,309
917,1014,2,882911246,915,984
917,3,1,882911567,915,2
917,121,1,882911567,915,118
918,340,1,891986174,916,336
918,1265,1,891986494,916,1213
918,135,1,891986634,916,132
918,433,2,891987082,916,428
918,514,2,891987082,916,505
918,216,2,891987205,916,213
918,430,1,891987205,916,425
918,133,1,891987267,916,130
918,153,1,891987291,916,150
918,204,1,891987317,916,201
918,197,2,891987387,916,194
918,154,2,891987411,916,151
918,211,2,891987752,916,208
918,88,2,891988276,916,87
918,179,2,891988337,916,176
918,72,1,891988491,916,71
918,417,2,891988521,916,413
918,289,2,891988559,916,286
919,321,2,875288164,917,317
919,245,2,875288253,917,242
919,678,2,875288253,917,664
919,748,1,875288253,917,734
919,328,2,875288304,917,324
919,687,1,875288362,917,673
919,875,1,875288362,917,852
919,989,2,875288418,917,959
919,878,2,875288443,917,855
919,137,2,875288749,917,134
919,919,2,875288805,917,892
919,864,2,875288848,917,841
919,244,2,875289025,917,241
919,412,2,875289061,917,408
919,458,2,875289212,917,449
919,21,2,875289356,917,20
919,1134,2,875289356,917,1099
919,976,2,875289453,917,948
919,20,1,875289499,917,19
919,815,2,875289533,917,797
919,1315,2,875289611,917,1252
919,85,2,875372947,917,84
919,168,1,875373074,917,165
919,193,2,875373471,917,190
919,88,2,875373621,917,87
919,564,2,875373770,917,554
919,4,1,875374032,917,3
919,1136,2,875374269,917,1101
919,681,2,875920347,917,667
919,689,2,885059506,917,675
920,286,2,884219953,918,283
921,245,1,879379361,919,242
921,304,2,879379428,919,301
921,240,1,879379621,919,237
921,275,1,879379642,919,272
921,282,2,879379714,919,279
921,471,2,879379821,919,462
921,1060,2,879379942,919,1030
921,1047,1,879380015,919,1017
921,472,2,879380057,919,463
921,411,2,879380142,919,407
921,929,1,879380142,919,902
921,1279,2,879380142,919,1224
921,760,2,879380164,919,746
921,762,2,879380237,919,748
921,369,1,879380328,919,365
921,122,2,879380433,919,119
921,410,2,879380957,919,406
921,560,2,879380981,919,550
921,1317,2,879380981,919,1254
921,276,1,879381004,919,273
921,128,1,879381287,919,125
921,190,2,884673602,919,187
921,87,2,884673673,919,86
921,97,2,884673891,919,96
922,288,2,891445064,920,285
922,56,1,891447628,920,55
922,1157,2,891447853,920,1119
922,155,2,891448473,920,152
922,212,2,891448473,920,209
922,219,1,891449901,920,216
922,447,1,891449901,920,438
922,655,2,891451327,920,642
922,235,2,891452407,920,232
922,135,2,891453820,920,132
922,214,2,891454071,920,211
922,375,2,891454552,920,371
923,1001,1,880388173,921,971
924,322,2,884337164,922,318
924,300,2,884337243,922,297
924,276,2,884371386,922,273
924,1036,2,886759690,922,1006
924,117,2,887421305,922,114
925,948,2,884717790,923,921
925,773,1,884717862,923,759
925,200,2,884717963,923,197
927,274,1,879181133,925,271
927,278,1,879181133,925,275
927,105,1,879181879,925,102
927,456,2,879182709,925,447
927,412,1,879182833,925,408
927,1095,2,879182939,925,1061
927,410,1,879190223,925,406
927,560,2,879191978,925,550
927,1178,2,879192052,925,1137
927,542,2,879193676,925,533
927,132,2,879194268,925,129
927,99,2,879195472,925,98
927,780,1,879195783,925,765
927,227,2,879196283,925,224
927,401,2,879196762,925,397
927,217,1,879196955,925,214
927,82,2,879197269,925,81
927,158,2,879198608,925,155
927,94,2,879198972,925,93
929,284,2,878402162,927,281
929,276,2,879640184,927,273
929,431,1,879640225,927,426
929,271,2,880817603,927,268
929,31,2,880817708,927,30
929,433,2,880817753,927,428
930,288,1,879534001,928,285
930,50,2,879534410,928,49
930,455,1,879534692,928,446
930,1010,2,879534692,928,980
930,151,2,879534724,928,148
930,148,1,879534886,928,145
930,16,1,879534925,928,15
930,24,1,879535015,928,23
930,1048,2,879535160,928,1018
930,235,2,879535207,928,232
930,240,1,879535207,928,237
930,411,1,879535272,928,407
930,143,2,879535462,928,140
930,523,2,879535574,928,514
930,705,2,879535609,928,691
931,1022,1,891036003,929,992
931,355,2,891036148,929,351
931,121,2,891036604,929,118
931,250,2,891036673,929,247
931,290,2,891036883,929,287
932,890,1,891248778,930,867
932,640,2,891249239,930,627
932,64,2,891250059,930,63
932,841,2,891250317,930,822
932,235,2,891250770,930,232
932,385,2,891251331,930,381
932,550,2,891251331,930,540
932,541,1,891251421,930,532
932,679,2,891251538,930,665
932,1139,2,891251562,930,1104
932,448,2,891251588,930,439
932,67,2,891251611,930,66
932,562,2,891251611,930,552
932,38,2,891251696,930,37
932,379,2,891251798,930,375
932,755,2,891251822,930,741
932,77,2,891251869,930,76
932,109,2,891251891,930,106
932,225,2,891251985,930,222
933,475,2,874853605,931,466
933,42,1,874853635,931,41
933,238,2,874853819,931,235
933,1070,2,874854031,931,1040
933,181,2,874854100,931,178
933,97,2,874854161,931,96
933,219,1,874854217,931,216
933,433,1,874854251,931,428
933,284,2,874854294,931,281
933,21,1,874854383,931,20
933,164,2,874854461,931,161
933,25,2,874854589,931,24
933,209,2,874854678,931,206
933,447,2,874854678,931,438
933,202,2,874854745,931,199
933,222,1,874854783,931,219
933,823,2,874854813,931,805
933,226,2,874854874,931,223
933,627,2,874854874,931,614
934,269,2,891188367,932,266
934,818,1,891190288,932,800
934,209,1,891190695,932,206
934,186,2,891190854,932,183
934,183,2,891190903,932,180
934,1065,2,891191108,932,1035
934,216,1,891191511,932,213
934,179,2,891191600,932,176
934,234,2,891191875,932,231
934,526,2,891192197,932,517
934,393,2,891193013,932,389
934,581,2,891193814,932,571
934,786,1,891194089,932,770
934,157,2,891194498,932,154
934,1311,1,891195713,932,1249
935,257,2,884472110,933,254
935,9,1,884472352,933,8
935,620,2,884472627,933,607
936,898,1,886831535,934,874
936,748,2,886831738,934,734
936,243,2,886831820,934,240
936,282,2,886832714,934,279
936,1079,1,886832714,934,1048
936,628,1,886832758,934,615
936,535,2,886833052,934,526
936,405,2,886833053,934,401
936,252,2,886833099,934,249
936,866,2,886833099,934,843
936,696,2,886833191,934,682
936,827,2,886833191,934,809
936,1258,2,886833281,934,1207
936,717,2,886833325,934,703
936,1023,2,886833661,934,993
937,268,1,876762200,935,265
937,301,1,876768812,935,298
937,326,1,876768813,935,322
937,988,2,876768983,935,958
937,19,1,876769436,935,18
937,225,2,876769436,935,222
937,294,1,876769480,935,291
938,259,2,891356282,936,256
938,289,1,891356282,936,286
938,328,2,891356282,936,324
938,748,2,891356282,936,734
938,255,1,891356329,936,252
938,248,1,891356390,936,245
938,237,2,891356549,936,234
938,871,2,891356549,936,848
938,281,2,891356594,936,278
938,15,2,891356615,936,14
938,477,1,891356702,936,468
938,410,1,891356780,936,406
938,845,1,891356780,936,826
938,284,2,891356827,936,281
938,240,2,891356847,936,237
938,929,2,891356966,936,902
938,595,2,891357042,936,584
938,1013,2,891357042,936,983
938,717,2,891357060,936,703
938,829,1,891357085,936,811
938,105,1,891357137,936,102
938,235,1,891357137,936,232
938,1033,2,891357137,936,1003
939,266,2,880260636,937,263
939,680,2,880260636,937,666
939,890,2,880260636,937,867
940,319,2,884800944,938,315
940,264,1,884801053,938,261
940,271,2,884801053,938,268
940,358,1,884801227,938,354
940,343,2,884801246,938,339
940,69,2,885921265,938,68
940,1401,1,885921371,938,1300
940,171,2,885921401,938,168
940,215,2,885921451,938,212
940,116,2,885921741,938,113
940,792,2,885921892,938,775
940,164,2,885921915,938,161
940,549,2,885921915,938,539
940,153,2,885921953,938,150
940,610,1,885921953,938,597
940,4,2,885922040,938,3
941,358,2,875048581,939,354
941,222,2,875049038,939,219
942,269,2,891282396,940,266
943,1067,2,875501756,941,1037
943,412,2,875501856,941,408
943,1028,2,875502096,941,998
943,756,2,875502146,941,742
943,1047,2,875502146,941,1017
943,284,2,875502192,941,281
943,831,2,875502283,941,812
943,1011,2,875502560,941,981
943,122,1,875502576,941,119
943,595,2,875502597,941,584
943,168,2,888638897,941,165
943,419,2,888638920,941,415
943,202,2,888639170,941,199
943,421,2,888639351,941,417
943,185,2,888639370,941,182
943,97,2,888639445,941,96
943,724,1,888639478,941,710
943,468,2,888639575,941,459
943,393,2,888639638,941,389
943,402,2,888639702,941,398
943,609,2,888639702,941,596
943,941,1,888639725,941,914
943,443,2,888639746,941,434
943,549,1,888639772,941,539
943,72,2,888639814,941,71
943,401,1,888639867,941,397
943,399,1,888639886,941,395
943,139,1,888640027,941,136
943,415,1,888640027,941,411
943,80,2,888640048,941,79
943,720,1,888640048,941,706
943,51,1,888640088,941,50
943,785,2,888640088,941,769
943,570,1,888640125,941,560
943,231,2,888640186,941,228
943,386,1,888640186,941,382
943,569,2,888640186,941,559
943,585,1,888640250,941,575
943,391,2,888640291,941,387
